tree
version=v4
num_class=1
num_tree_per_iteration=1
label_index=0
max_feature_idx=299
objective=binary sigmoid:1
feature_names=NAME_CONTRACT_TYPE CODE_GENDER FLAG_OWN_CAR CNT_CHILDREN AMT_INCOME_TOTAL AMT_CREDIT AMT_ANNUITY AMT_GOODS_PRICE NAME_INCOME_TYPE NAME_EDUCATION_TYPE NAME_FAMILY_STATUS REGION_POPULATION_RELATIVE DAYS_BIRTH DAYS_EMPLOYED DAYS_REGISTRATION DAYS_ID_PUBLISH OWN_CAR_AGE FLAG_EMP_PHONE FLAG_WORK_PHONE FLAG_PHONE FLAG_EMAIL CNT_FAM_MEMBERS REGION_RATING_CLIENT REGION_RATING_CLIENT_W_CITY REG_REGION_NOT_LIVE_REGION REG_REGION_NOT_WORK_REGION LIVE_REGION_NOT_WORK_REGION REG_CITY_NOT_LIVE_CITY EXT_SOURCE_1 EXT_SOURCE_2 EXT_SOURCE_3 APARTMENTS_AVG BASEMENTAREA_AVG YEARS_BEGINEXPLUATATION_AVG YEARS_BUILD_AVG COMMONAREA_AVG ELEVATORS_AVG ENTRANCES_AVG FLOORSMIN_AVG LANDAREA_AVG LIVINGAPARTMENTS_AVG LIVINGAREA_AVG NONLIVINGAREA_AVG YEARS_BUILD_MODE COMMONAREA_MODE ELEVATORS_MODE FLOORSMAX_MODE LIVINGAPARTMENTS_MODE LIVINGAREA_MODE NONLIVINGAPARTMENTS_MODE NONLIVINGAREA_MODE BASEMENTAREA_MEDI YEARS_BEGINEXPLUATATION_MEDI YEARS_BUILD_MEDI COMMONAREA_MEDI ENTRANCES_MEDI FLOORSMIN_MEDI LANDAREA_MEDI LIVINGAPARTMENTS_MEDI LIVINGAREA_MEDI NONLIVINGAPARTMENTS_MEDI HOUSETYPE_MODE WALLSMATERIAL_MODE EMERGENCYSTATE_MODE OBS_30_CNT_SOCIAL_CIRCLE DEF_30_CNT_SOCIAL_CIRCLE OBS_60_CNT_SOCIAL_CIRCLE DEF_60_CNT_SOCIAL_CIRCLE DAYS_LAST_PHONE_CHANGE FLAG_DOCUMENT_2 FLAG_DOCUMENT_3 FLAG_DOCUMENT_5 FLAG_DOCUMENT_6 FLAG_DOCUMENT_8 FLAG_DOCUMENT_13 FLAG_DOCUMENT_14 FLAG_DOCUMENT_16 FLAG_DOCUMENT_18 AMT_REQ_CREDIT_BUREAU_YEAR DAYS_EMPLOYED_ANOM EXT_SOURCE_1_WAS_MISSING EXT_SOURCE_3_WAS_MISSING CREDIT_ANNUITY_RATIO CREDIT_INCOME_RATIO ANNUITY_INCOME_RATIO CREDIT_INCOME_PERCENT ANNUITY_INCOME_PERCENT CREDIT_TERM DAYS_EMPLOYED_PERCENT CREDIT_GOODS_RATIO EXT_SOURCES_MEAN EXT_SOURCES_PROD EXT_SOURCES_STD EMPLOYED_TO_BIRTH_RATIO CAR_TO_BIRTH_RATIO PHONE_TO_BIRTH_RATIO BURO_DAYS_CREDIT_MEAN BURO_DAYS_CREDIT_MAX BURO_DAYS_CREDIT_VAR BURO_DAYS_CREDIT_ENDDATE_MAX BURO_AMT_CREDIT_SUM_DEBT_MEAN BURO_AMT_CREDIT_SUM_DEBT_MAX BURO_AMT_CREDIT_SUM_DEBT_SUM BURO_CREDIT_ACTIVE_Active_MEAN BURO_CREDIT_ACTIVE_Closed_MEAN BURO_CREDIT_ACTIVE_Sold_MEAN BURO_CREDIT_TYPE_Another_type_of_loan_MEAN BURO_CREDIT_TYPE_Car_loan_MEAN BURO_CREDIT_TYPE_Consumer_credit_MEAN BURO_CREDIT_TYPE_Credit_card_MEAN BURO_CREDIT_TYPE_Loan_for_business_development_MEAN BURO_CREDIT_TYPE_Loan_for_working_capital_replenishment_MEAN BURO_CREDIT_TYPE_Microloan_MEAN BURO_CREDIT_TYPE_Mortgage_MEAN BURO_CREDIT_TYPE_Other_MEAN BURO_CREDIT_TYPE_Real_estate_loan_MEAN BURO_CREDIT_TYPE_Unknown_type_of_loan_MEAN BURO_LAST_ACTIVE_DAYS_CREDIT_MAX PREV_AMT_ANNUITY_MEAN PREV_AMT_APPLICATION_MEAN PREV_AMT_APPLICATION_MAX PREV_AMT_CREDIT_MEAN PREV_AMT_CREDIT_MAX PREV_AMT_GOODS_PRICE_MEAN PREV_AMT_GOODS_PRICE_MAX PREV_RATE_DOWN_PAYMENT_MEAN PREV_RATE_DOWN_PAYMENT_MAX PREV_DAYS_DECISION_MEAN PREV_DAYS_DECISION_MAX PREV_CNT_PAYMENT_MEAN PREV_CNT_PAYMENT_SUM PREV_ASKED_AMT_ID_CURR_DIFF_MEAN PREV_DOWNPAYMENT_CREDIT_RATIO_MEAN PREV_ANNUITY_CREDIT_RATIO_MEAN PREV_ANNUITY_CREDIT_RATIO_MAX PREV_NAME_CONTRACT_TYPE_Revolving_loans_MEAN PREV_WEEKDAY_APPR_PROCESS_START_FRIDAY_MEAN PREV_WEEKDAY_APPR_PROCESS_START_MONDAY_MEAN PREV_WEEKDAY_APPR_PROCESS_START_THURSDAY_MEAN PREV_WEEKDAY_APPR_PROCESS_START_WEDNESDAY_MEAN PREV_NAME_CONTRACT_STATUS_Approved_MEAN PREV_NAME_CONTRACT_STATUS_Canceled_MEAN PREV_NAME_CONTRACT_STATUS_Refused_MEAN PREV_CODE_REJECT_REASON_HC_MEAN PREV_CODE_REJECT_REASON_LIMIT_MEAN PREV_CODE_REJECT_REASON_SCO_MEAN PREV_CODE_REJECT_REASON_SYSTEM_MEAN PREV_CODE_REJECT_REASON_VERIF_MEAN PREV_CODE_REJECT_REASON_XAP_MEAN PREV_CODE_REJECT_REASON_XNA_MEAN PREV_NAME_CLIENT_TYPE_New_MEAN PREV_NAME_CLIENT_TYPE_Repeater_MEAN PREV_NAME_GOODS_CATEGORY_Computers_MEAN PREV_NAME_GOODS_CATEGORY_Construction_Materials_MEAN PREV_NAME_GOODS_CATEGORY_XNA_MEAN PREV_NAME_PORTFOLIO_Cards_MEAN PREV_NAME_PORTFOLIO_Cars_MEAN PREV_NAME_PORTFOLIO_XNA_MEAN PREV_NAME_PRODUCT_TYPE_XNA_MEAN PREV_NAME_PRODUCT_TYPE_walk_in_MEAN PREV_NAME_PRODUCT_TYPE_x_sell_MEAN PREV_CHANNEL_TYPE_AP_Cash_loan__MEAN PREV_CHANNEL_TYPE_Car_dealer_MEAN PREV_CHANNEL_TYPE_Channel_of_corporate_sales_MEAN PREV_CHANNEL_TYPE_Country_wide_MEAN PREV_CHANNEL_TYPE_Credit_and_cash_offices_MEAN PREV_CHANNEL_TYPE_Regional_Local_MEAN PREV_CHANNEL_TYPE_Stone_MEAN PREV_NAME_SELLER_INDUSTRY_Connectivity_MEAN PREV_NAME_SELLER_INDUSTRY_Construction_MEAN PREV_NAME_SELLER_INDUSTRY_Consumer_electronics_MEAN PREV_NAME_SELLER_INDUSTRY_XNA_MEAN PREV_NAME_YIELD_GROUP_XNA_MEAN PREV_NAME_YIELD_GROUP_high_MEAN PREV_NAME_YIELD_GROUP_low_action_MEAN PREV_PRODUCT_COMBINATION_Card_Street_MEAN PREV_PRODUCT_COMBINATION_Card_X_Sell_MEAN PREV_PRODUCT_COMBINATION_Cash_MEAN PREV_PRODUCT_COMBINATION_Cash_Street_high_MEAN PREV_PRODUCT_COMBINATION_Cash_X_Sell_low_MEAN PREV_PRODUCT_COMBINATION_Cash_X_Sell_middle_MEAN PREV_PRODUCT_COMBINATION_POS_household_with_interest_MEAN PREV_PRODUCT_COMBINATION_POS_household_without_interest_MEAN PREV_PRODUCT_COMBINATION_POS_industry_with_interest_MEAN PREV_LAST_NAME_CONTRACT_STATUS_Approved PREV_LAST_NAME_CONTRACT_STATUS_Canceled PREV_LAST_NAME_CONTRACT_STATUS_Refused PREV_LAST_PRODUCT_COMBINATION_Cash INS_DPD_MAX INS_DPD_SUM INS_DBD_MAX INS_DBD_MEAN INS_PAYMENT_DIFF_MAX INS_PAYMENT_DIFF_MEAN INS_PAYMENT_DIFF_SUM INS_PAYMENT_DIFF_VAR INS_AMT_INSTALMENT_MAX INS_AMT_INSTALMENT_MEAN INS_AMT_INSTALMENT_SUM INS_AMT_PAYMENT_MIN INS_AMT_PAYMENT_MAX INS_AMT_PAYMENT_MEAN INS_AMT_PAYMENT_SUM INS_DAYS_ENTRY_PAYMENT_MAX INS_DAYS_ENTRY_PAYMENT_MEAN INS_DAYS_ENTRY_PAYMENT_SUM INS_COUNT INS_365_DPD_SUM POS_MONTHS_BALANCE_SIZE POS_SK_DPD_MEAN POS_SK_DPD_DEF_MAX POS_SK_DPD_DEF_MEAN POS_NAME_CONTRACT_STATUS_Active_MEAN POS_NAME_CONTRACT_STATUS_Amortized_debt_MEAN POS_NAME_CONTRACT_STATUS_Approved_MEAN POS_NAME_CONTRACT_STATUS_Canceled_MEAN POS_NAME_CONTRACT_STATUS_Completed_MEAN POS_NAME_CONTRACT_STATUS_Demand_MEAN POS_NAME_CONTRACT_STATUS_Returned_to_the_store_MEAN POS_NAME_CONTRACT_STATUS_Signed_MEAN POS_ACTIVE_COUNT CC_MONTHS_BALANCE_MIN CC_MONTHS_BALANCE_MAX CC_MONTHS_BALANCE_MEAN CC_MONTHS_BALANCE_SUM CC_MONTHS_BALANCE_VAR CC_AMT_BALANCE_MIN CC_AMT_BALANCE_MAX CC_AMT_BALANCE_MEAN CC_AMT_BALANCE_SUM CC_AMT_BALANCE_VAR CC_AMT_CREDIT_LIMIT_ACTUAL_MIN CC_AMT_CREDIT_LIMIT_ACTUAL_MEAN CC_AMT_CREDIT_LIMIT_ACTUAL_VAR CC_AMT_DRAWINGS_ATM_CURRENT_MIN CC_AMT_DRAWINGS_ATM_CURRENT_MEAN CC_AMT_DRAWINGS_ATM_CURRENT_SUM CC_AMT_DRAWINGS_CURRENT_MIN CC_AMT_DRAWINGS_CURRENT_MEAN CC_AMT_DRAWINGS_CURRENT_SUM CC_AMT_DRAWINGS_CURRENT_VAR CC_AMT_DRAWINGS_OTHER_CURRENT_MAX CC_AMT_DRAWINGS_OTHER_CURRENT_SUM CC_AMT_DRAWINGS_POS_CURRENT_MAX CC_AMT_DRAWINGS_POS_CURRENT_MEAN CC_AMT_DRAWINGS_POS_CURRENT_SUM CC_AMT_DRAWINGS_POS_CURRENT_VAR CC_AMT_INST_MIN_REGULARITY_MEAN CC_AMT_INST_MIN_REGULARITY_SUM CC_AMT_INST_MIN_REGULARITY_VAR CC_AMT_PAYMENT_CURRENT_MAX CC_AMT_PAYMENT_CURRENT_MEAN CC_AMT_PAYMENT_CURRENT_SUM CC_AMT_PAYMENT_CURRENT_VAR CC_AMT_PAYMENT_TOTAL_CURRENT_MIN CC_AMT_PAYMENT_TOTAL_CURRENT_MAX CC_AMT_PAYMENT_TOTAL_CURRENT_MEAN CC_AMT_PAYMENT_TOTAL_CURRENT_SUM CC_AMT_PAYMENT_TOTAL_CURRENT_VAR CC_AMT_RECEIVABLE_PRINCIPAL_MIN CC_AMT_RECEIVABLE_PRINCIPAL_MAX CC_AMT_RECEIVABLE_PRINCIPAL_MEAN CC_AMT_RECEIVABLE_PRINCIPAL_SUM CC_AMT_RECEIVABLE_PRINCIPAL_VAR CC_AMT_RECIVABLE_MIN CC_AMT_RECIVABLE_MAX CC_AMT_RECIVABLE_MEAN CC_AMT_RECIVABLE_SUM CC_AMT_RECIVABLE_VAR CC_AMT_TOTAL_RECEIVABLE_MIN CC_AMT_TOTAL_RECEIVABLE_MAX CC_AMT_TOTAL_RECEIVABLE_MEAN CC_AMT_TOTAL_RECEIVABLE_SUM CC_AMT_TOTAL_RECEIVABLE_VAR CC_CNT_DRAWINGS_ATM_CURRENT_MIN CC_CNT_DRAWINGS_ATM_CURRENT_MEAN CC_CNT_DRAWINGS_ATM_CURRENT_SUM CC_CNT_DRAWINGS_ATM_CURRENT_VAR CC_CNT_DRAWINGS_CURRENT_MIN CC_CNT_DRAWINGS_CURRENT_MAX CC_CNT_DRAWINGS_CURRENT_MEAN CC_CNT_DRAWINGS_CURRENT_SUM CC_CNT_DRAWINGS_OTHER_CURRENT_MAX CC_CNT_DRAWINGS_OTHER_CURRENT_MEAN CC_CNT_DRAWINGS_OTHER_CURRENT_SUM CC_CNT_DRAWINGS_POS_CURRENT_MIN CC_CNT_DRAWINGS_POS_CURRENT_MAX CC_CNT_DRAWINGS_POS_CURRENT_MEAN CC_CNT_DRAWINGS_POS_CURRENT_SUM CC_CNT_DRAWINGS_POS_CURRENT_VAR CC_CNT_INSTALMENT_MATURE_CUM_MAX CC_CNT_INSTALMENT_MATURE_CUM_MEAN CC_CNT_INSTALMENT_MATURE_CUM_SUM CC_CNT_INSTALMENT_MATURE_CUM_VAR CC_SK_DPD_MAX CC_SK_DPD_MEAN CC_SK_DPD_SUM CC_SK_DPD_DEF_MEAN CC_SK_DPD_DEF_SUM CC_SK_DPD_DEF_VAR
feature_infos=[0:1] [0:2] [0:1] [0:19] [25650:117000000] [45000:4050000] [1615.5:225000] [40500:4050000] [0:7] [0:4] [0:5] [0.00029:0.072508000000000003] [7489:25201] [-17583:0] [-23416:0] [-7197:0] [0:91] [0:1] [0:1] [0:1] [0:1] [1:20] [1:3] [1:3] [0:1] [0:1] [0:1] [0:1] [0.01469148240341735:0.9516239622079844] [8.1736165188843972e-08:0.85499966640470115] [0.00052726523870988168:0.89397607460428663] [0:1] [0:1] [0:1] [0:1] [0:1] [0:1] [0:1] [0:1] [0:1] [0:1] [0:1] [0:1] [0:1] [0:1] [0:1] [0:1] [0:1] [0:1] [0:1] [0:1] [0:1] [0:1] [0:1] [0:1] [0:1] [0:1] [0:1] [0:1] [0:1] [0:1] [0:3] [0:7] [0:2] [0:348] [0:34] [0:344] [0:24] [-4292:-1] none [0:1] [0:1] [0:1] [0:1] [0:1] [0:1] [0:1] [0:1] [0:25] [0:1] [0:1] [0:1] [8.0366744951893399:45.298281071655644] [0.0048076153846149739:49.227199989060615] [0.00022388461538459624:1.5705999996509776] [0.004807615384615385:49.227200000000003] [0.00022388461538461538:1.5706] [0.022075892857142856:0.12442957597804374] [-0.72280860888925536:0] [0.22500000000000001:6] [5.9396509293128426e-06:0.87890336863292595] [3.8772358255258032e-07:0.6185571030029251] [3.5384586958552117e-07:0.6183808754437321] [-0.72280860888925536:0] [0:0.0091974934303618357] [-0.33100707570030047:-3.9772501292606293e-05] [-2922:-2] [-2922:0] [0:4173160.5] [-41875:31199] [-1037487.0449999999:43650000] [-25959.645:62218953] [-6981558.2100000009:74487294] [0:1] [0:1] [0:1] [0:1] [0:1] [0:1] [0:1] [0:1] [0:1] [0:1] [0:1] [0:1] [0:1] [0:1] [-2922:0] [0:290358] [0:4050000] [0:5850000] [0:4050000] [0:4509688.5] [0:4050000] [0:5850000] [-7.4893817071539233e-06:0.98973987757093118] [0:1] [-2922:-2] [-2922:-1] [0:72] [0:1680] [-1350000:1980000] [-6.8766331982833993e-06:9.9620493288621486] [0:0.36260017036559622] [0:0.49999999988888882] [0:1] [0:1] [0:1] [0:1] [0:1] [0:1] [0:1] [0:1] [0:1] [0:1] [0:1] [0:1] [0:1] [0:1] [0:1] [0:1] [0:1] [0:1] [0:1] [0:1] [0:1] [0:1] [0:1] [0:1] [0:1] [0:1] [0:1] [0:1] [0:1] [0:1] [0:1] [0:1] [0:1] [0:1] [0:1] [0:1] [0:1] [0:1] [0:1] [0:1] [0:1] [0:1] [0:1] [0:1] [0:1] [0:1] [0:1] [0:1] [0:1] [0:1] [0:1] [0:1] [0:1] [0:2884] [0:82957] [0:3189] [0:295] [-7319.0699999999997:2424726.4050000003] [-337496.80499999999:146145.89999999999] [-4417384.2300000004:2618669.7450000001] [0:445993643959.22461] [0:3771487.8450000002] [0:1297518.8400000001] [0:23274726.93] [0:1297518.8400000001] [0.22500000000000001:3771487.8450000002] [0.189:1297518.8400000001] [0:25537053.780000001] [-3071:-1] [-3071:-3] [-602499:0] [1:372] [0:8596] [1:245] [0:2429.6700000000001] [0:3373] [0:1671.3980582524273] [0:1] [0:0.55555555555555558] [0:1] [0:0.33333333333333331] [0:1] [0:0.7931034482758621] [0:1] [0:1] [1:231] [-96:-1] [-5:-1] [-50.179775280898873:-1] [-9312:-1] [0.5:880.52151462994846] [-420250.185:855565.875] [0:1329264.6299999999] [-1331.7823255813953:908610.06000000006] [-57266.639999999999:29492116.245000001] [0:246325065885.76013] [0:1350000] [0:1350000] [0:463909090909.09094] [-6827.3100000000004:675000] [0:675000] [0:8300250] [-519.57000000000005:1125000] [0:1125000] [0:18469299.195] [0:607500000000] [0:1529847] [0:3192750] [0:2060030.1599999999] [0:918645.45975000004] [0:18372909.195] [0:231285949133.81641] [0:42161.864400000006] [0:2025557.325] [0:611920503.70440745] [0:4289207.4450000003] [0:1125000] [0:19347594.795000002] [0:969732777814.81738] [0:1125000] [0:4278315.6900000004] [0:1125000] [0:19210117.365000002] [0:963905405757.1488] [-423305.82000000001:854043.07499999995] [0:1329264.6299999999] [-1331.7823255813953:874590.81999999995] [-57266.639999999999:28641132.495000001] [0:238506598735.52878] [-420250.185:855565.875] [0:1329264.6299999999] [-1836.6089361702127:902288.22500000009] [-172641.23999999999:29471430.285] [0:246765344421.58624] [-420250.185:855565.875] [0:1329264.6299999999] [-1836.6089361702127:902288.22500000009] [-172641.23999999999:29471430.285] [0:246765344421.58624] [0:35] [0:35] [0:390] [0:462.25] [0:78] [0:162] [0:118.25] [0:1457] [0:12] [0:2] [0:38] [0:78] [0:162] [0:118.25] [0:1457] [0:3414.333333333333] [0:120] [0:73.0625] [0:8124] [0:776.00000000000057] [0:2770] [0:1342.2631578947369] [0:127548] [0:961.25581395348843] [0:99302] [0:657594.88874061708]
tree_sizes=3457 3507 3516 3546 3530 3532 3537 3542 3552 3562 3541 3552 3550 3573 3551 3550 3561 3540 3571 3564 3570 3555 3551 3543 3564 3578 3577 3550 3564 3546 3558 3577 3578 3582 3533 3535 3559 3561 3548 3558 3520 3584 3564 3578 3567 3580 3545 3555 3551 3559 3562 3509 3525 3559 3559 3560 3532 3508 3560 3483 3575 3563 3489 3526 3533 3542 3514 3526 3542 3533 3514 3524 3531 3510 3467 3517 3507 3549 3515 3501 3496 3538 3514 3522 3499 3514 3477 3530 3527 3500 3487 3495 3501 3439 3472 3479 3455 3497 3513 3433

Tree=0
num_leaves=31
num_cat=0
split_feature=90 90 90 30 140 207 13 89 90 89 90 207 29 87 89 207 93 208 275 89 93 275 90 275 159 112 30 91 12 92
split_gain=11852 2031.37 1503.91 588.086 386.241 334.733 330.338 298.929 288.119 221.282 209.701 203.892 191.247 176.853 169.142 164.086 112.912 112.111 111.603 110.891 110.406 104.796 100.384 99.6778 97.1587 95.4243 91.6756 87.5933 85.8924 85.8328
threshold=0.39534086699519261 0.2526628376759667 0.51804176062333263 0.23988384837774554 0.47493734335839605 1.5000000000000002 -2903.4999999999995 1.2111965048840052 0.17082415820069111 1.1451992109686258 0.64125917917968966 1.0000000180025095e-35 0.078707378021973695 0.046595095661551754 1.1583991683092993 8.5000000000000018 -0.13481401560603654 22.500000000000004 1.4021276595744683 1.2111972757598222 -0.16158743740590639 0.53378995433789966 0.33049792759107055 2.0142857142857147 0.15075757575757578 0.057189542483660136 0.14599244001433329 0.069065919755053731 18228.500000000004 0.022438239347736897
decision_type=8 10 10 8 8 10 10 10 10 10 10 8 8 10 10 10 10 10 10 10 10 10 10 10 10 8 8 10 2 10
left_child=1 3 5 8 18 9 29 11 14 -2 15 -6 24 -9 -1 25 -15 -7 26 -14 -11 28 -13 27 -8 -4 -3 -22 -10 -5
right_child=2 4 10 6 7 17 12 13 21 20 -12 22 19 16 -16 -17 -18 -19 -20 -21 23 -23 -24 -25 -26 -27 -28 -29 -30 -31
leaf_value=-2.0977353550324391 -2.4586896634940292 -2.1952826951945301 -2.4889208561784377 -2.3760411789317191 -2.4016207345246836 -2.332034427342657 -2.1611680812036327 -2.365209587144776 -2.1591266706379328 -2.4412841031785915 -2.507722937710116 -2.3056852277589881 -2.2699657491021252 -2.3173885813507185 -1.9097635347355677 -2.4224736992320173 -2.2166363768191784 -2.4013234761812425 -2.083443150885401 -2.1561467512315198 -2.3805564748985919 -1.9855985825868927 -2.365545884600881 -2.137018324187407 -2.0022686458823622 -2.4520763819102864 -2.2940933877279437 -2.4441777022784228 -2.3095322405423979 -2.2544690592025325
leaf_weight=99.424613878130913 2936.6390650421381 112.14815963059664 5824.6582418382168 171.28045833855867 1044.0613816082478 335.51135113835335 151.53879223018885 232.87630046159029 204.89834728091955 922.15361213684082 4701.2404479980469 480.08495292067528 310.72407606244087 189.38820868730545 92.319316223263741 456.25408905744553 269.53680709004402 768.16509240120649 30.797846950590611 118.14487894624472 792.72685834020376 28.794131606817245 672.65675735473633 14.842335879802702 51.577117182314396 799.40821048617363 576.92167697101831 297.66305339336395 46.604933984577656 87.866628549993038
leaf_count=1340 39571 1511 78487 2308 14069 4521 2042 3138 2761 12426 63349 6469 4187 2552 1244 6148 3632 10351 415 1592 10682 388 9064 200 695 10772 7774 4011 628 1184
internal_value=-2.43249 -2.29594 -2.47052 -2.19194 -2.33522 -2.43007 -2.23974 -2.35156 -2.10169 -2.44115 -2.49135 -2.36961 -2.20075 -2.29423 -2.00723 -2.48048 -2.25821 -2.38026 -2.26969 -2.23861 -2.41574 -2.16631 -2.34062 -2.39442 -2.12082 -2.48447 -2.27801 -2.39792 -2.187 -2.33482
internal_weight=22820.9 4971.65 17849.3 1363.17 3608.47 6067.7 891.132 2888.6 472.041 4964.02 11781.6 2196.8 631.985 691.801 191.744 7080.32 458.925 1103.68 719.868 428.869 2027.39 280.297 1152.74 1105.23 203.116 6624.07 689.07 1090.39 251.503 259.147
internal_count=307511 66993 240518 18369 48624 81762 12008 38924 6361 66890 158756 29602 8516 9322 2584 95407 6184 14872 9700 5779 27319 3777 15533 14893 2737 89259 9285 14693 3389 3492
is_linear=0
shrinkage=1


Tree=1
num_leaves=31
num_cat=0
split_feature=90 90 90 89 207 142 89 30 30 207 211 207 13 13 220 90 97 29 226 89 126 88 91 87 6 90 13 30 6 9
split_gain=8842.44 1300.48 1060.37 388.367 286.545 247.26 185.383 181.884 172.871 171.926 139.744 129.517 127.826 127.816 104.929 104.48 104.326 97.8613 94.325 92.84 91.5271 91.3798 85.5393 79.7383 79.5852 75.3633 73.5362 73.3704 71.9624 71.8272
threshold=0.41326316615744102 0.28981877524412719 0.55364461964891298 1.1583987134938367 2.5000000000000004 0.23205128205128209 1.1451998262446534 0.24518380290995226 0.31469441606860521 2.5000000000000004 1.6162029459901801 1.5000000000000002 -3958.4999999999995 -5053.4999999999991 23.500000000000004 0.1589400625973936 -78.499999999999986 0.069159962952844628 1321.6275000000003 1.1320143018441853 0.10137864388684316 -0.16158743740590639 0.081623255838127781 0.046595095661551754 21174.750000000004 0.64992799262548784 -2434.4999999999995 0.25056225432051238 23645.250000000004 2.5000000000000004
decision_type=8 10 10 10 10 10 8 8 8 10 10 10 10 10 10 10 8 8 10 10 10 10 10 10 10 8 10 8 10 2
left_child=1 3 4 8 6 9 26 23 17 12 13 25 -3 -10 -11 -9 28 -1 24 -14 -6 -8 -23 -5 -17 -4 -2 -18 -7 -28
right_child=2 5 11 7 20 16 21 15 10 14 -12 -13 19 -15 -16 18 27 -19 -20 -21 -22 22 -24 -25 -26 -27 29 -29 -30 -31
leaf_value=0.26224794184848521 -0.049387344644509577 -0.0028989598982250837 -0.057466914980169551 0.1946790497978993 0.065251741047367404 0.056105586187815554 -0.018889938329078176 0.24557560337256931 0.0056480165888252816 0.1552526595787776 0.46233124202141607 -0.032007183588000192 0.031237466638809126 0.10752579920806778 0.064353628474120142 0.092079537992129493 0.23847777982991614 0.14637446735869328 0.3104709104380155 0.076843707775513304 0.0090610914403459683 0.034239753593123722 -0.022194149607039023 0.29128849358295072 0.17466046816144376 -0.077111671291784298 -0.046091103629575664 0.12579790425651333 0.11717419356223341 -0.0068855630705015186
leaf_weight=85.241174094378948 1607.0950264930725 563.09658247232437 4449.8012324273586 128.02499264478683 540.09287562966347 368.26878894865513 1156.887270450592 151.94080663472414 157.95368481427431 216.91410445421934 9.955317407846449 1297.5214795172215 996.06913720816374 558.86121498793364 306.33880852162838 202.82055502384901 82.9191540107131 502.8476640433073 34.648190751671791 808.80502814054489 625.72678923606873 1010.4613084122539 365.82641349732876 256.8027685880661 274.84009497612715 3480.1316337585449 724.13435076922178 190.65514845401049 405.35329936444759 1317.5209320187569
leaf_count=897 22263 7267 62742 1346 7038 4552 15852 1702 1985 2669 119 18199 12924 6587 3831 2363 1005 5700 394 10055 8240 13295 5036 2646 3196 49969 10022 2375 5017 18225
internal_value=-0.000390012 0.100433 -0.0387257 0.159066 -0.0103816 0.0652398 -0.0189574 0.204443 0.122861 0.0501602 0.0902442 -0.0612959 0.0386972 0.0850765 0.102036 0.172751 0.106873 0.16317 0.151152 0.0516747 0.0350927 0.00182586 0.0192392 0.259148 0.139596 -0.0660882 -0.0333863 0.159951 0.0881036 -0.020791
internal_weight=22877.6 6302.36 16575.2 2363.94 7347.74 3938.42 6181.93 1049.08 1314.86 2891.22 726.77 9227.45 2367.97 716.815 523.253 664.25 1047.2 588.089 512.309 1804.87 1165.82 2533.17 1376.29 384.828 477.661 7929.93 3648.75 273.574 773.622 2041.66
internal_count=307511 76630 230881 26935 99971 49695 84693 11647 15288 36746 8691 130910 30246 8572 6500 7655 12949 6597 5953 22979 15278 34183 18331 3992 5559 112711 50510 3380 9569 28247
is_linear=0
shrinkage=0.1


Tree=2
num_leaves=31
num_cat=0
split_feature=90 90 90 142 275 30 12 202 275 89 208 207 92 90 6 100 90 87 5 275 142 154 142 207 88 12 189 96 207 129
split_gain=6805.61 1076.41 766.287 293.936 236.796 198.646 192.689 158.563 160.24 146.282 141.975 139.202 125.168 115.537 101.38 94.8832 94.047 93.3507 97.2059 88.9908 87.1956 83.2429 80.8904 76.3674 74.848 86.6995 73.9375 73.6654 73.2915 72.9941
threshold=0.42969128567678244 0.33049792759107055 0.55364461964891298 0.23205128205128209 0.4896896258503402 0.26155244256291216 19167.500000000004 114950.54250000001 0.47520491803278692 1.1583963114057456 25.500000000000004 1.0000000180025095e-35 0.41989881984501781 0.17082415820069111 15788.250000000002 67286.493750000009 0.64125917917968966 0.046595095661551754 339678.00000000006 0.87609649122807032 0.32305502846299816 0.84731934731934744 0.48331479421579543 7.5000000000000009 -0.28621561727318429 9542.5000000000018 9.5000000000000018 -684.93749999999989 8.5000000000000018 11.489130434782611
decision_type=8 10 10 10 10 8 2 8 10 8 10 8 8 10 10 10 10 10 2 10 10 10 10 8 10 2 10 10 10 10
left_child=1 3 4 6 9 21 7 13 15 28 14 -7 16 -1 -5 23 -4 -11 -19 22 -14 -3 -13 -9 -16 -26 -15 -8 -2 -17
right_child=2 5 12 10 -6 11 27 8 -10 17 -12 19 20 26 24 29 -18 18 -20 -21 -22 -23 -24 -25 25 -27 -28 -29 -30 -31
leaf_value=0.23317912782619232 -0.034323788247549079 0.066969471121694421 -0.052727249073483078 0.11967386676073706 0.052671239634949907 0.0047491141129782644 0.019648702737509755 0.037463448817120652 0.17839769247612644 -0.019267248928258866 0.11388768844797639 0.034649018926956598 -0.037336693911408619 0.11139255683570502 0.11479916149026362 0.071124540202100114 -0.07505933810535248 -0.010916975745932143 0.047367963016083002 0.14840659986563584 0.050464348162604804 0.14856632062108946 0.11694740007114977 0.099289171347767463 0.13042676710390375 0.24757081136045028 0.21345258048501312 0.10656868888626225 0.021106100713820172 0.15038154543906596
leaf_weight=139.70846848934889 3537.3627769723535 781.48488035798073 4109.3034572601318 162.57071322202682 505.30565406382084 1433.3782015144825 378.06458067893982 530.43060871958733 192.38122093677521 1103.5036817491055 421.28564402461052 1255.2765908762813 1037.2323514744639 392.7913211658597 69.974023938179016 202.77698014676571 3485.0476493835449 516.42352613061666 641.68891006708145 84.11901219189167 126.95239240676165 148.83786738663912 131.98802714049816 320.50847487896681 77.12785954028368 349.35380547493696 86.639846436679363 131.39048713445663 255.79178024828434 272.16782795637846
leaf_count=1282 49917 9463 60467 1653 6709 18088 4319 5727 1929 14891 4291 15474 15449 4275 731 2128 53113 6907 8551 971 1881 1721 1566 3356 761 3441 916 1430 3243 2861
internal_value=-0.000619553 0.0770018 -0.0389385 0.115272 -0.0130952 0.0398085 0.0973311 0.110504 0.0931106 -0.0185838 0.159229 0.0269285 -0.0582949 0.153155 0.188214 0.0807357 -0.0629754 0.0015459 0.0213776 0.048535 -0.0277621 0.0800238 0.0424791 0.0607503 0.210658 0.226386 0.129836 0.0420657 -0.0305859 0.116543
internal_weight=22880.9 7562.26 15318.6 3727.17 6560.08 3835.08 2646.86 2137.4 1518.27 6054.77 1080.31 2904.76 8758.54 619.14 659.026 1325.88 7594.35 2261.62 1158.11 1471.38 1164.18 930.323 1387.26 850.939 496.456 426.482 479.431 509.455 3793.15 474.945
internal_count=307511 86383 221128 39100 90218 47283 28223 22474 16001 83509 10877 36099 130910 6473 6586 14072 113580 30349 15458 18011 17330 11184 17040 9083 4933 4202 5191 5749 53160 4989
is_linear=0
shrinkage=0.1


Tree=3
num_leaves=31
num_cat=0
split_feature=90 90 90 70 275 90 93 202 129 104 92 9 207 207 13 210 13 117 199 207 189 211 30 13 28 280 117 142 142 201
split_gain=5333.1 742.619 674.248 242.188 209.172 187.511 146.654 142.054 131.436 129.768 115.444 112.352 97.6917 92.5795 90.4977 85.3572 84.1688 83.4001 75.2524 71.5706 71.1723 69.0109 64.7636 64.657 68.3115 64.2561 63.4573 63.1343 61.9196 60.5766
threshold=0.4317187257367936 0.33389424020290498 0.56731536691602635 1.0000000180025095e-35 0.51744421906693727 0.18409921506579144 -0.15708211110961459 104141.54250000003 19.677083333333339 0.45643939393939398 0.40539312627885032 2.5000000000000004 8.5000000000000018 3.5000000000000004 -5363.4999999999991 34.500000000000007 -2593.4999999999995 -74.499999999999986 2044.8000000000004 1.0000000180025095e-35 1.0000000180025095e-35 0.42961418143899899 0.26575311909471833 -2434.4999999999995 0.23437709237529208 2.8360215053763445 -38.499999999999993 0.32305502846299816 0.43095238095238103 7124.2458333333343
decision_type=8 10 10 2 10 10 10 8 10 8 8 2 10 8 10 10 10 8 8 10 10 10 8 10 10 8 10 10 10 10
left_child=1 3 4 21 7 14 22 17 12 19 18 -8 23 -13 -5 -12 -11 -2 -4 -7 -19 26 -3 -9 -25 -6 -1 -15 -16 -18
right_child=2 6 10 5 25 9 11 8 -10 16 15 13 -14 27 28 -17 29 20 -20 -21 -22 -23 -24 24 -26 -27 -28 -29 -30 -31
leaf_value=0.039992023446402174 -0.0090195762489520478 0.045202546433772486 -0.049970756217107268 0.057884866105901968 0.020870848919195908 0.10691249364199013 0.013732381556664348 -0.055047115929837777 0.0016092269114169001 0.040069696085202111 -0.028091138896771086 0.042484016253856068 0.017062813589475541 0.075135200466343297 0.15100192319192141 0.61322638132474094 0.12805611468896233 0.019242395363598438 -0.071608752365486805 0.17138920319478101 0.1049902174580407 0.1637320220134254 -0.00046205626896174813 -0.010383984597376637 -0.046302976778483461 0.094029613884649629 0.13679666130351348 0.1479340816005513 0.23493120505737686 0.076200157586807829
leaf_weight=946.78941483050585 787.77793860435486 411.60736908018589 2827.0374531745911 90.901161193847656 357.28023234009743 593.78678189963102 626.64849848300219 1607.392874956131 1264.2083674892783 446.44962000846863 1067.9027425274253 919.93134534358978 327.23832592368126 570.03363535553217 553.43461660295725 2.0794027820229521 321.62078806757927 331.70996685326099 3725.0984129905701 242.45433489233255 136.68406768143177 53.210894465446472 1265.3442567437887 1052.8361324593425 1065.1346302181482 180.81337976455688 72.931862711906433 150.60229153931141 104.5004528388381 751.97894334793091
leaf_count=9560 11212 4759 44420 907 4634 5791 7431 23379 17763 4691 16311 11046 4163 6621 4573 30 3123 4720 59283 2247 1883 500 15776 14674 15168 2311 696 1627 796 7416
internal_value=-0.000770328 0.0642885 -0.0366364 0.0936674 -0.0144886 0.10782 0.0331674 -0.0193957 -0.0265415 0.0939667 -0.0572993 0.0497511 -0.0353231 0.0635092 0.151411 -0.0268448 0.0765604 0.0108488 -0.0622726 0.125606 0.0442648 0.052709 0.0107463 -0.0399247 -0.0284478 0.0454541 0.0469156 0.0903491 0.164332 0.0917348
internal_weight=22855.4 8122.23 14733.2 4178.06 7111.08 3105.13 3944.17 6572.98 5316.81 2356.29 7622.12 2267.22 4052.6 1640.57 748.836 1069.98 1520.05 1256.17 6552.14 836.241 468.394 1072.93 1676.95 3725.36 2117.97 538.094 1019.72 720.636 657.935 1073.6
internal_count=307511 87560 219951 40300 99907 29544 47260 92962 75147 23268 120044 26725 57384 19294 6276 16341 15230 17815 103703 8038 6603 10756 20535 53221 29842 6945 10256 8248 5369 10539
is_linear=0
shrinkage=0.1


Tree=4
num_leaves=31
num_cat=0
split_feature=90 90 90 89 89 97 87 129 30 5 89 112 207 87 5 207 211 201 211 129 250 277 13 188 207 30 275 142 142 117
split_gain=4319.86 802.777 318.692 242.558 176.718 134.374 121.374 114.849 109.77 104.264 102.558 90.9187 90.3392 82.4542 79.117 77.3651 73.4695 66.4954 66.2427 66.2394 64.7794 61.8027 61.2775 61.2753 61.04 56.0307 55.672 55.2709 54.8551 53.5955
threshold=0.47210099661016025 0.35589859160734877 0.59009872020335863 1.1583991683092993 1.2111965048840052 -32.499999999999993 0.046595095661551754 17.781746031746035 0.31469441606860521 398191.50000000006 1.1320143018441853 0.057189542483660136 1.0000000180025095e-35 0.046595095661551754 463527.00000000006 1.0000000180025095e-35 0.62563131313131326 6851.9906250000013 0.97182539682539693 23.171568627450984 14403.105000000001 2.6430952380952388 -1437.4999999999998 4.5000000000000009 25.500000000000004 0.16000423555253143 1.6030303030303032 0.3816526610644258 0.32305502846299816 -60.499999999999993
decision_type=10 8 8 10 10 8 10 10 8 2 8 8 8 10 2 8 10 8 10 10 8 10 10 10 10 8 10 10 10 10
left_child=1 3 5 8 7 10 21 12 19 20 26 23 -3 -6 -15 -10 28 -11 -17 29 -8 -5 -14 -4 27 -22 -2 -7 -13 -1
right_child=2 4 11 6 13 24 9 -9 15 17 -12 16 22 14 -16 18 -18 -19 -20 -21 25 -23 -24 -25 -26 -27 -28 -29 -30 -31
leaf_value=0.056302967742467104 -0.044620656362977316 -0.02099508500288641 -0.069965510067956024 0.05911180587408698 0.016248938228908851 -0.0018816319953173556 0.19567325896885324 0.036303435489525242 0.015753140193204517 0.19748383013892801 -0.014903211055564101 -0.042694783197856717 -0.0035075495021517746 0.044891656595777735 0.10850305006229027 0.053506422073941989 0.12915663027499089 0.12559143029193048 0.19906646531863506 0.13007136338207523 0.13936793107194731 0.16708071398437896 0.036107329311323808 -0.046345073385407408 0.1512272917251094 0.070080708955263957 0.073375307486547511 0.087360016376166402 0.032428834147018845 0.11348784258473024
leaf_weight=877.13426738977432 2998.9771361202002 1339.6259847953916 3516.7920858860016 751.44882050901651 433.38352434337139 791.61789654940367 54.692942634224892 1077.7092630788684 814.44040240347385 169.81856501847506 2255.6244483739138 881.54509198665619 867.78837883472443 491.00404603034258 324.9056262075901 784.12975247204304 28.243324220180511 530.75399404764175 32.563020087778568 196.82352191209793 143.54769290983677 57.040714174509048 709.88299474865198 1597.0048311837018 29.915241360664368 624.34048648923635 40.525832116603851 76.069181807339191 109.24480588361621 201.55670621991158
leaf_count=8044 45288 17805 59364 7083 5343 11361 431 13511 8590 1374 32365 14229 11041 5740 3722 7791 426 4503 274 1761 1072 484 8594 26304 382 5586 532 1063 1670 1778
internal_value=-0.000860809 0.0463301 -0.0409956 0.0740194 0.0186725 -0.0249936 0.0980453 0.00840728 0.0547465 0.114668 -0.0310585 -0.0571538 -0.00189812 0.0514989 0.0702225 0.0375617 -0.0298782 0.143018 0.0593102 0.0767225 0.0905225 0.0667292 0.0143174 -0.062589 0.0107841 0.0830331 -0.0430474 0.00594209 -0.0344116 0.0669881
internal_weight=22808.2 10482.6 12325.6 5238.29 5244.3 6192.73 2331.64 3995.01 2906.65 1523.15 5295.13 6132.83 2917.3 1249.29 815.91 1631.13 1019.03 700.573 816.693 1275.51 822.581 808.49 1577.67 5113.8 897.602 767.888 3039.5 867.687 990.79 1078.69
internal_count=307511 114527 192984 48771 65756 90991 20533 50951 28238 12966 78185 101993 37440 14805 9462 16655 16325 5877 8065 11583 7089 7567 19635 85668 12806 6658 45820 12424 15899 9822
is_linear=0
shrinkage=0.1


Tree=5
num_leaves=31
num_cat=0
split_feature=90 90 90 275 207 30 142 8 88 89 9 6 202 289 193 202 194 202 129 6 142 91 202 87 97 188 131 87 7 199
split_gain=3497.57 607.49 281.417 192.69 157.735 157.554 141.723 139.136 116.754 96.4956 91.4373 82.3103 83.4126 82.1024 78.0719 74.7923 74.3626 72.5898 71.4471 68.1944 66.4569 66.419 64.478 62.2913 61.3564 61.2181 55.9101 54.8943 64.1964 54.6114
threshold=0.47392557863815327 0.33389424020290498 0.61169083295698801 0.43670066375263078 1.5000000000000002 0.14599244001433329 0.32305502846299816 5.5000000000000009 -0.14565833902203243 1.1320143018441853 2.5000000000000004 16877.250000000004 161737.67250000002 0.12525100401606429 966.05096043577998 66343.320000000007 591.70499999999936 95439.60000000002 21.354166666666668 16598.250000000004 0.22902097902097904 0.12470420048303678 120564.58500000002 0.04662005779434681 -74.499999999999986 4.5000000000000009 -463.36500000000007 0.046339068425068526 294088.50000000006 2044.8000000000004
decision_type=10 8 8 10 10 8 10 2 10 8 2 10 8 10 10 8 10 8 10 10 10 10 10 10 8 8 10 10 8 10
left_child=1 5 4 6 9 -1 8 13 25 -2 -9 -12 29 17 15 -10 -4 -7 -17 -8 -14 27 -6 -21 -25 -3 -26 -11 -29 -13
right_child=2 3 16 -5 22 7 19 10 14 21 11 12 20 -15 -16 18 -18 -19 -20 23 -22 -23 -24 24 26 -27 -28 28 -30 -31
leaf_value=0.10611611101615237 -0.043784225925645057 -0.025965823822538033 -0.065658982285444645 0.072856371743341822 0.084846732762916155 0.070626493976863589 0.0021807247081384261 0.031638096175143758 0.060417266657045665 -0.023945461133796503 0.052050429945153534 0.1752181962801197 0.057254188380481234 0.10030902341612047 0.060922932024663014 -0.0032298943257986728 -0.039056064716256833 0.014383318816442317 0.0540100793701234 0.020611068843444675 0.11728691297331584 -0.048019410673259169 -9.6772707923647411e-05 0.061687976722221254 0.18084837678434548 0.0084843191779748021 0.029733621692113424 -0.018250465341731886 0.037489055142210334 0.10539279497267261
leaf_weight=840.71543611958623 3335.4006323330104 1216.952198036015 3296.561918258667 606.09937047213316 96.936873320490122 292.92229217290878 261.13252705335617 425.97697488218546 283.8066600933671 1017.5882811136544 599.66031151264906 168.60389460623264 554.67585622519255 169.94929075986147 403.62802705168724 1500.6011875644326 1542.3487558364868 1059.4451613500714 255.14156677573919 257.20150224119425 276.23563989251852 548.63422310352325 1143.5131304264069 410.80812188237906 93.528104148805141 895.30485444515944 33.165793336927891 397.37686992064118 430.44664295762777 333.69822031259537
leaf_count=6321 53355 15932 58730 6689 1301 2612 3075 3686 3384 15218 5267 1314 4921 1412 4615 18374 26402 9801 3003 3028 2186 8752 16054 4645 1014 11351 364 5812 6113 2780
internal_value=-0.000912338 0.0398276 -0.0386523 0.0192909 -0.0257896 0.0668685 0.013505 0.0583669 0.00585396 -0.0327894 0.0735773 0.0828201 0.0966598 0.0347982 0.0207396 0.0127873 -0.0571796 0.0265656 0.00508812 0.0465159 0.077212 -0.0174713 0.00654127 0.061084 0.0804508 -0.0113637 0.14129 -0.0083894 0.0107326 0.128831
internal_weight=22748.1 10939.3 11808.8 6217.37 6969.9 4721.88 5611.27 3881.17 4555.43 5729.45 2358.85 1932.87 1333.21 1522.32 2443.18 2039.55 4838.91 1352.37 1755.74 1055.84 830.911 2394.05 1240.45 794.704 537.502 2112.26 126.694 1845.41 827.824 502.302
internal_count=307511 115774 191737 75474 106605 40300 68785 33979 56659 89250 20154 16468 11201 13825 29376 24761 85132 12413 21377 12126 7107 35895 17355 9051 6023 27283 1378 27143 11925 4094
is_linear=0
shrinkage=0.1


Tree=6
num_leaves=31
num_cat=0
split_feature=90 90 90 89 207 87 85 9 30 13 28 159 13 9 220 202 207 98 85 211 140 92 112 193 202 142 208 90 96 207
split_gain=2838.84 467.096 259.576 215.822 159.289 137.789 132.296 107.082 106.759 103.04 94.0663 92.106 87.6511 86.5158 74.0368 67.8907 66.8789 64.9509 67.3392 63.054 68.8973 55.9267 53.6872 52.3146 58.9241 52.0614 51.9381 50.123 48.3161 47.5534
threshold=0.47392557863815327 0.26404479559441585 0.63793628202174324 1.1583991683092993 1.5000000000000002 0.046595095661551754 2.6918824476650571 1.5000000000000002 0.26575311909471833 -2024.4999999999998 0.13211316158044484 0.09232954545454547 -1682.4999999999998 2.5000000000000004 18.500000000000004 69577.110000000015 1.0000000180025095e-35 20257.333333333339 14.316206580354278 0.38253449527959332 0.50714285714285723 0.23979380839145817 1.0000000180025095e-35 1307.6941911764709 97170.075000000012 0.4431524547803618 15.500000000000002 0.12228041109366983 -819.88636363636351 52.500000000000007
decision_type=10 8 8 10 10 10 2 2 8 10 10 10 10 2 10 8 10 10 2 10 8 8 8 10 8 10 10 10 10 10
left_child=1 11 4 8 7 -5 16 -2 22 -9 15 14 -10 -14 27 -11 -7 18 26 20 -8 -4 -3 24 -15 -17 -6 -1 -13 -23
right_child=2 3 21 5 17 6 19 9 12 10 -12 28 13 23 -16 25 -18 -19 -20 -21 -22 29 -24 -25 -26 -27 -28 -29 -30 -31
leaf_value=0.11584655094237324 -0.054337915468271041 0.031297225713423242 -0.064672436226362345 0.017498211958076808 0.09575674828921571 0.015156932165288108 0.11076702935965968 -0.0379753126933218 -0.014508458068912558 0.071780500301807756 -0.031383081994136967 0.075009104040990163 -0.017290984253894283 0.062572886801598504 0.034590356529713116 -0.0055611360514460535 0.068719840873554303 -0.0099667646932935349 0.49962335754772935 0.16903605145254907 0.056167375249604135 -0.034866300355289467 0.1509156388082088 0.081739369746249527 0.010082995642208967 0.079680298674894512 0.014029099106884373 0.064290746751810013 0.12439385961115852 0.23210086057297921
leaf_weight=234.72904776781797 1684.704534381628 1211.7218441516161 2868.8454512767494 1387.0090764090419 101.40023424848914 708.15463518351316 360.98756068199873 2700.4931480884552 1815.4431898593903 158.25679900497198 968.81052523851395 403.467827886343 551.46994104236364 278.65694884210825 765.749581605196 903.47137954831123 347.49981424212456 973.28757452964783 3.1159619092941275 78.207023747265339 642.37207560241222 637.75287451967597 38.719973385334015 168.86498469114304 919.80979655683041 77.821304529905319 333.5101215057075 959.02814865112305 389.2272682338953 6.7426919266581526
leaf_count=1654 27905 12703 54549 15619 1336 7357 3374 44605 22722 2439 15576 2996 6665 3138 6104 14177 3336 14032 40 735 6490 11141 360 1770 10692 1171 4669 7431 2628 97
internal_value=-0.000940569 0.0346851 -0.0360761 0.0231023 -0.0260243 0.0420431 0.0579721 -0.0326421 0.00971093 -0.0250413 -0.00847484 0.0704955 0.00124228 0.0161446 0.0588601 0.0110011 0.0327887 0.00442487 0.0364029 0.0825522 0.0758112 -0.0586924 0.0350012 0.0296298 0.0222875 0.00119893 0.0330841 0.0744282 0.0992579 -0.0320733
internal_weight=22679.3 11261.1 11418.2 8508.92 7904.87 3524.23 2137.22 6493.56 4984.69 4808.85 2108.36 2752.2 3734.24 1918.8 1959.51 1139.55 1055.65 1411.31 438.026 1081.57 1003.36 3513.34 1250.44 1367.33 1198.47 981.293 434.91 1193.76 792.695 644.496
internal_count=307511 115774 191737 94961 125950 36911 21292 105873 58050 77968 33363 20813 44987 22265 15189 17787 10693 20077 6045 10599 9864 65787 13063 15600 13830 15348 6005 9085 5624 11238
is_linear=0
shrinkage=0.1


Tree=7
num_leaves=31
num_cat=0
split_feature=90 90 90 275 207 275 202 129 92 280 127 100 193 6 82 193 13 275 6 29 207 211 100 89 211 99 90 89 117 211
split_gain=2320.66 398.604 222.476 143.703 129.354 120.871 105.492 107.621 103.356 93.7879 90.7644 86.6559 85.7938 79.0274 97.2003 80.8116 72.6139 72.4794 63.0066 60.5436 60.6432 59.5913 56.7756 56.0794 55.6137 53.1322 49.4994 48.7857 47.031 46.8554
threshold=0.4789681377115374 0.35872757158415197 0.56731536691602635 0.541917670682731 1.0000000180025095e-35 0.43670066375263078 148534.85250000004 17.781746031746035 0.40539312627885032 2.1558704453441302 -769.95454545454538 66426.56089285716 515.24984509466447 14006.250000000002 21.463979767543535 542.89310439560461 -3025.4999999999995 0.26902398676592226 14996.250000000002 0.72088002184299349 39.500000000000007 0.12251481237656354 119698.03150568182 1.1320143018441853 0.76818783068783081 -444.49999999999994 0.0940281446430698 1.1583973934454068 -100.49999999999999 0.60128205128205137
decision_type=10 8 10 10 8 10 8 10 8 10 10 10 10 10 10 10 10 10 10 10 10 10 10 8 10 10 10 8 10 10
left_child=1 3 9 4 11 6 13 21 17 12 24 16 23 -3 15 -15 -1 27 -12 20 -10 -8 -9 -2 26 -14 -6 -4 -28 -20
right_child=2 5 8 -5 10 -7 7 22 19 -11 18 -13 25 14 -16 -17 -18 -19 29 -21 -22 -23 -24 -25 -26 -27 28 -29 -30 -31
leaf_value=-0.02415626322869982 -0.040345890876858671 -0.011764130863245625 -0.061955675012229698 0.094457881412392738 0.11131024673865218 0.053942130510370626 -0.021554863264022599 0.0053101795201738571 -0.0074739800176968994 0.041537082227873723 0.034544118665951036 0.051011944761749042 0.048505085726315414 0.04485673312792797 0.00049168630898160047 0.12536913943336947 0.02446120451427005 -0.013782505915335301 0.083388658558868289 -0.066407210352889573 0.18936088214979599 0.028811737091931484 0.051371449903520251 -0.013562302483428705 0.11162104695857289 -0.0073958077699524108 0.023165602743110542 -0.040691725210312113 0.066336245334625371 0.17675236850198139
leaf_weight=408.81504184007645 1807.2976422049105 386.4121509604156 3391.6649471521378 590.34136287868023 84.35059018433094 583.10079087689519 2107.4642213210464 794.0498845204711 745.44788851961493 256.29913532733917 273.48917267471552 897.27975273132324 218.58391666412354 624.11238479614258 403.72984431684017 155.7837867885828 1236.0797932222486 461.95786116272211 934.31709089130163 190.25553274154663 15.98800692334771 264.37634547054768 403.6287339925766 1377.648649636656 106.05414956063032 765.41472812741995 1160.0926963835955 1582.3309546932578 322.50632826983929 57.034394480288029
leaf_count=4071 29749 4871 65275 4282 582 6119 26872 9505 12724 3462 2234 7526 3016 7422 5121 1678 10411 8456 7169 3412 205 3140 4718 20374 780 11400 9943 29972 2628 394
internal_value=-0.000949954 0.0297299 -0.0344107 0.0475803 0.0425304 0.0107948 0.00589961 -0.003602 -0.0463498 -0.0171773 0.0568222 0.0260142 -0.0207869 0.0275018 0.0403207 0.060939 0.012378 -0.0516722 0.0770373 -0.0159488 -0.003341 -0.0159408 0.0208333 -0.0287606 0.0415391 0.00502193 0.0367958 -0.0551912 0.0325564 0.0887601
internal_weight=22605.9 11793 10812.9 6070.36 5480.02 5722.66 5139.56 3569.52 6387.65 4425.24 2937.84 2542.17 4168.94 1570.04 1183.63 779.896 1644.89 5435.95 1264.84 951.691 761.436 2371.84 1197.68 3184.95 1673 983.999 1566.95 4974 1482.6 991.351
internal_count=307511 119466 188045 50020 45738 69446 63327 44235 120044 68001 23730 22008 64539 19092 14221 9100 14482 103703 9797 16341 12929 30012 14223 50123 13933 14416 13153 95247 12571 7563
is_linear=0
shrinkage=0.1


Tree=8
num_leaves=31
num_cat=0
split_feature=90 90 90 112 87 70 87 277 89 208 93 103 140 193 12 89 88 226 100 196 199 1 200 87 6 206 207 207 202 129
split_gain=1895.6 308.77 209.792 164.056 126.125 129.818 130.789 112.655 106.065 90.9219 89.6779 71.6986 68.4139 66.3939 63.0977 63.0448 62.2583 58.6494 57.7687 54.4238 53.157 52.7543 52.1797 50.2241 46.8156 46.735 44.6696 44.587 44.5064 42.8483
threshold=0.48065729961107667 0.35872757158415197 0.66647107635932679 0.042572463768115944 0.094986489295364809 1.0000000180025095e-35 0.046595095661551754 1.1222704573828175 1.1451998262446534 25.500000000000004 -0.15416498380508992 0.43095238095238103 0.43019480519480524 488.64342615769721 9902.5000000000018 1.0924005076142136 -0.20756838095609403 595.28250000000014 32890.026477272731 136984.32000000004 4013.5950000000007 1.0000000180025095e-35 13500.112500000001 0.10649576639166307 28442.250000000004 84.500000000000014 155.50000000000003 8.5000000000000018 98935.987500000017 25.679487179487186
decision_type=10 8 10 8 10 2 10 10 10 10 10 10 8 10 2 10 10 10 8 10 8 2 8 10 10 8 10 10 8 10
left_child=1 4 3 7 5 -1 19 10 18 14 -2 13 -10 17 -8 -12 -16 28 -3 -7 26 -14 -17 -6 -15 -9 -20 -11 -5 -26
right_child=2 8 -4 11 23 6 9 25 12 27 15 -13 21 24 16 22 -18 -19 20 -21 -22 -23 -24 -25 29 -27 -28 -29 -30 -31
leaf_value=0.019553931724830845 -0.044931829238634681 -0.021816058928898666 -0.059366036108970982 0.032070453992982167 -0.044106079401112823 0.017622910053007545 0.044722596122087684 0.040474322673947044 0.058114767709346975 0.028337047456327855 -0.037764240045280312 0.18256090354806095 0.0047321250180466529 0.014959418051312501 0.048868732718596208 0.022693802893742065 0.098077395415559931 0.11932443804291913 0.018684950477973115 0.06271163200764189 -0.012251965738710419 0.037054981398497285 -0.018422325229288435 0.019447633030162909 0.077007311701697195 -0.022460150871608044 0.31328467906324831 0.080578745233127358 -0.025386133456215695 0.27127282243610334
leaf_weight=1433.5013346225023 3477.8765417337418 1069.605465233326 2238.4396171569824 172.64679778367281 206.57120132446289 1042.4155802354217 435.08448338508606 298.62755837664008 485.45431101322174 708.34856004267931 1343.8203243426979 23.771256756037474 1375.9912727177143 160.1434040106833 324.97451141476631 401.47856659814715 1231.1281469166279 35.095232460647821 1245.2680957764387 360.20785927772522 873.1317834854126 797.64594867825508 1335.0435032844543 312.38648986816406 100.19879355281591 195.07418066263199 5.1682798415422431 212.34456454962492 615.26315970718861 12.804770238697527
leaf_count=12303 62472 13876 46233 2728 1914 8692 3155 4465 5032 5614 24055 369 15911 2281 2621 6551 8718 502 15172 2959 11600 9001 22396 2513 1437 3091 54 1531 10101 164
internal_value=-0.000945137 0.0259387 -0.0322422 -0.0248125 0.0413633 0.045626 0.0542884 -0.0304589 0.00942113 0.0663722 -0.0339268 0.0107422 0.0241737 0.00701609 0.0783879 -0.0215015 0.0878007 -0.00716225 -0.002864 0.0292021 0.00668184 0.0165934 -0.0089164 -0.00584993 0.0497361 0.0156073 0.0199026 0.0403858 -0.0127962 0.0990201
internal_weight=22529.5 12119.2 10410.3 8171.84 6266.96 5748.01 4314.5 7051.92 5852.27 2911.88 6558.22 1119.92 2659.09 1096.15 1991.19 3080.34 1556.1 823.005 3193.17 1402.62 2123.57 2173.64 1736.52 518.958 273.147 493.702 1250.44 920.693 787.91 113.004
internal_count=307511 120666 186845 140612 50020 45593 33290 123030 70646 21639 115474 17582 29944 17213 14494 53002 11339 13331 40702 11651 26826 24912 28947 4427 3882 7556 15226 7145 12829 1601
is_linear=0
shrinkage=0.1


Tree=9
num_leaves=31
num_cat=0
split_feature=90 90 91 13 9 12 91 207 9 208 207 130 89 29 129 159 84 91 277 133 204 82 89 203 13 103 102 129 188 126
split_gain=1554.49 276.501 184.992 176.572 176.37 182.892 140.488 127.857 101.492 100.706 94.5357 74.5339 73.3162 66.3973 64.1967 62.1989 61.7398 55.5635 54.5608 61.9583 53.9959 53.1324 51.2119 49.7837 48.4244 42.8307 42.3448 41.5897 41.4459 50.6805
threshold=0.48745925252576022 0.24639899603194307 0.1662057452639645 -2410.4999999999995 2.5000000000000004 19777.500000000004 0.038226781628445401 8.5000000000000018 2.5000000000000004 15.500000000000002 8.5000000000000018 46.500000000000007 1.1320143018441853 0.078707378021973695 24.050000000000004 0.17519181585677754 0.17843888887126519 0.0071496914394244722 0.69707639778062347 0.081298424391389734 -175.09545454545452 22.335796581966822 1.1716036885942549 -183.49999999999997 -2410.4999999999995 0.36515151515151517 525586.63500000013 25.345238095238098 1.0000000180025095e-35 0.10214429372286271
decision_type=10 8 10 10 2 2 10 10 2 8 10 10 8 8 10 10 10 8 10 10 10 10 8 10 10 8 10 8 10 10
left_child=1 13 3 14 28 6 9 8 -5 11 18 16 -10 -1 22 27 -6 -15 23 -20 -9 -14 -2 -11 26 -8 -19 -7 -3 -30
right_child=2 4 -4 7 5 15 25 20 12 10 -12 -13 21 17 -16 -17 -18 24 19 -21 -22 -23 -24 -25 -26 -27 -28 -29 29 -31
leaf_value=0.076199601785432877 -0.050772362423421549 -0.022270636558888571 -0.058906185141057811 -0.039570255671845266 0.029996835806024243 -0.027966421391972713 -0.019894592021196852 0.044508254492951871 -0.018731120290304392 0.031153144851073612 0.069607971058591955 0.10681514317427915 0.037521982360335243 0.088837506658900764 -0.0054894917440645764 0.040228505241928371 0.070124516714413526 -0.007393248528658504 0.10608234295950672 0.018784214029120953 0.2504216832036128 -0.0060269249011907847 -0.024007409877600468 0.0012025452372135498 0.046279413892081886 0.016302472115380204 0.063553362575100983 0.016455713985192633 0.026154138793453116 -0.013499722340396984
leaf_weight=767.550522595644 2575.683210093528 1155.3442625179887 1894.1508960723877 1080.1584598869085 842.75670321658254 966.61158388480544 561.27684805169702 290.89636392891407 1319.0968285873532 962.75364559143782 438.17373213171959 252.87635782361031 568.28281714767218 214.1066565066576 512.39522475004196 212.99924586713314 703.47782948613167 379.20151666551828 145.87307762354612 183.6591964289546 13.317811638116835 552.57400989532471 989.53624353930354 1310.2970171831548 1087.6878419443965 782.81787531077862 108.11235567927361 269.52722914889455 569.24067617580295 742.99315965175629
leaf_count=4830 49480 13536 39232 19684 8290 11555 7009 4156 23829 9882 3837 2202 9034 1313 9243 2257 6680 3084 1284 1701 173 9392 17710 13865 7229 9358 722 3034 5834 8076
internal_value=-0.000929591 0.0222181 -0.0308383 -0.0241102 0.0147821 0.0222953 0.0297885 -0.00867478 -0.01405 0.0377315 0.0266359 0.0564846 -0.00275226 0.0515957 -0.0385869 -0.00968076 0.0482534 0.0410403 0.0194011 0.0574282 0.0535227 0.0160527 -0.0433437 0.0138882 0.0345428 0.00118704 0.00834652 -0.0182806 -0.00845868 0.00370193
internal_weight=22453.4 12657.3 9796.09 7901.94 10100.7 7633.1 6183.96 3824.33 3520.11 4839.87 3040.76 1799.11 2439.95 2556.66 4077.61 1449.14 1546.23 1789.11 2602.58 329.532 304.214 1120.86 3565.22 2273.05 1575 1344.09 487.314 1236.14 2467.58 1312.23
internal_count=307511 125578 181933 142701 108400 80954 64108 66268 61939 47741 30569 17172 42255 17178 76433 16846 14970 12348 26732 2985 4329 18426 67190 23747 11035 16367 3806 14589 27446 13910
is_linear=0
shrinkage=0.1


Tree=10
num_leaves=31
num_cat=0
split_feature=90 90 1 16 140 82 82 277 1 12 202 90 193 207 100 16 208 202 271 28 129 133 30 131 90 275 142 89 202 159
split_gain=1283.33 271.92 147.452 144.835 115.156 111.64 127.355 96.5247 90.7409 94.9131 88.5546 79.358 74.7412 74.1119 72.6759 71.4745 55.3224 54.8769 56.488 53.5108 53.0152 51.1618 50.2806 49.5508 48.0682 45.8687 43.1797 42.8742 41.21 41.041
threshold=0.51338104423573083 0.37295973471711208 1.0000000180025095e-35 12.500000000000002 0.43019480519480524 10.767154021116635 12.734702333830031 1.5874405500413566 1.0000000180025095e-35 16950.500000000004 69577.110000000015 0.67028552096156346 420.95508384146348 23.500000000000004 90439.687500000015 26.500000000000004 15.500000000000002 24950.767500000005 69285.606513157909 0.11753201838405787 28.348484848484851 0.087720074500149584 0.19350502769441605 2331.2812500000005 0.17082415820069111 2.1266025641025643 0.15192307692307697 1.1583976163510459 90137.587500000009 0.30860805860805868
decision_type=10 8 2 8 8 10 8 10 2 2 8 10 10 10 8 8 8 8 10 10 10 8 8 10 10 10 10 10 10 8
left_child=1 4 11 -4 24 -3 -7 10 9 22 23 13 17 21 -12 -10 27 -5 -19 28 26 25 -6 -8 -1 -2 -16 -14 -17 -9
right_child=2 5 3 12 8 6 7 29 15 -11 14 -13 16 -15 20 19 -18 18 -20 -21 -22 -23 -24 -25 -26 -27 -28 -29 -30 -31
leaf_value=0.094509220188691123 -0.023555109474592613 -0.036451018112250926 -0.04204913809954669 0.15178897686025131 0.051226816116545781 0.058690816848995325 0.050747410014557473 0.033315330679636587 0.019996659680152531 -0.012092081239761635 -0.016899979283943205 -0.062109009593524646 0.055378936969619909 0.040771752819714908 -0.006589825735420704 0.1033926021102035 0.024212020490328195 -0.015643363283872051 0.060362006917230371 0.027299703852985909 0.05254728857313077 -0.044626152600687669 0.016497092663348388 -0.011198935269129214 0.047347311983785369 0.11923577812912517 0.025609240849386778 0.19703393697207738 0.055397932738833922 0.11007918167359693
leaf_weight=259.71277569979429 1384.1905991882086 640.50286293029785 1005.4733458086848 21.69765031337738 551.1720262169838 449.05939871072769 481.39744848385453 354.85524274036288 1053.286400154233 995.70115959644318 2468.4876151233912 1371.5554008483887 51.103895671665668 126.96110473200679 1449.7278101705015 255.42645478248596 295.60949270427227 1070.7022901363671 107.61173723265529 454.76581014692783 237.94187247753143 2787.1051374487579 1710.7735199481249 176.46043854951859 1287.2330894470215 22.868192613124847 584.35178316012025 36.718321271240711 597.15499269962311 86.65515148639679
leaf_count=1454 25745 8787 19794 406 3797 5269 5907 3725 8436 8916 32853 31060 890 1853 19206 1886 5270 21099 1872 3633 2845 53558 13926 2288 9366 346 7196 575 4697 856
internal_value=-0.000911013 0.0174462 -0.0321536 -0.0123671 0.0311054 0.00332212 0.00737285 0.00342674 0.0244532 0.0136348 -0.000249952 -0.041152 0.00648074 -0.0345001 -0.00502116 0.0393825 0.0449158 -0.00580016 -0.00870203 0.0550009 0.00788485 -0.0367787 0.0249597 0.0341312 0.0552652 -0.0212344 0.00266034 0.114605 0.0697767 0.0483818
internal_weight=22376.3 14094.7 8281.6 2588.92 7165.23 6929.44 6288.94 5839.88 5618.28 3257.65 5398.37 5692.68 1583.44 4321.13 4740.51 2360.63 383.432 1200.01 1178.31 1307.35 2272.02 4194.16 2261.95 657.858 1546.95 1407.06 2034.08 87.8222 852.581 441.51
internal_count=307511 145043 162468 49906 56111 88932 80145 74876 45291 26639 70295 112562 30112 81502 62100 18652 6735 23377 22971 10216 29247 79649 17723 8195 10820 26091 26402 1465 6583 4581
is_linear=0
shrinkage=0.1


Tree=11
num_leaves=31
num_cat=0
split_feature=90 30 1 28 9 1 117 94 87 211 94 129 12 9 280 208 104 90 200 126 199 205 188 261 84 96 104 112 88 33
split_gain=1057.78 214.856 168.342 161.405 146.853 130.967 106.068 97.5642 93.6162 88.5516 87.6301 87.3988 81.6968 90.7339 78.7133 64.1199 61.8623 57.7486 55.7175 54.826 51.1393 56.3811 50.2568 48.3839 47.7152 47.375 47.2921 45.8174 44.1122 41.2735
threshold=0.51338104423573083 0.31469441606860521 1.0000000180025095e-35 0.11753201838405787 1.5000000000000002 1.0000000180025095e-35 -60.499999999999993 0.00069866715807815965 0.09350355132672207 1.6162029459901801 0.001273431734304046 19.023809523809529 18159.500000000004 2.5000000000000004 0.91779279279279291 18.500000000000004 0.37797619047619052 0.64300964526816384 13018.1625 0.10397475474728773 348.99750000000006 -33696.499999999993 1.5000000000000002 58899.792784090918 0.14753928570374727 -1327.6306818181818 0.2752525252525253 0.088932806324110686 -0.16467855948595336 0.98385000000000011
decision_type=10 8 2 10 2 2 10 8 8 10 8 10 2 2 10 8 8 8 8 10 8 10 10 10 10 10 10 10 10 10
left_child=1 6 8 10 -2 14 11 -7 9 12 -4 16 13 -3 17 22 29 -6 -12 20 21 -15 -9 -17 -5 -13 -11 -8 -20 -1
right_child=4 2 3 24 5 7 27 15 -10 26 18 25 -14 19 -16 23 -18 -19 28 -21 -22 -23 -24 -25 -26 -27 -28 -29 -30 -31
leaf_value=0.043291779738603403 -0.052421646880553965 -0.020535218317393539 0.01410002987221016 -0.020059471957990831 -0.027140638784235269 -0.034167611508480793 0.056953254561781831 0.021106156705633986 -0.046979927517338455 0.21139887419525771 0.08681429399045959 0.00043344768631804211 -0.02169989656736504 0.012488799232054201 0.017517138812906688 -0.012637427926007814 0.0055457699748238769 -0.053544343634033688 0.012853653518528567 -0.00054718894629373043 0.01381454099516348 0.076853908682771699 0.087621203270455209 0.061585643686228202 0.014991332697961192 0.059878956957721122 0.027479566397667 0.13458627573663226 0.057859205496818736 -0.0057168209710064082
leaf_weight=990.86130211502314 2124.8528365194798 936.66530745476484 793.8094565346837 735.21783809363842 2476.7515857368708 585.31839038431644 757.24755051732063 365.51636597141623 471.92715719342232 29.594735652208328 407.90163850784302 158.22241577506065 1469.9496992230415 222.86085498332977 297.08769553899765 689.09352992475033 1823.1631931364536 1244.5992213487625 327.03535036742687 1176.8155355118215 931.45914945751429 349.54468496143818 164.81437394395471 100.65447337925434 823.29318302869797 878.01536455005407 26.499474205076694 84.505249816924334 651.92368061840534 207.89539849758148
leaf_count=8103 44829 11057 8574 8467 46845 11796 6096 7011 5923 233 3694 1438 17882 2377 5182 13215 16532 29249 3688 12912 9825 3121 2678 1663 9039 7280 272 579 6123 1828
internal_value=-0.000886066 0.0154785 0.00659297 0.0230323 -0.029868 -0.0217782 0.032442 -0.000185028 -0.00435383 -0.000442707 0.0405966 0.0257412 -0.00182052 0.0062577 -0.0320168 0.0148827 0.0171475 -0.0359713 0.0557627 0.0156195 0.0282704 0.0517939 0.0417775 -0.00317759 -0.00154367 0.0508023 0.124514 0.064747 0.0428245 0.0347924
internal_weight=22303.1 14254.4 9354.5 3739.18 8048.69 5923.84 4899.91 1905.4 5615.32 5143.39 2180.67 4058.16 5087.3 3617.35 4018.44 1320.08 3021.92 3721.35 1386.86 2680.68 1503.86 572.406 530.331 789.748 1558.51 1036.24 56.0942 841.753 978.959 1198.76
internal_count=307511 145043 103187 39585 162468 117639 41856 36363 63602 57679 22079 35181 57174 39292 81276 24567 26463 76094 13505 28235 15323 5498 9689 14878 17506 8718 505 6675 9811 9931
is_linear=0
shrinkage=0.1


Tree=12
num_leaves=31
num_cat=0
split_feature=90 90 89 9 1 28 94 100 89 6 202 275 275 207 7 211 9 12 92 129 133 13 13 124 91 142 30 142 193 208
split_gain=879.592 185.285 150.229 130.608 110.459 95.5425 90.149 90.0979 84.5771 81.5509 70.4753 67.5402 66.658 64.0004 62.6217 61.5175 56.1336 60.9436 53.8078 50.0609 47.8432 46.4339 46.2603 47.6947 44.6665 43.3638 43.0265 42.6735 42.0991 48.1842
threshold=0.45980720506123612 0.64125917917968966 1.1583991683092993 1.5000000000000002 1.0000000180025095e-35 0.62160842786303327 0.0013767279573693777 34790.250000000007 1.4091960784313728 23951.250000000004 27096.300000000007 0.18078697769802618 0.44504830917874399 1.0000000180025095e-35 450117.00000000006 0.18016393442622955 2.5000000000000004 16950.500000000004 0.24331827442180082 24.050000000000004 0.067000656314328097 -1869.4999999999998 -2459.4999999999995 46216.687500000007 0.013639754365974465 0.56385869565217395 0.46955788558464323 0.40967365967365971 524.25005692599632 11.500000000000002
decision_type=10 10 10 2 2 8 8 8 10 10 8 10 10 10 10 10 2 2 8 8 8 10 10 8 10 10 10 10 8 8
left_child=2 3 7 -2 12 -6 27 21 9 13 -8 16 15 26 -11 22 -9 25 -3 -19 -13 -1 -5 -24 -23 28 -4 -7 -18 -30
right_child=1 18 8 4 5 6 10 11 -10 14 -12 20 -14 -15 -16 -17 17 19 -20 -21 -22 24 23 -25 -26 -27 -28 -29 29 -31
leaf_value=-0.028496610578962463 -0.037140024465668733 -0.051865999483023964 0.01009295950350129 -0.035773973134452471 -0.020493801773180588 -0.0082907016795598712 0.23880181423974675 -0.0090352007052666786 0.069711487543344386 0.058493602776824985 0.04501983382143393 0.093980691036099129 0.024019706522732095 0.038664632428704104 0.025691749583759929 0.025458659759600401 0.014161684189176044 -0.016250771623809588 -0.015877142068698721 0.039188672962271381 0.030054788546368907 0.016976954710200859 0.043933480957667859 -0.017551883946650398 -0.024572005009792033 0.085738700019003342 -0.031393033053243466 0.081425816590946609 0.12235239378197456 0.035489214476120322
leaf_weight=804.05207443237305 1885.074839387089 2119.2647342048585 1284.1430806815624 1751.3121753931046 632.0539897531271 609.99344538897276 19.260712862014771 1049.8664539530873 502.32407699525356 1000.7943482995033 733.13098919391632 157.37903473898768 363.8173201829195 679.61000370979309 1390.8490110710263 264.93384913727641 1326.5543637722731 705.85842515528202 516.73664671555161 211.73547441512346 457.1649484783411 759.29759242758155 138.45195513963699 1421.2076032310724 392.48104438558221 120.72543014958501 310.43034669011831 58.06328359991312 73.28275103867054 496.6906990557909
leaf_count=9047 35561 52565 10649 33214 10500 10441 268 10684 3836 7253 11446 1246 5064 5170 12172 4326 12421 7448 10784 2027 3878 6730 2216 24157 4324 915 3352 913 551 4353
internal_value=-0.000859931 -0.021862 0.0179745 -0.0141824 -0.00696029 0.0118501 0.0262421 0.00792301 0.0307235 0.026526 0.0499805 0.0155682 -0.01676 0.0129683 0.0394178 -0.020909 0.0108092 0.0179081 -0.0448111 -0.00345808 0.0464256 -0.0100552 -0.0246192 -0.0120938 0.0028187 0.027627 0.0020165 -0.000493107 0.0239278 0.0466574
internal_weight=22236.5 10513.3 11723.2 7877.3 5992.23 2052.5 1420.45 6555.09 5168.15 4665.83 752.392 4599.26 3939.72 2274.18 2391.64 3575.91 3984.71 2934.85 2636 917.594 614.544 1955.83 3310.97 1559.66 1151.78 2017.25 1594.57 668.057 1896.53 569.973
internal_count=307511 201455 106056 138106 102545 33568 23068 63624 42432 38596 11714 43523 68977 19171 19425 63913 38399 27715 63349 9475 5124 20101 59587 26373 11054 18240 14001 11354 17325 4904
is_linear=0
shrinkage=0.1


Tree=13
num_leaves=31
num_cat=0
split_feature=90 207 193 9 220 127 13 129 211 205 210 143 129 30 1 91 16 31 30 173 275 124 12 207 117 196 142 13 126 131
split_gain=736.145 174.914 136.798 128.03 107.152 99.8611 89.6631 80.6642 72.8155 70.3755 65.4472 60.9813 57.4978 56.6165 60.1366 50.734 49.5705 48.0369 47.1141 44.4279 42.5513 45.2095 42.4246 42.2725 44.4946 41.3288 40.6427 39.6355 38.6023 38.2055
threshold=0.51804176062333263 1.0000000180025095e-35 151.00198125000003 1.5000000000000002 14.500000000000002 -533.64583333333314 -1793.4999999999998 15.607692307692309 0.09958677685950415 -11191.499999999998 7.5000000000000009 0.089572192513368995 23.966666666666672 0.12334537001096685 1.0000000180025095e-35 0.18237579284247762 18.500000000000004 0.05995000000000001 0.31469441606860521 0.16869918699186995 0.71509740259740273 32159.250000000004 15478.500000000002 18.500000000000004 -237.49999999999997 4667.7600000000011 0.23606811145510839 -3852.4999999999995 0.10429763079108015 1737.2812500000002
decision_type=10 8 10 2 10 10 10 10 10 10 10 10 10 8 2 10 8 10 8 10 10 8 2 8 8 10 10 10 10 8
left_child=1 4 6 -3 11 8 -2 26 13 12 25 17 27 -5 22 20 -16 29 -9 -7 21 -8 -15 -10 -25 -11 -6 -4 -29 -1
right_child=2 3 9 5 7 19 15 18 23 10 -12 -13 -14 14 16 -17 -18 -19 -20 -21 -22 -23 -24 24 -26 -27 -28 28 -30 -31
leaf_value=0.025548828475060126 -0.046107728706408717 -0.0034426901863416695 -0.041123089310775483 0.058662286321801926 -0.031392507440969518 0.038144517446263002 0.070561308070852535 0.028821102942314054 0.014735244512417912 0.19294763245724558 0.24713888711997672 0.047883234928501703 0.026770668673957762 0.014911898309336683 0.0060503663773550714 -0.052839828855570661 0.042751000687065902 -0.013777500084017933 -0.0058173687541959295 0.073586727647143663 0.059730431883131298 -0.018528201009576941 -0.012910678247609437 0.023850978963983388 0.083611528031287741 0.018961635477337431 0.00020345130745471064 0.014916934140517622 -0.024288178393808806 -0.011737037509809367
leaf_weight=1314.4192090556026 3136.7839221954346 1566.78038078174 609.28552228212357 286.29626667499542 1606.1374541856349 1018.9984767921269 59.223834898322821 578.18753895536065 254.51382621005177 14.271352145820854 14.016395684331654 474.92510679736733 299.68809693306684 1176.2775738798082 621.36717581748962 362.05281352996826 902.64202155917883 681.24208879470825 1223.8508746735752 541.70202853530645 79.853471398353577 1490.7446398474276 1026.1687900274992 186.15678321570158 376.70516304671764 315.03677847981453 545.35127829387784 409.84141765162349 648.6079629920423 347.45775943994522
leaf_count=12930 71710 16679 12977 1942 19272 8294 1074 5048 2307 230 206 4133 5797 11577 6315 8931 8386 7450 14524 4156 1249 30333 11604 1743 3164 5636 5572 7808 12805 3659
internal_value=-0.000828256 0.0121224 -0.0264691 0.022175 0.00030917 0.0284554 -0.0355713 -0.0103111 0.0213498 -0.00626704 0.0355094 0.0152087 -0.0135572 0.0158084 0.012516 -0.0189786 0.0277875 0.00858596 0.00529645 0.0504461 -0.0114566 -0.0151241 0.00194874 0.0485545 0.0638468 0.0265017 -0.0233837 -0.020804 -0.0091076 0.0177533
internal_weight=22168.6 14729.2 7439.41 7957.61 6771.57 6390.83 5128.66 3953.53 4830.13 2310.75 343.325 2818.04 1967.42 4012.75 3726.46 1991.87 1524.01 2343.12 1802.04 1560.7 1629.82 1549.97 2202.45 817.376 562.862 329.308 2151.49 1667.73 1058.45 1661.88
internal_count=307511 148755 158756 76167 72588 59488 113297 44416 47038 45459 6072 28172 39387 39824 37882 41587 14701 24039 19572 12450 32656 31407 23181 7214 4907 5866 24844 33590 20613 16589
is_linear=0
shrinkage=0.1


Tree=14
num_leaves=31
num_cat=0
split_feature=90 82 87 70 207 126 89 142 90 208 6 87 188 7 174 150 91 13 280 124 117 210 148 201 277 126 275 100 98 112
split_gain=610.712 169.984 181.106 214.363 113.782 111.897 88.2985 80.9796 67.2908 66.381 62.0879 58.6075 58.2513 54.2516 53.972 51.5965 48.5213 46.8924 46.0655 43.0282 50.5802 42.9119 42.8237 40.2802 39.721 39.0814 38.2054 37.9257 36.0608 35.2072
threshold=0.53204505216173581 10.767154021116635 0.046595095661551754 1.0000000180025095e-35 1.5000000000000002 0.10890901743218198 1.1320143018441853 0.27842377260981915 0.33731050700993453 19.500000000000004 16503.750000000004 0.10609757138153665 5.5000000000000009 450117.00000000006 0.063508064516129045 0.31414473684210531 0.11540501365784683 -1911.4999999999998 2.4847926267281113 38657.250000000007 -140.49999999999997 39.500000000000007 0.67054263565891481 7531.6610210755825 8.7743212669683288 0.10849823064698642 1.167670682730924 66426.56089285716 2724945.2500000005 0.23973727422003285
decision_type=10 10 8 2 10 10 8 10 8 10 10 10 8 10 8 10 10 10 10 8 8 8 8 10 8 10 10 8 8 10
left_child=1 11 8 14 6 7 22 12 -3 28 -7 -1 19 23 25 -14 17 29 -10 20 -5 -11 -2 -12 -20 -4 27 -21 -6 -8
right_child=4 2 3 5 9 10 16 -9 18 21 13 -13 15 -15 -16 -17 -18 -19 24 26 -22 -23 -24 -25 -26 -27 -28 -29 -30 -31
leaf_value=-0.047505013908077584 -0.014180556765370111 0.01460876707370721 0.016788776948030035 0.0037115887513738165 0.015544749886084341 -0.013588557618607883 -0.022646010284870899 0.065255622995316925 -0.01295452982776934 -0.012497247572144321 0.060062529372023513 -0.0052059193160914063 0.033292836214674021 -0.0011602359316062651 -0.031227170616587138 0.077746760754082003 -0.038858071204017318 0.014320268300706651 0.013909582172102608 -0.004873892595609549 0.11818461781451883 0.28337500136505134 -0.046968872562158481 0.022888577479849421 0.12162101263687769 -0.012078128480167871 0.081611600166427711 0.026522850542010274 0.089904708861512653 0.26322764552054129
leaf_weight=593.33831681311131 463.08508801087737 1690.3624086081982 1104.1872566305101 64.742434747517109 158.5467288531363 588.75135004520416 899.67629239708185 1069.0240270756185 3186.4428242444992 850.76593087613583 427.10794988647103 731.26442718505859 632.7794160284102 615.02719441428781 541.21863383799791 444.50783839821815 676.93824076652527 626.52128008380532 198.50004449114203 631.14919286221266 95.586893513798714 4.9303659833967677 2848.7323702946305 917.93711119145155 41.37301966920495 815.28253720700741 88.865605253726244 985.45077545195818 110.78772926330566 4.328797720372676
leaf_count=7847 10477 12542 11559 607 2884 5866 20161 8328 42447 16324 3607 7590 5958 6555 6228 3609 15756 12165 2183 6433 791 47 68251 8272 381 9099 645 9105 1714 80
internal_value=-0.000794091 0.010101 0.0133102 0.0218338 -0.0261496 0.0312739 -0.0320577 0.0416829 -0.00171828 0.00283532 0.0148891 -0.0241532 0.0331206 0.023443 -0.00333641 0.0516353 -0.0165652 -0.00670532 -0.00977318 0.0224304 0.0719594 -0.0107925 -0.0423841 0.0346929 0.0324875 0.00452774 0.0177742 0.014265 0.0461319 -0.0212771
internal_weight=22107.2 15462.9 14138.3 9021.62 6644.31 6560.93 5519.28 4012.11 5116.68 1125.03 2548.82 1324.6 2943.08 1960.07 2460.69 1077.29 2207.46 1530.53 3426.32 1865.79 160.329 855.696 3311.82 1345.05 239.873 1919.47 1705.47 1616.6 269.334 904.005
internal_count=307511 159652 144215 86662 147859 59776 126890 35476 57553 20969 24300 15437 27148 18434 26886 9567 48162 32406 45011 17581 1398 16371 78728 11879 2564 20658 16183 15538 4598 20241
is_linear=0
shrinkage=0.1


Tree=15
num_leaves=31
num_cat=0
split_feature=90 90 112 6 88 126 7 82 103 189 142 205 96 207 201 9 211 178 198 100 238 117 277 202 84 99 173 197 86 159
split_gain=514.03 171.4 129.888 104.176 100.971 93.5552 91.7183 86.6774 82.4642 66.7055 64.533 55.1766 52.9783 51.0013 50.4079 49.5762 46.9392 44.9935 44.0221 43.3972 42.6128 41.1376 41.0244 40.7792 37.525 41.6762 35.5274 37.8485 40.7898 35.3108
threshold=0.42969128567678244 0.66647107635932679 1.0000000180025095e-35 16503.750000000004 -0.16317595502645482 0.19877095515392526 450117.00000000006 10.767154021116635 0.39208074534161497 4.5000000000000009 0.33809523809523817 -31100.499999999996 -718.47222222222206 1.0000000180025095e-35 6994.2630000000008 2.5000000000000004 0.63680926916221037 0.087595907928388769 47405.970000000008 104108.73214285716 29611.832678571431 -96.499999999999986 2.7862781954887224 47726.707500000011 0.17199999998582419 -746.49999999999989 0.15450928381962867 18664.732214488638 0.29741250000000002 0.15075757575757578
decision_type=8 10 8 10 10 10 8 10 10 10 10 10 8 10 10 2 10 10 8 10 10 8 10 10 10 8 10 8 8 10
left_child=3 2 4 12 13 9 7 -5 10 15 16 -11 -1 -2 21 -6 18 -16 -4 -8 -20 -9 -17 -10 -13 -26 -12 -28 -29 -3
right_child=1 29 8 6 5 -7 19 14 23 11 26 24 -14 -15 17 22 -18 -19 20 -21 -22 -23 -24 -25 25 -27 27 28 -30 -31
leaf_value=-0.018412610778814079 -0.032499056041634992 -0.050200898463754778 0.074505561549184612 -0.0068206219915860761 -0.031619262316751016 -0.031381379955231423 0.0025808037830120883 0.036719493392190015 0.40928950203015424 0.0028841933396471448 0.022739682041036612 0.020320647610822116 0.0097436482089351354 -0.0053905620561520593 0.02423225255511699 -0.0012116597730105058 0.10771107109593361 0.062805885176198104 -0.0082503267871211448 0.02524362139630203 0.07769843951889846 0.07734339732235998 0.08810823246775458 0.11341349635788078 0.19250715572454213 0.058035005028967329 0.075156870470277914 0.16597761089043958 0.50948907454836168 -0.0092540383463437983
leaf_weight=1089.1110858917236 3096.0128287002444 1478.6256461404264 77.777616683393717 497.26366995275021 625.12755509093404 1005.091468334198 2495.1273596957326 505.00789332389832 5.1998598389327517 789.01511669158936 68.537661641836166 326.6187958791852 1729.4056894816458 894.54194939881563 2025.4089069515467 1390.4485782682896 43.449774391949177 355.46105413138866 1019.5672271326184 1277.6055891513824 61.144122567027807 492.24883592873812 53.396324839442968 44.719377372413874 25.429573059082031 246.03947424888611 55.431293800473213 20.289460297673944 4.1666433773934832 245.58273551240563
leaf_count=10003 63207 39999 1129 4595 12346 17632 22213 3553 69 12765 933 4678 14411 14473 15040 23537 512 2421 16759 10909 807 3238 621 589 352 3453 711 273 49 6234
internal_value=-0.00076189 -0.0152824 -0.0101919 0.0152979 -0.0148656 -0.00452802 0.0213543 0.0321592 0.0180171 0.00328144 0.0133512 0.0202487 -0.00113629 -0.0264223 0.0378971 -0.00809395 0.00566911 0.0299913 0.00184197 0.0102554 -0.00338755 0.0567716 0.00209157 0.144234 0.0431565 0.0706315 0.0755602 0.120876 0.224502 -0.0443687
internal_weight=22042.9 11576.2 9852 10466.6 8451.72 4461.17 7648.12 3875.39 1400.28 3456.08 1350.36 1387.1 2818.52 3990.55 3378.13 2068.97 1201.94 2380.87 1158.49 3772.73 1080.71 997.257 1443.84 49.9192 598.088 271.469 148.425 79.8874 24.4561 1724.21
internal_count=307511 221128 174895 86383 153064 75384 61969 28847 21831 57752 21173 21248 24414 77680 24252 36504 19207 17461 18695 33122 17566 6791 24158 658 8483 3805 1966 1033 322 46233
is_linear=0
shrinkage=0.1


Tree=16
num_leaves=31
num_cat=0
split_feature=90 9 13 28 103 129 91 202 280 29 220 199 1 100 189 205 30 89 142 89 126 173 6 7 97 297 235 89 193 126
split_gain=434.925 161.718 154.637 118.913 92.4413 87.1787 85.7122 64.4704 64.0886 62.9708 62.6928 56.8379 55.9547 53.1593 49.9985 46.3306 44.8981 43.6514 43.4418 42.2231 41.8035 41.1689 40.9449 52.011 40.5704 36.9231 36.4164 35.6518 34.9391 34.3233
threshold=0.55047760927024691 2.5000000000000004 -1716.4999999999998 0.11753201838405787 0.52786377708978338 24.050000000000004 0.02524091454116734 132192.33750000005 0.70057471264367821 0.70369773703499316 21.500000000000004 2044.8000000000004 1.0000000180025095e-35 61165.040625000009 42.500000000000007 -27394.499999999996 0.22952115678204391 1.1055956251494146 0.36266924564796915 1.0871209489872471 0.10891428101093481 0.12613636363636366 20607.750000000004 675191.25000000012 -38.499999999999993 0.62731481481481499 22280.625000000004 1.3861000000000001 412.8557404580153 0.10890910204752043
decision_type=10 2 10 10 8 10 8 10 10 8 8 8 2 8 8 10 8 10 10 8 10 10 10 8 10 10 10 10 10 10
left_child=1 19 5 10 11 6 -3 22 13 12 14 -2 18 -9 24 -16 -5 -14 -6 25 -21 -7 -8 -24 -4 -1 -18 29 -15 -12
right_child=4 2 3 16 9 21 7 8 -10 -11 27 -13 17 28 15 -17 26 -19 -20 20 -22 -23 23 -25 -26 -27 -28 -29 -30 -31
leaf_value=-0.023475086266641337 -0.020784035213651578 0.042535376776832959 0.03715338481307269 0.033674749367656791 -0.01754510360584809 0.010703790075203223 -0.0079892902738917734 -0.036438410978921275 0.01706644307055525 -0.037199362634373241 0.026510735557795234 -0.045742995207084081 -0.0035639409615460509 -0.020008664013004943 0.032050912203361911 0.13329944491690471 -0.00089665763574805308 0.057478105494755682 0.056600518866075304 0.0093371525123772565 -0.019769610105715957 0.054391556003887426 0.041308262828859584 -0.017889724179561257 0.09140729835958776 0.25199990396630972 0.058774727691938901 0.065878042504844123 0.011102854178329328 -0.0063547863703202652
leaf_weight=1649.3341162353754 1704.2832596600056 371.66338475421071 1945.3986691832542 550.19322619959712 832.19976642727852 475.57218096032739 653.40755923092365 1239.4097624495625 525.9716884419322 506.82608222961426 837.42735369130969 1963.6544141769409 203.23224383220077 992.62530283257365 73.353673577308655 117.73328170180321 2197.3494662828743 276.57698236405849 87.31040408089757 1343.5063810497522 779.84001994132996 394.73581739515066 574.05407156422734 200.16757945343852 148.34104346111417 4.8799699172377577 107.2665901184082 147.13745716959238 567.24938767030835 512.07663635537028
leaf_count=21189 39309 2744 16091 3928 18612 5111 7781 16986 5023 12467 7633 51843 4252 12589 605 795 23211 5213 1665 14398 8854 4015 6285 2597 1075 47 909 1200 6123 4961
internal_value=-0.000729182 0.00746896 0.0128981 0.0234144 -0.0248624 0.00125655 -0.00371308 -0.00732959 -0.0149609 -0.00699842 0.0350452 -0.034146 0.0039402 -0.0209786 0.0454662 0.0944326 0.00800821 0.0316226 -0.0105047 -0.0106844 -0.00135287 0.0305188 0.0104453 0.0260032 0.0409973 -0.0226624 0.0018807 0.019136 -0.00869494 0.0140397
internal_weight=21982.8 16408.7 12631.1 6636.28 5574.08 5994.86 5124.55 4752.89 3325.26 1906.15 3781.47 3667.94 1399.32 2799.28 2284.83 191.087 2854.81 479.809 919.51 3777.56 2123.35 870.308 1427.63 774.222 2093.74 1654.21 2304.62 1496.64 1559.87 1349.5
internal_count=307511 174150 129662 60408 133361 69254 60128 57384 40721 42209 32360 91152 29742 35698 18566 1400 28048 9465 20277 44488 23252 9126 16663 8882 17166 21236 24120 13794 18712 12594
is_linear=0
shrinkage=0.1


Tree=17
num_leaves=31
num_cat=0
split_feature=90 91 193 89 8 126 211 280 41 5 126 202 129 6 117 279 87 87 7 198 96 150 207 245 87 178 95 16 129 197
split_gain=361.952 159.716 140.688 103.225 81.2088 78.1454 64.1553 62.3386 61.7455 57.7734 56.261 55.962 58.7625 52.8797 50.9523 44.8841 44.606 51.1683 41.0212 41.5585 40.8196 39.0491 37.7052 37.3893 36.4958 39.1274 38.9488 34.6453 35.2747 34.2979
threshold=0.41326316615744102 0.18237579284247762 488.64342615769721 1.1451990170506692 5.5000000000000009 0.10147443008043965 1.2283208020050129 2.9924242424242427 0.069350000000000009 180994.50000000003 0.10299192051692106 98935.987500000017 17.781746031746035 24594.750000000004 -76.499999999999986 3.5000000000000004 0.092540718232044211 0.079003184151700587 675191.25000000012 23252.512500000004 -1072.0741758241757 0.06458333333333334 1.0000000180025095e-35 156389.51250000001 0.079447657032894373 0.19782608695652179 -0.053964725663246914 11.500000000000002 16.679487179487186 4337.9520000000011
decision_type=8 10 10 8 2 10 10 10 10 2 10 8 10 10 10 10 8 10 8 8 8 10 8 10 10 10 8 8 10 8
left_child=4 2 3 11 14 6 16 13 9 -6 -11 -2 15 -5 22 -13 17 21 19 -15 -14 -4 -1 -9 25 -19 -27 -12 -29 -24
right_child=1 -3 5 7 8 -7 -8 23 -10 10 27 12 20 18 -16 -17 -18 24 -20 -21 -22 -23 29 -25 -26 26 -28 28 -30 -31
leaf_value=-0.01519952155239955 -0.0022917443491728422 -0.0461127973624436 -0.013033952681089929 -0.018321618824409712 -0.0023883640256295198 -0.0046609483562778647 0.1290803445949191 0.095109331354326365 0.0001567353787370932 0.040488593462244482 -0.010582408789640577 -0.04421263866618852 -0.033315628259740798 0.1608963284961914 0.029569493344584377 -0.0086439910730002484 -0.031988366458773732 0.14588613097081923 -0.010541772475981377 0.017384687485483909 0.0065278449147940596 0.034427450664194781 0.058521178153885224 0.011263733443083068 0.054417138955727119 0.11903999547263629 0.74365996495022835 0.015362492390975677 0.051359967290734068 0.0030671176084115081
leaf_weight=1383.4210886061192 876.97301552072167 1246.835376739502 221.23639700934291 1667.6017358526587 629.2775380089879 1469.2020645141602 61.045259065926075 98.923653844743967 1158.1852371692657 2325.9585675001144 362.09117198735476 2189.114190204069 448.0888614654541 20.623174030333757 575.10852082632482 423.39640297368169 127.35370394587517 28.656946342438459 769.15328113734722 935.52304136753082 603.36693787388504 800.92853661999106 119.37028250098228 115.02700626477599 56.439826011657715 1.7425750158727167 2.3373463228344908 1153.0684216171503 356.34690386801958 1698.5988063812256
leaf_count=12621 16718 34540 3604 28737 5117 24184 750 1134 9105 16523 2875 47915 9383 287 4384 7270 2097 349 14266 14714 11098 11533 903 1576 675 22 29 8853 2622 13627
internal_value=-0.000695955 -0.0122061 -0.00833355 -0.0149514 0.0136467 0.01114 0.029001 -0.00232204 0.0208921 0.0258676 0.0301036 -0.0249829 -0.030414 -0.00562334 0.00216439 -0.0384482 0.0240689 0.0304928 0.00665028 0.0204801 -0.0104519 0.024155 -0.00275875 0.0500311 0.103139 0.187137 0.476879 0.0171969 0.0238609 0.00670831
internal_weight=21925 12163.6 10916.7 8147.79 9761.43 2768.94 1299.74 3606.85 5984.93 4826.74 4197.47 4540.94 3663.97 3392.9 3776.5 2612.51 1238.7 1111.34 1725.3 956.146 1051.46 1022.16 3201.39 213.951 89.1767 32.7369 4.07992 1871.51 1509.42 1817.97
internal_count=307511 230881 196341 153098 76630 43243 19059 60714 45095 35990 30873 92384 75666 58004 31535 55185 18309 16212 29267 15001 20481 15137 27151 2710 1075 400 51 14350 11475 14530
is_linear=0
shrinkage=0.1


Tree=18
num_leaves=31
num_cat=0
split_feature=90 1 16 82 100 9 159 140 12 205 188 1 131 280 228 96 202 97 104 87 12 124 93 89 209 207 127 207 86 30
split_gain=306.333 140.843 120.295 107.918 96.4021 89.2579 79.7209 72.1384 64.9131 71.4162 60.9464 54.5116 51.3993 48.7663 46.5997 49.8779 46.3958 43.7056 42.4615 39.5323 39.5586 39.4735 37.5952 35.6862 34.447 34.2553 33.3835 37.5356 33.3789 38.8169
threshold=0.55047760927024691 1.0000000180025095e-35 16.500000000000004 10.767154021116635 41611.05000000001 1.5000000000000002 0.12731481481481485 0.62678571428571439 10061.500000000002 -18724.499999999996 5.5000000000000009 1.0000000180025095e-35 -6492.6446691176452 0.77095883534136556 34464.648000000008 -1072.0741758241757 171349.35750000001 -92.499999999999986 0.56385869565217395 0.096638201806046334 12705.500000000002 32159.250000000004 -0.091954478964897099 1.3168013471831628 0.10880327163151099 2.5000000000000004 -355.4615384615384 1.0000000180025095e-35 0.13503518518518523 0.14599244001433329
decision_type=10 2 8 10 8 2 10 8 2 10 10 2 8 10 8 8 8 10 10 8 2 8 10 10 10 8 10 8 10 8
left_child=1 3 12 -1 13 -2 11 28 24 25 22 19 -3 16 -8 -16 23 -9 26 20 21 -7 -11 -5 -4 -10 27 -13 -6 -30
right_child=5 2 8 4 7 6 14 17 9 10 -12 18 -14 -15 15 -17 -18 -19 -20 -21 -22 -23 -24 -25 -26 -27 -28 -29 29 -31
leaf_value=-0.038754906587894253 -0.043363595240302949 0.016624496360598155 -0.0053293858885415804 -0.007746955949737378 0.0063380389899837511 0.21875713098046054 -0.022181739713200525 -0.0051677691692359725 0.0038051548505288117 0.021918242678593058 0.087477880262608984 -0.023997506554278136 -0.012225572539686612 0.01884496434323233 -0.001878031434542818 0.061912577396077112 -0.028139250949783059 0.023503005427496018 -0.021394646670625173 -0.070206049765797363 -0.02980216185245568 0.0070925755909078056 0.05614504889904031 0.051215215683882293 0.064146477835889656 0.032663824902268594 0.083834033794089088 0.034262415917762287 0.068298894428697077 0.024177748847297828
leaf_weight=718.35965745337307 1379.8200851585716 1090.0396389961243 685.31214066967368 929.94697893038392 872.39075121283531 9.2274210546165687 217.14217818900943 3014.923842638731 746.44273701310158 629.52742873132229 331.21034354716539 196.66178056970239 1424.6302647590637 421.1556875705719 221.82844483852386 273.94179305620492 1658.1484008207917 645.53153789043427 541.62724273093045 214.59107148647308 1783.5860014557838 195.08096736855805 654.65431606024504 115.38506068661809 79.660129133611917 916.14296714961529 68.231789795681834 252.66606285795569 233.98580363020301 1349.0511603094637
leaf_count=9558 37438 11156 5694 10390 8484 186 5071 33576 8295 6552 2507 4324 15777 3820 5152 5413 21105 6705 13069 5828 45923 4498 5612 1064 595 8759 1325 5134 1450 13051
internal_value=-0.000664765 0.00607369 0.0174537 -0.00141968 0.00148277 -0.0214506 -0.0138432 0.00878348 0.0281354 0.0342566 0.049231 -0.0204645 0.000280132 -0.012807 0.0164498 0.03337 -0.0177378 -0.000111598 -0.00182236 -0.0294295 -0.0250278 0.0166522 0.0393665 -0.00123864 0.00190546 0.0197073 0.0186601 0.00876322 0.0220439 0.0306992
internal_weight=21870.9 16516.5 6557.62 9958.88 9240.52 5354.4 3974.58 6115.88 4042.95 3277.98 1615.39 3261.67 2514.67 3124.64 712.912 495.77 2703.48 3660.46 1059.19 2202.49 1987.89 204.308 1284.18 1045.33 764.972 1662.59 517.56 449.328 2455.43 1583.04
internal_count=307511 174150 64947 109203 99645 133361 95923 63266 38014 31725 14671 80287 26933 36379 15636 10565 32559 40281 23852 56435 50607 4684 12164 11454 6289 17054 10783 9458 22985 14501
is_linear=0
shrinkage=0.1


Tree=19
num_leaves=31
num_cat=0
split_feature=30 9 142 90 202 100 93 277 211 99 117 202 11 129 104 199 131 30 207 15 129 202 12 28 129 94 131 129 161 158
split_gain=260.433 150.808 113.179 105.178 103.935 115.776 88.0739 70.5776 64.3689 58.3133 57.4967 53.6353 48.4128 49.5784 46.9444 45.674 45.6292 43.6389 43.4404 36.3791 36.3608 35.1958 34.9793 33.7211 32.8645 31.8299 31.8185 31.5168 31.1813 34.447
threshold=0.47674953178598795 2.5000000000000004 0.38956639566395673 0.67614083688075699 74651.085000000021 67286.493750000009 -0.16007885771674277 0.9127382421500071 0.09958677685950415 -601.49999999999989 -130.49999999999997 188542.55250000002 0.034176500000000005 19.783625730994157 0.49137931034482768 375.1425000000001 -8246.0249999999978 0.30543724103342867 1.0000000180025095e-35 -4161.4999999999991 25.345238095238098 210819.75750000004 18705.500000000004 0.39508714505419368 24.369318181818183 0.0053566900772120353 3195.2500000000005 13.486842105263159 0.83130081300813019 0.15587044534412958
decision_type=10 2 10 10 10 10 10 10 10 10 8 8 2 8 10 8 8 8 8 2 10 8 2 10 10 8 8 8 10 10
left_child=1 15 4 6 10 7 18 8 11 21 26 -6 13 22 -4 -1 -11 27 -2 -12 -13 -8 23 25 -10 -7 -3 -17 -20 -30
right_child=3 2 14 -5 5 12 9 -9 24 16 19 20 -14 -15 -16 17 -18 -19 28 -21 -22 -23 -24 -25 -26 -27 -28 -29 29 -31
leaf_value=0.0025269427075461943 -0.035510936756487449 0.023690503915420862 0.051239815368183429 -0.047378745658357847 0.0015030404841661141 0.009456527594404688 0.07709603851048534 0.025478609551452255 0.013526144808572949 0.010499344899627011 0.010397571478050219 -0.028534570040570029 -0.01812243239498551 0.04732652084462749 0.017994629371107847 -0.019964168073210581 -0.014985548148155775 -0.031835839968662009 -0.013027140559667215 0.053869888057861276 0.0082182603343357898 0.012978360340085347 -0.015252305509088163 -0.010590689449448647 0.095641107777414552 0.044026031579413052 -0.021858617057076698 0.021191194762214215 0.083744898047681857 0.59003716587358757
leaf_weight=1461.9683322571218 1528.5983136706054 416.10569530725479 953.99009873718023 932.97606468200684 1270.3515776358545 449.34899293631315 140.34694030880928 629.1281525734812 490.22720137052238 1179.4330608844757 247.69505441188812 2116.9966103434563 293.10868072509766 698.11762975156307 765.61669017747045 414.97332064807415 1737.5509328246117 1285.0289559364319 1567.5904110278934 863.82765175029635 308.39989185333252 219.51955482363701 301.48436354845762 252.08196975290775 54.120493125170469 654.0009567886591 242.88046211004257 337.33932335674763 9.250275878235696 1.5722570717334736
leaf_count=16971 32919 3922 7603 29653 14138 4040 2210 5622 5060 19119 2783 27479 3363 6601 6701 4158 29628 20817 29857 8179 3790 3810 3729 3184 519 5480 2762 3255 135 24
internal_value=-0.000634591 0.0071236 0.0128724 -0.0160164 0.00850927 0.00337546 -0.011433 -0.00577656 -0.0104141 4.36954e-06 0.0303068 -0.0151427 0.0202036 0.0249736 0.0364381 -0.0109598 -0.00468116 -0.0206377 -0.0234955 0.0441824 -0.0238613 0.0379841 0.0155556 0.0224081 0.0216902 0.0299473 0.00690261 -0.00150998 -0.0118593 0.157297
internal_weight=21823.6 14506.8 11007.5 7316.84 9287.88 7517.37 6383.86 4869.22 4240.1 3276.85 1770.51 3695.75 2648.14 2355.03 1719.61 3499.31 2916.98 2037.34 3107.01 1111.52 2425.4 359.866 1656.92 1355.43 544.348 1103.35 658.986 752.313 1578.41 10.8225
internal_count=307511 160156 114955 147355 100651 83005 117702 56608 50986 54767 17646 45407 26397 23034 14304 45201 48747 28230 62935 10962 31269 6020 16433 12704 5579 9520 6684 7413 30016 159
is_linear=0
shrinkage=0.1


Tree=20
num_leaves=31
num_cat=0
split_feature=90 9 13 28 12 29 129 100 207 159 1 207 200 86 93 260 279 16 259 207 127 198 142 207 211 37 211 29 217 109
split_gain=222.406 131.323 117.788 91.9289 81.3071 76.5733 67.4631 61.5418 61.0408 56.0925 48.6504 47.9288 45.0022 43.883 42.7279 42.1528 40.5268 40.1117 39.7004 40.2315 38.1043 37.488 37.1833 36.7495 35.4407 33.2765 32.8666 41.1754 32.3357 31.9914
threshold=0.41326316615744102 2.5000000000000004 -2459.4999999999995 0.24768607424338079 15313.500000000002 0.05781745973981154 23.171568627450984 67286.493750000009 1.0000000180025095e-35 0.17519181585677754 1.0000000180025095e-35 19.500000000000004 4864.6575000000012 0.14701428571428574 -0.052191256770826595 267632.9775000001 6.5000000000000009 14.500000000000002 22514.242500000004 1.0000000180025095e-35 -376.72499999999997 96318.135000000024 0.8047619047619049 52.500000000000007 0.10742197744558092 0.13825000000000001 1.2283208020050129 0.23575672490330749 0.018362533692722376 0.30151515151515157
decision_type=8 2 10 10 2 8 10 10 8 10 2 10 8 10 10 10 10 8 10 8 10 10 10 10 10 10 10 10 10 10
left_child=5 14 6 4 11 -1 12 8 21 10 -6 17 -3 29 23 -8 -5 -4 19 -14 24 -7 -16 26 -10 -15 -2 -28 -19 -9
right_child=1 2 3 16 9 7 15 13 20 -11 -12 -13 18 25 22 -17 -18 28 -20 -21 -22 -23 -24 -25 -26 -27 27 -29 -30 -31
leaf_value=0.037709525961739328 -0.036107991191512513 0.033968761699312976 0.0016481847041988425 -0.016239765889111309 -0.028763945619313377 0.011919704056208716 0.004616363336034649 -0.0059975962282822161 0.00024789861742887011 0.040470402988239146 0.014281289492104386 0.11366625046664854 -0.038249527859780731 0.033628660930557969 -0.0064196071198782461 0.10576962230790624 0.028138066998914676 0.039291615051639972 0.040290244768106054 -0.015371814743434582 0.037759633787176256 -0.01756188777749294 0.34031164561845118 0.094528080047730167 0.031404295786818193 -0.0059804172556139346 0.64378180825886566 0.044122481762909185 0.4198209073005531 0.021201310036227352
leaf_weight=933.16664779186249 2393.4563096277416 136.49558708816767 363.31455332785845 1563.9287911690772 598.399110827595 559.07464345544577 755.08514808863401 953.41171157360077 2052.3377199620008 279.24105934426188 467.84565904736519 72.569904953241348 1510.1135307271034 1613.8113670125604 647.13223212212324 43.574455291032791 236.96310078725219 1072.3792909160256 91.353278147056699 1565.5778521709144 438.28444499522448 1887.3498920202255 3.1077280752360812 22.181690752506256 444.09815146028996 244.19891931861639 1.1901411730796123 30.230616228654981 2.2377505861222735 791.40876933932304
leaf_count=5944 53744 2602 5841 27807 10819 4309 14501 7487 16154 4052 7580 741 35927 11945 13193 641 3169 15805 1387 32168 2831 17083 46 286 3080 1873 15 536 21 5924
internal_value=-0.000605877 -0.00984916 -0.00359085 0.00729297 0.0184499 0.0104449 -0.0159463 0.00761289 0.000840602 0.000572372 -0.00987661 0.0343744 -0.0222518 0.0177279 -0.0275475 0.0101352 -0.0104005 0.0303726 -0.0246748 -0.0266044 0.0105648 -0.0108245 -0.00476246 -0.033602 0.0057904 0.0284228 -0.0347741 0.0668361 0.040084 0.00633918
internal_weight=21773.5 11856.4 8759.08 4656.88 2855.99 9917.14 4102.2 8983.98 5381.14 1345.49 1066.24 1510.5 3303.54 3602.83 3097.3 798.66 1800.89 1437.93 3167.04 3075.69 2934.72 2446.42 650.24 2447.06 2496.44 1858.01 2424.88 31.4208 1074.62 1744.82
internal_count=307511 230881 163061 75835 44859 76630 87226 70686 43457 22451 18399 22408 72084 27229 67820 15142 30976 21667 69482 68095 22065 21392 13239 54581 19234 13818 54295 551 15826 13411
is_linear=0
shrinkage=0.1


Tree=21
num_leaves=31
num_cat=0
split_feature=104 142 90 46 280 202 129 5 202 8 129 6 87 188 200 87 129 92 212 6 7 255 266 98 64 210 87 102 89 11
split_gain=203.835 125.168 111.576 93.1099 71.8964 68.157 73.0209 58.8453 58.4043 51.5181 51.1471 50.2814 49.2286 46.8475 43.7925 42.7058 41.0899 40.8667 40.7997 40.6933 40.606 39.9689 37.2836 36.2825 37.1572 34.2016 34.0365 36.6747 33.3497 29.2239
threshold=0.56385869565217395 0.27842377260981915 0.59009872020335863 0.14585000000000001 0.68790584415584421 52905.757500000014 23.018518518518523 251640.00000000003 201935.27250000005 6.5000000000000009 17.781746031746035 27893.250000000004 0.046595095661551754 3.5000000000000004 10491.165000000003 0.049977272727272738 19.514705882352946 0.24880988352364661 0.92071349992142082 16503.750000000004 897750.00000000012 47950.200000000004 22745.687780172419 9131.5000000000018 10.500000000000002 5.5000000000000009 0.046595095661551754 845758.19250000012 1.1188038299431924 0.0049045000000000009
decision_type=10 10 8 10 10 8 8 2 10 2 8 10 10 10 8 8 10 10 8 10 10 10 8 10 10 10 10 8 10 2
left_child=1 3 7 4 5 -1 8 -2 11 -9 21 -7 28 -4 -5 17 -16 -14 -8 -3 29 -6 -21 24 -15 -10 -24 -28 -11 -13
right_child=2 19 13 14 10 6 18 9 25 12 -12 20 15 23 16 -17 -18 -19 -20 22 -22 -23 26 -25 -26 -27 27 -29 -30 -31
leaf_value=0.035549158407499067 -0.025120538389526378 0.0043674008671234915 -0.045124780066161115 0.013880344554082026 0.045293362262001188 -0.0033786551535651961 0.06107608593914389 -0.012786810543069625 -0.020910804616678821 -0.026980779591631532 0.083164453300812347 0.15240449709332604 0.026680032906894358 0.030226580254827651 -0.022023891066426368 0.0084837245103217603 0.0081740584040485339 0.097072133989688045 0.014023262294651589 -0.00845932045588931 -0.0081409326510080964 -0.0045532324670914046 0.01573250168962002 -0.023215691413411926 0.55486555427310824 0.020670192716215459 0.030276304701993419 0.062552658832593575 0.0050461503970953168 0.042564664038887617
leaf_weight=656.99031472019851 1331.9947640094906 657.73968996107578 1228.1145909056067 586.81931407563388 368.6606690697372 1237.7773420922458 236.15436825156212 2428.0131039619446 1863.7957035638392 555.34546989575028 184.4689069762826 25.863337004557252 340.28235569596291 122.9082853384316 2300.3775628954172 1461.2681005932391 560.34664689004421 108.85946846008301 838.98516978695989 199.09884994849563 174.25677643716335 285.38668308779597 545.58343248814344 619.56099820137024 1.3649566359817971 221.30191036686301 765.14313734695315 652.05773222446442 784.32682543247938 381.79433625005186
leaf_count=6906 17983 6642 38380 7513 3180 14686 2953 33381 26915 8272 1758 258 3403 3078 34971 16981 8048 1040 11135 2261 2691 2954 6338 16764 36 2575 6542 5767 9762 4338
internal_value=-0.000577908 0.00755454 -0.0121152 0.0022714 0.00933941 0.00527541 0.00128146 -0.00620389 -0.00507252 -0.00176633 0.0366596 0.00801894 0.00646665 -0.0331294 -0.0110043 0.0167728 -0.0161088 0.0437411 0.0243584 0.0261473 0.0322625 0.0235433 0.0327737 -0.0133243 0.035989 -0.0164976 0.0369562 0.0451267 -0.00823024 0.0495333
internal_weight=21724.6 12742.6 8982.04 9922.98 6475.44 5636.92 4979.93 7010.09 3904.79 5678.1 838.516 1819.69 3250.08 1971.95 3447.54 1910.41 2860.72 449.142 1075.14 2819.62 581.914 654.047 2161.88 743.834 124.273 2085.1 1962.78 1417.2 1339.67 407.658
internal_count=307511 158431 149080 130881 80349 72457 65551 90822 51463 72839 7892 21973 39458 58258 50532 21424 43019 4443 14088 27550 7287 6134 20908 19878 3114 29490 18647 12309 18034 4596
is_linear=0
shrinkage=0.1


Tree=22
num_leaves=31
num_cat=0
split_feature=91 13 16 1 12 12 87 82 96 129 202 10 89 212 129 65 129 28 84 207 142 117 28 30 207 198 239 83 30 90
split_gain=180.797 163.987 118.806 90.0838 80.3737 72.6846 66.6323 63.8111 57.9468 54.9581 66.7674 48.9403 46.7546 46.2403 45.5846 45.5184 45.1056 42.6177 35.601 34.5547 36.8366 33.9321 33.2406 32.8216 36.7831 32.436 36.9062 32.6407 31.3005 31.2519
threshold=0.080620224390845457 -3902.4999999999995 11.500000000000002 1.0000000180025095e-35 10485.500000000002 18967.500000000004 0.09350355132672207 10.265303834492142 -1066.7321428571427 16.976190476190478 168828.32250000004 1.5000000000000002 1.3167927781392323 0.93226710844908889 17.781746031746035 1.0000000180025095e-35 25.345238095238098 0.15576399440127386 0.31171666663664871 9.5000000000000018 0.20294117647058826 -41.499999999999993 0.17856833961106008 0.31469441606860521 8.5000000000000018 340282.77750000003 270000.40500000009 9.5849333324102926 0.1150195781551531 0.62294583069320297
decision_type=10 10 8 2 2 2 8 10 8 10 8 2 10 10 10 10 10 10 10 10 10 10 8 8 10 10 10 2 8 10
left_child=1 7 19 5 -5 6 9 -1 -9 10 -4 12 15 -11 29 21 22 25 -16 20 -3 -6 -10 -12 -25 26 27 -13 -24 -2
right_child=14 2 3 4 11 -7 -8 8 16 13 23 17 -14 -15 18 -17 -18 -19 -20 -21 -22 -23 28 24 -26 -27 -28 -29 -30 -31
leaf_value=-0.052114830199123469 -0.024230268705161425 -0.021852842465158957 0.020496109991638679 0.0014488925999306913 0.011805059214068138 -0.023907473657219073 -0.029320321681916478 -0.023489355966725616 0.10088107538100902 0.044614756315736886 0.012804916711637474 0.081983393003396354 0.058630034296733281 0.01020969923196044 -0.0091039463855916124 0.058482235533638786 0.029073696039999777 0.017311163780864919 0.069670092366357822 0.025609901179956141 0.0050675300092936446 0.071006628623375062 0.04820332164763784 -0.019832312931784297 0.026016450824266363 0.036345724278451036 0.36770013029612225 0.4666850373632131 -0.010026369576936459 -0.052618281591912834
leaf_weight=381.58866500854492 1704.2467699944973 1715.3223674409091 1770.677600197494 1170.057986330241 1884.2138335425407 734.97354576736689 412.92972679436207 1761.1621115207672 28.735596872866154 818.01223021931946 671.09459995292127 331.37061145342886 365.95712778717279 747.70187029056251 773.05302229523659 271.77285041287541 442.67123254202306 216.74908904731274 61.970508933067322 243.79770224913955 722.34836637601256 102.05932792462409 96.685579467564821 1318.3330132849514 201.76170687936246 184.7096977904439 4.6674673482775679 2.2202996890991917 2041.1152753960341 502.03648149967194
leaf_count=7994 35361 24228 18150 10134 21490 10999 5848 32840 237 8081 5221 3265 3225 8193 16987 2776 5402 2009 1357 2198 7573 894 693 19215 1948 1989 36 27 31970 17171
internal_value=-0.000550737 0.00313736 0.00862296 0.0131462 0.0240242 0.00575831 0.00942862 -0.0128979 -0.0094738 0.0123233 0.00605493 0.0318769 0.0254726 0.0281847 -0.0231581 0.0200988 -1.35839e-05 0.054595 -0.0032578 -0.0102856 -0.0138756 0.014847 -0.00595676 -0.00561483 -0.0137468 0.0700477 0.088451 0.0845439 -0.00739284 -0.0306899
internal_weight=21684 18642.7 13890.7 11209.3 4533.78 6675.48 5940.51 4751.96 4370.37 5527.58 3961.87 3363.72 2624 1565.71 3041.31 2258.05 2609.21 739.717 835.024 2681.47 2437.67 1986.27 2166.54 2191.19 1520.09 522.968 338.258 333.591 2137.8 2206.28
internal_count=307511 236635 157499 123500 45845 77655 66656 79136 71142 60808 44534 35711 28385 16274 70876 25160 38302 7326 18344 33999 31801 22384 32900 26384 21163 5317 3328 3292 32663 52532
is_linear=0
shrinkage=0.1


Tree=23
num_leaves=31
num_cat=0
split_feature=9 96 89 159 261 201 6 90 6 7 13 1 12 12 88 28 142 129 94 124 86 13 191 159 94 216 277 97 202 99
split_gain=156.712 144.046 89.5204 83.4795 83.2452 67.159 64.8817 59.5805 55.577 52.6888 48.0968 44.655 41.7804 39.2992 40.4343 38.3417 37.2299 36.7753 33.6084 32.7468 32.6865 31.0497 34.0053 34.2325 34.4859 45.6201 32.6079 30.1886 29.8836 36.4171
threshold=1.5000000000000002 -892.59166666666658 1.1683005376344087 0.046164772727272735 28983.393740868512 6727.693426573428 20954.250000000004 0.54423658671868858 25301.250000000004 450117.00000000006 -3115.4999999999995 1.0000000180025095e-35 14790.500000000002 10780.500000000002 -0.15708211110961459 0.2704381573703139 0.27842377260981915 23.720779220779225 0.00059496907878994591 51660.900000000009 0.22778679653679657 -2514.4999999999995 9.7409586056644901 0.62678571428571439 0.00089998269297334734 0.083624708624708638 1.1429535376903799 -20.499999999999996 344796.54750000004 1070.5000000000002
decision_type=2 8 10 10 8 10 10 10 10 8 10 2 2 2 8 10 10 10 8 8 10 10 8 8 8 8 10 10 8 10
left_child=7 2 10 5 -5 6 -3 13 -4 -8 -2 12 15 -1 -15 -7 19 28 -10 -12 -9 -22 23 -23 -25 -26 -24 -11 -6 -30
right_child=1 3 8 4 17 11 9 20 18 27 16 -13 -14 14 -16 -17 -18 -19 -20 -21 21 22 26 24 25 -27 -28 -29 29 -31
leaf_value=-0.028286183055573705 -0.027558087934797887 0.0026039761710929389 -0.0048212771906761464 -0.005972008336357206 0.040762169636879349 0.015739584735162505 0.062126674988695174 -0.044069995305845294 -0.017400690311205981 0.014393945916354678 0.023244067875193675 0.010528407688310586 -0.020650940765852058 -0.022342830657116793 0.0068234778681601814 -0.017615640697594442 0.015668636114289401 0.056303232097172196 0.031665760030771831 -0.017292207144911628 -0.038931318419426375 0.069384032615948651 -0.019598254473160368 -0.01316112583329181 0.22180932048336449 1.2502271530285782 0.60489331597376816 0.15726817028875986 -0.0014034572516981654 0.039460543095679777
leaf_weight=839.60320233553648 1921.8162446022034 1055.0691529791802 1525.8155928589404 657.44984257221222 839.33055904135108 916.2438013907522 481.20344617590308 1006.6031804084778 163.43731193616986 598.33706668019295 222.88612275011837 2036.9259195458144 1470.6801245212555 708.59771712496877 1443.8264075927436 552.39166970178485 577.14675118587911 573.6716471798718 957.04821920394897 1882.3041413128376 138.599269926548 54.579296723008156 81.859790725633502 1.0943035967648023 0.9200631324201819 0.81202496774494659 0.84475076384842296 15.163685981184242 555.7335738837719 358.94153335690498
leaf_count=9204 40211 11786 21814 7541 6874 9064 4223 30219 2437 7518 3165 22024 23502 9619 17519 7072 7095 5066 12575 31317 4422 1472 2477 29 25 22 19 156 5785 3259
internal_value=-0.000526531 0.00369748 -0.00705908 0.0114107 0.0254496 0.00552979 0.0202999 -0.0176717 0.00759753 0.0373551 -0.0154832 -0.000850999 -0.00873685 -0.00993618 -0.00277834 0.00319382 -0.00683184 0.0343246 0.0245088 -0.0130004 -0.0356788 -0.00537245 0.0278245 0.086957 0.4263 0.703945 -0.0132196 0.0179253 0.0271362 0.0146326
internal_weight=21638.9 17361.6 7250.45 10111.1 2985.13 7126.01 2149.77 4277.34 2646.3 1094.7 4604.15 4976.24 2939.32 2992.03 2152.42 1468.64 2682.34 2327.68 1120.49 2105.19 1285.31 278.709 140.11 57.4057 2.82639 1.73209 82.7045 613.501 1754.01 914.675
internal_count=307511 232484 118614 113870 28525 85345 23683 75027 36826 11897 81788 61662 39638 36342 27138 16136 41577 20984 15012 34482 38685 8466 4044 1548 76 47 2496 7674 15918 9044
is_linear=0
shrinkage=0.1


Tree=24
num_leaves=31
num_cat=0
split_feature=82 82 89 87 87 5 87 23 65 275 90 82 173 12 7 28 196 96 9 7 238 91 202 128 173 133 186 98 29 85
split_gain=146.786 185.963 146.688 105.745 94.6127 93.0632 80.6419 76.5099 64.3342 60.6828 52.9223 52.3355 51.968 51.7307 44.4064 43.0267 41.6268 37.7193 37.1618 35.3949 35.2901 39.6874 35.3308 34.4188 33.7577 33.5659 33.2475 32.367 32.6749 29.4452
threshold=10.767154021116635 12.734702333830031 1.1003190045248872 0.046595095661551754 0.079720596828046761 398191.50000000006 0.10609757138153665 1.5000000000000002 1.5000000000000002 0.27320574162679429 0.51645931409150481 25.557176150802366 0.16869918699186995 20775.500000000004 450117.00000000006 0.46275373654477853 292655.40750000003 -843.6568627450979 2.5000000000000004 491523.75000000006 27615.59781428572 0.010034956541610095 325604.02500000008 -249.49999999999997 0.12613636363636366 0.065185155611852272 1.0000000180025095e-35 18576.050000000003 0.70843566735534302 1.8182810025556508
decision_type=10 10 10 10 10 2 10 2 10 10 10 8 10 2 10 8 10 8 2 10 10 8 8 10 10 10 10 10 8 2
left_child=6 4 8 11 10 13 -1 -7 9 12 -2 -4 17 23 15 -9 20 -3 -19 -16 21 -13 -23 -5 -18 -11 -14 28 -12 -8
right_child=1 2 3 5 -6 7 29 14 -10 25 27 16 26 -15 19 -17 24 18 -20 -21 -22 22 -24 -25 -26 -27 -28 -29 -30 -31
leaf_value=-0.047954846484054126 0.044221641875010265 -0.036557082920284548 -0.021381681852557274 -0.0036112233671367444 0.0043427148946974465 -0.017691334046018879 -0.01810440146454554 0.019057459027905805 0.048675689491619739 0.055938509553734209 0.1932963988780397 0.0607186822436993 -0.010713633293992891 -0.030861172395585279 -0.012072487555641907 0.051796919652894673 -0.002054013263551794 -0.037029314346445262 -0.0065371416814703201 0.027121675204689416 0.037869307512275241 0.002849255821365991 -0.018995349802503121 0.020934158558502971 0.044722532577967877 0.0025093957175536066 0.022746867924282068 0.069315680997250953 -0.00039398767378141217 0.020763561017964609
leaf_weight=939.78556981682777 811.74466925859451 1558.987758545205 1329.6538723781705 1280.4360212683678 618.54033279418945 352.07874309644103 644.54752071201801 592.73981037177145 168.49627173878253 153.14501922205091 54.134329937398434 87.598435709252954 2230.9192698355764 418.67239212989807 320.50759791582823 1243.6303030401468 266.16017529368401 568.78381281532347 1344.4075068831444 819.62370232120156 198.73483330011368 1551.2110062967986 1416.4916373565793 1031.5222633462399 367.04279091954231 506.35188901424408 342.55490246042609 89.954371117055416 10.379547014832495 279.396758005023
leaf_count=20307 6177 32680 22184 14456 6520 4991 8641 4481 2403 1715 867 558 35970 7080 4077 12029 4125 9947 17540 10224 2196 23495 23091 10462 5193 6162 4102 1916 219 3703
internal_value=-0.000503766 0.00202968 -0.000838759 0.00618026 0.0348811 0.0151659 -0.0273297 0.0263908 -0.0123533 -0.013887 0.0544309 -0.00425617 -0.017029 0.00148295 0.0316051 0.0412293 0.00160171 -0.0250109 -0.0156023 0.0161036 -0.00296313 -0.00561912 -0.00757723 0.00734015 0.0250605 0.0149164 -0.00625971 0.108081 0.162134 -0.0063509
internal_weight=21598.2 19734.5 18149.8 11276.1 1584.75 6059.21 1863.73 3328.58 6873.65 6705.15 966.213 5216.89 6045.65 2730.63 2976.5 1836.37 3887.24 3472.18 1913.19 1140.13 3254.04 3055.3 2967.7 2311.96 633.203 659.497 2573.47 154.468 64.5139 923.944
internal_count=307511 274860 259161 148642 15699 67800 32651 35802 110519 108116 9179 80842 100239 31998 30811 16510 58658 60167 27487 14301 49340 47144 46586 24918 9318 7877 40072 3002 1086 12344
is_linear=0
shrinkage=0.1


Tree=25
num_leaves=31
num_cat=0
split_feature=1 87 16 94 30 193 131 28 12 112 36 133 100 113 89 211 212 208 12 10 13 173 65 238 202 204 173 90 198 82
split_gain=136.77 114.738 106.066 100.877 81.54 71.4074 55.1848 53.1985 60.7511 42.4226 43.0543 44.7101 40.3992 40.0396 40.7073 39.0667 35.2307 33.2541 34.4396 51.5654 32.9556 31.0842 30.2984 29.8054 32.7521 29.1055 28.8655 28.8129 28.5709 28.4444
threshold=1.0000000180025095e-35 0.096638201806046334 16.500000000000004 0.00085744073436246949 0.4022745452168513 151.00198125000003 -6492.6446691176452 0.10969878981397295 16006.500000000002 1.0000000180025095e-35 0.020800000000000003 0.072421055312371849 97670.025000000009 0.057189542483660136 1.2771990170506691 0.40946348733233989 0.91188235294117659 25.500000000000004 9434.5000000000018 1.5000000000000002 -1665.4999999999998 0.25357142857142861 1.5000000000000002 6310.6602186711525 164040.18750000003 -1023.1986842105263 0.17752100840336138 0.19426942190057214 986972.58000000019 9.2871476718461015
decision_type=2 8 8 8 8 10 8 10 2 10 10 10 8 10 10 10 8 10 2 2 10 8 10 10 10 10 10 10 10 8
left_child=1 3 6 -1 9 12 -2 13 -9 10 11 16 -6 14 17 23 26 18 -4 20 -20 27 -10 24 -7 -17 -5 -13 -21 -3
right_child=2 29 7 4 5 15 -8 8 22 -11 -12 21 -14 -15 -16 25 -18 -19 19 28 -22 -23 -24 -25 -26 -27 -28 -29 -30 -31
leaf_value=-0.027421117614575576 0.010122918219803857 -0.017158517048299307 -0.0049586924252823152 0.045656932330282327 -0.023945102443787867 0.020812172168652616 -0.016130542256600416 -0.0047349046901761652 0.035411710129126799 0.063944105581796071 -0.017092471970950051 0.037966413904485775 -0.0048064549272455346 -0.036142015288058833 0.05473970564879186 0.0093968108490318988 0.02067154785850768 0.0070759269445174302 0.0076650604455776516 0.071077606382054501 0.04083926358936843 0.01854145706990366 0.2177567679611003 0.026995327458590498 -0.011996715475153165 0.074644149241359023 0.12822254742475978 -0.0098254426425927726 -0.086262095561092378 -0.054353156081131719
leaf_weight=1636.8234141189605 1424.998272895813 317.17808192968369 235.18357812613249 165.57548089139163 2325.428163478151 404.75135821476579 1827.417246280238 1437.0415382087231 380.39117641188204 144.15099050104618 553.63427510112524 141.78950985334814 2098.0094858407974 100.44189906679094 482.72131072729826 135.3718735575676 650.51720621064305 867.88593092001975 555.23042045347393 400.08344731479883 650.03823821246624 1066.3067452758551 9.3360210563987476 387.73104545846581 1225.5969275981188 138.12591714411974 56.892019458115101 1143.4897730331868 11.883916318416594 584.49915456771851
leaf_count=27949 18951 4613 1927 1380 49278 5619 27635 15549 6097 1010 6085 729 34902 1344 4232 1996 5858 11066 7645 4032 6328 9580 124 4983 21365 1385 394 11624 133 13698
internal_value=-0.000486409 -0.00683953 0.00949944 -0.00431027 -0.000754091 -0.00744551 -0.00462797 0.0184558 0.00476198 0.0107015 0.00867014 0.0130934 -0.0148678 0.0260283 0.0279778 0.00688168 0.0324195 0.0232289 0.0307968 0.0359965 0.0255569 0.00591891 0.0397798 0.00207501 -0.00385156 0.042349 0.0667716 -0.00455314 0.0665389 -0.0412694
internal_weight=21558.5 13175.9 8382.65 12274.2 10637.4 6715.01 3252.42 5130.24 1826.77 3922.36 3778.21 3224.57 4423.44 3303.47 3203.03 2291.58 872.985 2720.31 1852.42 1617.24 1205.27 2351.59 389.727 2018.08 1630.35 273.498 222.468 1285.28 411.967 901.677
internal_count=307511 202448 105063 184137 156188 119528 46586 58477 21770 36660 35650 29565 84180 36707 35363 35348 7632 31131 20065 18138 13973 21933 6221 31967 26984 3381 1774 12353 4165 18311
is_linear=0
shrinkage=0.1


Tree=26
num_leaves=31
num_cat=0
split_feature=207 94 30 211 89 89 100 202 131 18 86 129 15 99 129 101 6 90 6 29 82 99 126 104 202 30 112 100 90 128
split_gain=130.986 82.4001 71.0907 67.7267 62.0736 61.5363 52.7643 49.7186 63.5751 41.5646 40.2538 39.6631 38.4339 38.0934 35.8275 39.9359 34.1376 33.4138 31.1716 30.7437 30.3506 28.6752 31.6479 28.3548 28.0055 26.8236 26.5408 26.8493 32.1612 26.43
threshold=1.0000000180025095e-35 0.00065426930192794485 0.31469441606860521 0.21231060606060609 1.2639993730735075 1.2771990170506691 33552.375000000007 201935.27250000005 -7333.6011428571419 1.0000000180025095e-35 0.15567083333333337 25.029411764705888 -4213.4999999999991 -294.49999999999994 22.806250000000002 520948.41750000004 12377.250000000002 0.66647107635932679 25562.250000000004 0.088767244194960765 21.45013801644496 -533.49999999999989 0.10138205199199481 0.45643939393939398 365432.42250000004 0.78565932051697762 1.0000000180025095e-35 75696.107142857159 0.17082415820069111 -310.49999999999994
decision_type=8 8 8 10 10 8 8 10 10 2 10 10 2 8 10 8 10 8 10 8 10 8 8 10 10 8 10 10 10 10
left_child=2 17 26 4 6 7 13 12 14 11 -5 19 -4 25 24 -16 -14 -2 -6 -8 -11 22 -12 -23 -9 -3 27 28 -1 -7
right_child=1 3 5 10 18 29 9 8 -10 20 21 -13 16 -15 15 -17 -18 -19 -20 -21 -22 23 -24 -25 -26 -27 -28 -29 -30 -31
leaf_value=0.040007956191563103 -0.009251556867228233 0.029908239993407373 -0.029514044200177388 0.011191437601928615 0.016048525440169614 -0.01274192395369197 0.036815589855961089 0.0055891007111367646 -0.038707344202815103 0.036240842870389263 0.20946097946433256 0.032665120866888921 -0.024586347295832839 -0.016264090714306137 -0.016411464439496242 0.028525782444270717 0.0084774679839058256 -0.059872504740463864 0.046976779808911247 -0.0025987466746404484 0.0033156294232133277 0.061863459846299151 0.059527889437311056 0.018557009323338324 -0.027146427757186259 -0.015557186818480699 0.062918427567907775 0.014738286290104947 -0.013873710930774788 0.022054697664679587
leaf_weight=126.1474054325372 1583.0147684253752 361.54948228411376 515.10967683792114 491.59554106928408 1069.2390251215547 333.53603062033653 212.00490846671164 316.35516471974552 1663.2195311188698 821.48528702370822 22.211573103442788 421.49300990253687 397.77309782058001 1765.0810470543802 436.22280834801495 361.78390526771545 1452.6865904927254 142.10173738002777 468.72653119638562 2974.6818128675222 424.71579772233963 335.36661175079644 38.446975132450461 275.30010708980262 1502.7633829116821 202.41245848126709 80.463136916980147 1184.1715604364872 909.18102475814521 631.71131144464016
leaf_count=635 22462 6379 10073 5037 11106 4776 1338 5587 34875 8655 250 4643 6094 26931 8151 5608 22323 4826 4829 40197 5665 2762 473 3081 29685 3585 527 10019 8565 8374
internal_value=-0.000463641 0.0067448 -0.00890727 0.0102644 0.00724175 -0.0135629 0.00333813 -0.0169897 -0.0234197 0.00927457 0.032933 0.00383649 -0.00535501 -0.00903508 -0.0137041 0.00396126 0.0013701 -0.0134213 0.0254745 2.34229e-05 0.0250197 0.0488538 0.114429 0.0423401 -0.0214535 0.0135902 0.00649943 0.00445409 -0.00730861 0.0100309
internal_weight=21520.6 11609.4 9911.12 9884.31 8721.39 7611.16 7183.42 6645.91 4280.34 4854.38 1162.92 3608.18 2365.57 2329.04 2617.13 798.007 1850.46 1725.12 1537.97 3186.69 1246.2 671.325 60.6585 610.667 1819.12 563.962 2299.96 2219.5 1035.33 965.247
internal_count=307511 152219 155292 124931 113328 135546 97393 122396 83906 60498 11603 46178 38490 36895 49031 13759 28417 27288 15935 41535 14320 6566 723 5843 35272 9964 19746 19219 9200 13150
is_linear=0
shrinkage=0.1


Tree=27
num_leaves=31
num_cat=0
split_feature=90 6 7 201 87 275 1 86 129 6 99 126 15 5 212 208 280 12 6 193 207 207 89 179 199 297 93 29 199 82
split_gain=117.083 106.583 115.408 92.0203 73.7515 62.7492 61.5609 52.6142 51.8559 50.1888 49.046 46.4834 44.2268 43.1048 33.555 33.0824 33.0555 32.3956 30.6812 30.5386 30.23 29.6984 34.6046 27.7934 27.2927 27.1786 27.1672 26.9642 26.4951 26.4873
threshold=0.68237655698157429 16503.750000000004 675191.25000000012 7192.3354687500014 0.092540718232044211 0.54858379228953591 1.0000000180025095e-35 0.19104222222222225 14.80909090909091 27002.250000000004 1142.5000000000002 0.10849823064698642 -1327.4999999999998 814270.50000000012 0.91693205944798317 13.500000000000002 1.1310068649885585 12063.500000000002 53435.250000000007 1221.3935106382983 36.500000000000007 40.500000000000007 1.0871200706713784 0.22401433691756276 17225.302500000002 0.024845679012345682 -0.19955258002717732 0.069159962952844628 15813.495000000001 9.4550979566883786
decision_type=10 10 8 8 8 10 2 10 8 10 8 10 2 2 8 8 8 2 10 10 10 10 8 10 8 10 10 8 10 10
left_child=1 5 3 9 6 11 8 17 15 16 27 12 -1 -12 23 28 -3 -8 -9 -11 -18 22 24 -10 -15 -23 -21 -4 -5 -6
right_child=-2 2 10 4 29 -7 7 18 14 19 13 -13 -14 21 -16 -17 20 -19 -20 26 -22 25 -24 -25 -26 -27 -28 -29 -30 -31
leaf_value=-0.013909735512217088 -0.032675649680209071 -0.0093066481308931581 0.037475945998163777 0.011428069487047136 -0.0061897867974932989 0.02395676252455527 -0.0062120613593795483 0.034566223214968828 0.037608705901609286 0.036920338581179241 -0.034287062855761143 -0.027703341311857057 0.015271147017397636 -0.0049659961185027374 0.0026210403296520312 -0.020039582641572701 0.02058056554004915 0.020084448830533824 0.11748631694495047 0.012346059300344638 0.10289730088540741 0.065566835178228908 0.014521304056716517 -0.01186501215011118 -0.060744555915944735 0.33699034711589504 0.11336893220868589 -0.023266680709007892 -0.037341495212833233 -0.041523703444198631
leaf_weight=2194.7465173602104 1070.6320686340332 398.10766653344035 76.190241873264313 802.85333760268986 459.11727559939027 458.91736922599375 746.7205856833607 938.43403939902782 634.39306144230068 891.76264497637749 302.60560941696167 1742.3523737713695 680.40003434941173 627.13214894942939 1349.5430752113461 1296.0886325985193 1456.4397547841072 1257.2559789121151 46.850037530064583 35.875700794160366 46.022765267640352 28.150642052292824 1281.1214604210109 138.30719103850424 101.98874974250793 4.2455886937677851 103.17782668024302 1790.3401736021042 129.34163236618042 394.40905857086182
leaf_count=30400 36473 5261 600 9840 6075 4103 6984 9188 7046 9489 4592 26547 7865 10447 17729 18079 15355 14635 460 401 310 218 18156 1887 2068 30 833 31773 2099 8568
internal_value=-0.000440765 0.00124992 0.00540718 0.0107447 0.00530468 -0.0113097 0.00854004 0.0195884 0.000948637 0.0259499 -0.00869111 -0.0148147 -0.00700411 0.000935924 0.0121357 -0.00970605 0.0163135 0.0102859 0.0385091 0.0437171 0.0231021 0.00615401 0.0046233 0.0287533 -0.0127682 0.101137 0.0873051 -0.0207872 0.00466131 -0.0225174
internal_weight=21483.5 20412.9 15336.5 11124.7 8193.31 5076.42 7339.79 2989.26 4350.53 2931.39 4211.77 4617.5 2875.15 2345.24 2122.24 2228.28 1900.57 2003.98 985.284 1030.82 1502.46 2042.64 2010.24 772.7 729.121 32.3962 139.054 1866.53 932.195 853.526
internal_count=307511 271038 202123 134239 102590 68915 87947 31267 56680 31649 67884 64812 38265 35511 26662 30018 20926 21619 9648 10723 15665 30919 30671 8933 12515 248 1234 32373 11939 14643
is_linear=0
shrinkage=0.1


Tree=28
num_leaves=31
num_cat=0
split_feature=65 91 8 126 133 59 6 207 89 117 202 199 173 129 208 140 30 280 86 112 7 6 220 208 247 43 85 88 258 112
split_gain=111.876 97.1893 88.3941 81.6976 53.8763 53.083 43.599 42.1929 42.6295 38.1738 37.1469 43.2928 34.6183 36.2069 33.3602 32.2665 30.0168 29.6236 28.9619 27.7872 27.4036 28.329 27.2719 26.9907 26.563 25.8694 25.6763 25.3726 25.2715 25.0086
threshold=1.0000000180025095e-35 0.059753175282123504 5.5000000000000009 0.19944004853382544 0.091102475156433965 0.053550000000000007 20742.750000000004 24.500000000000004 1.3431980665047638 -76.499999999999986 98935.987500000017 143.12250000000003 0.059714795008912663 19.514705882352946 27.500000000000004 0.21525096525096529 0.14599244001433329 2.3867521367521372 0.22936085106382983 0.093073593073593086 675191.25000000012 29972.250000000004 44.500000000000007 17.500000000000004 11944.742946428572 0.83995000000000009 16.137860139860141 -0.094013867277901772 12637778681.531252 0.044466403162055343
decision_type=10 10 2 10 8 10 10 10 8 8 8 8 10 8 10 8 8 10 10 10 8 10 8 10 10 10 2 10 10 10
left_child=1 2 7 5 29 6 17 8 10 27 -1 22 20 14 -14 -11 -13 -4 -6 -5 21 28 -12 24 -17 -7 -9 -2 -8 -3
right_child=9 4 3 19 18 25 12 26 -10 15 11 16 13 -15 -16 23 -18 -19 -20 -21 -22 -23 -24 -25 -26 -27 -28 -29 -30 -31
leaf_value=0.0037101715614574755 -0.00078071030687960202 -0.0035130682541173238 0.0018080005092718197 -0.014632712268694432 -0.035772105875234592 0.0018097836326988 0.0063777200621101711 0.026036409344610951 0.019274988323891504 0.12372055298409579 0.0040617848656213824 0.012229515102164999 0.037246519812580176 0.05909445833498405 0.0049680617554471295 0.044096618530242215 -0.026886253564279119 0.045576765447170743 -0.008492126247805926 0.087850040317568295 -0.010037396451184219 0.042180305455149579 -0.022236385405937913 0.014556212362406335 0.24437139647067463 -0.03089927035285242 0.37094126126110327 0.025018539259114188 0.31204084203037946 0.12356117673821698
leaf_weight=1119.3491578884423 1013.8720419406891 1141.4683442935348 1954.4258897453547 1690.3256252333522 1521.0023527145386 1631.2406404018402 622.47422894090414 287.70140951685607 449.72340423613787 37.983266830444336 1228.0250522308052 211.45687826909125 860.31306657195091 410.34512674063444 509.99350020103157 487.33359383605421 2715.982794450596 167.92187029123306 522.98246479034424 26.877844281494617 401.33582903631032 385.24208429455757 580.85192052274942 545.79664397053421 6.7137786652892819 283.87462472915649 2.1747212409973136 610.87854671478271 2.7166618704795829 15.700249589979647
leaf_count=14644 14840 23520 21526 21777 35773 20376 6286 2700 5105 319 16221 1544 8170 3815 6114 5644 48499 1231 12419 215 5896 3797 8858 7483 58 3609 15 6822 23 212
internal_value=-0.000421535 -0.00316411 0.000103866 0.0065787 -0.0190309 0.0112357 0.0163793 -0.00867984 -0.0103948 0.0185994 -0.0126735 -0.0165455 0.0237642 0.0330365 0.0252333 0.0331913 -0.0240608 0.00527102 -0.0287921 -0.0130286 0.0120692 0.0208498 -0.00438287 0.0298844 0.0468182 -0.00303863 0.028624 0.00891937 0.00770593 -0.00178895
internal_weight=21446.1 18743.5 15542.4 8947.09 3201.15 7229.88 5314.77 6595.27 6305.39 2702.58 5855.67 4736.32 3192.42 1780.65 1370.31 1077.83 2927.44 2122.35 2043.98 1717.2 1411.77 1010.43 1808.88 1039.84 494.047 1915.12 289.876 1624.75 625.191 1157.17
internal_count=307511 272345 200421 102835 71924 80843 56858 97586 94871 35166 89766 75122 34101 18099 14284 13504 50043 22757 48192 21992 16002 10106 25079 13185 5702 23985 2715 21662 6309 23732
is_linear=0
shrinkage=0.1


Tree=29
num_leaves=31
num_cat=0
split_feature=9 207 100 12 28 142 202 90 103 94 207 91 88 12 12 87 196 280 202 198 198 129 129 201 28 198 123 7 199 123
split_gain=101.602 89.7833 52.7806 51.5277 84.479 40.8069 39.9794 39.0769 38.6677 36.7395 36.0302 32.3827 32.1273 31.1377 28.3712 28.5846 28.1046 28.0009 30.6604 26.7158 26.0106 25.7909 25.7175 26.6196 28.1051 25.6164 26.0759 25.0921 25.0532 24.3846
threshold=1.5000000000000002 1.0000000180025095e-35 63716.149928571431 18290.500000000004 0.15037451173191699 0.11324786324786326 95439.60000000002 0.67028552096156346 0.43095238095238103 0.0068792463285346295 10.500000000000002 0.029557345748956538 -0.088822457269572927 10601.500000000002 9542.5000000000018 0.046595095661551754 166038.95250000004 1.8765243902439026 126301.455 312582.78000000009 2244311.9550000005 14.34848484848485 25.345238095238098 2756.9496250000007 0.55010657910806071 427432.11750000005 57913.125000000007 361316.25000000006 8779.5675000000028 82572.97500000002
decision_type=2 8 8 2 10 8 8 10 8 8 10 8 8 2 2 10 10 10 10 10 10 10 10 8 8 10 8 8 8 10
left_child=7 2 17 4 9 6 -4 12 -5 10 -3 20 28 -14 -6 -16 19 18 -2 -7 -10 -20 23 24 -13 29 -27 -17 -1 -18
right_child=1 3 5 8 14 16 -8 -9 11 -11 -12 22 13 -15 15 27 25 -19 21 -21 -22 -23 -24 -25 -26 26 -28 -29 -30 -31
leaf_value=-0.014241359547200967 -4.2514540902100935e-05 0.0027259610347422324 0.016637449040973386 -0.016484843519652282 -0.029098729481806695 0.018551413879603195 -0.011945016179306591 -0.047203989799866924 0.08027557716165544 0.030645916290962728 0.046533528728902977 0.48770253726959123 -0.025879211475254484 0.0052439994034684453 -0.011562828102982974 0.00052144320428638936 0.50378631010621033 0.016757393312782812 -0.032284901788900804 -0.011865707628114236 0.39692365438226646 -0.011309908393532797 0.035465320181595532 -0.0028239914096352364 0.064646081546136921 0.29197113622255561 0.025555525936940039 0.024285701632009542 -0.040928559745176979 0.10279945057729711
leaf_weight=1521.5322986841202 811.55754210054874 1101.8022556267679 636.36587256379426 1112.8954620175064 280.57878963649273 655.31484752707183 2118.5425732135773 335.80949640274048 28.072944018989805 2591.1855211257935 226.3070656247437 1.643531871959566 418.37321878969669 1387.6090607643127 781.97768096253276 974.84356996975839 1.6117163300514246 269.69340348243713 1266.6690757796168 516.22580337524414 2.8582873791456214 1091.2693088427186 246.30914991721511 1129.9658149257302 35.252912057563663 3.6979648247361174 562.94076248258352 816.41836546175182 457.55065190792084 25.682652294635773
leaf_count=24684 11114 12739 7118 20403 2469 6479 32561 13249 208 25265 1877 14 5078 22684 11362 11014 18 3066 24941 6784 19 20160 2566 16100 372 48 6698 8846 9332 243
internal_value=-0.000400648 0.00296244 -0.00483951 0.00961832 0.0141844 0.00226334 -0.00534265 -0.0145109 -0.00247668 0.0237144 0.0101907 0.00831868 -0.0116104 -0.00196599 0.00109652 0.00438892 0.014132 -0.0141753 -0.0168074 0.00514846 0.109536 -0.0225775 0.00610325 -9.46954e-05 0.0834909 0.0318522 0.0272942 0.0113527 -0.0204113 0.126477
internal_weight=21410.6 17289.7 7959.57 9330.11 6773.11 4520.38 2754.91 4120.87 2557 3919.29 1328.11 1444.1 3785.07 1805.98 2853.82 2573.24 1765.47 3439.19 3169.5 1171.54 30.9312 2357.94 1413.17 1166.86 36.8964 593.933 566.639 1791.26 1979.08 27.2944
internal_count=307511 232484 119230 113254 73572 59949 39679 75027 39682 39881 14616 19279 61778 27762 33691 31222 20270 59281 56215 13263 227 45101 19052 16486 386 7007 6746 19860 34016 261
is_linear=0
shrinkage=0.1


Tree=30
num_leaves=31
num_cat=0
split_feature=1 82 94 28 12 28 12 70 10 12 91 126 275 12 249 204 27 198 90 12 129 129 30 193 109 112 140 86 98 99
split_gain=94.8673 86.8704 72.8301 72.5752 59.2761 68.7867 56.3977 50.4682 44.0117 46.4516 40.83 38.7833 38.1739 35.4957 35.7867 35.2626 34.8043 33.7955 33.1076 31.7916 31.3321 29.5528 29.3133 28.779 28.6223 28.555 28.2048 71.4333 49.3121 27.8958
threshold=1.0000000180025095e-35 10.265303834492142 0.0011488200661624456 0.15037451173191699 18096.500000000004 0.18767199313407903 15904.500000000002 1.0000000180025095e-35 1.5000000000000002 10012.500000000002 0.11540501365784683 0.10498658018945442 1.5395010395010398 10601.500000000002 897929.67016051977 -122.94999999999999 1.0000000180025095e-35 340282.77750000003 0.58853365235923139 13427.500000000002 23.348484848484851 18.292857142857148 0.31469441606860521 982.1447586206898 0.19139194139194141 1.0000000180025095e-35 0.47493734335839605 0.30988117647058827 295834.03333333338 1349.5000000000002
decision_type=2 10 8 10 2 10 2 2 2 2 8 10 10 2 8 10 2 8 10 2 8 10 8 10 10 10 8 8 8 8
left_child=1 -1 -3 7 5 15 -5 -2 11 -10 -6 23 20 -7 -15 16 19 -11 -16 -4 -12 -21 24 -9 -8 29 27 -20 -29 -22
right_child=3 2 4 6 10 13 22 8 9 17 12 -13 -14 14 18 -17 -18 -19 26 21 25 -23 -24 -25 -26 -27 -28 28 -30 -31
leaf_value=-0.037156057179106645 -0.00027335290535637487 -0.021485309911330804 0.019675628884531646 -0.013233855272042242 0.025915075695388163 -0.024386387333330834 -0.0078477299197224019 0.018065768667078558 0.0050633304262519604 0.071759476676506895 -0.023033715583644272 0.0011241855217405013 0.057356509487654896 -0.035142245275873923 0.0094187849666458375 0.072572947067285939 0.039562672382085044 0.025979310645239392 0.014679879679306125 -0.00914943925805798 -0.021060569776519541 0.019970558079110936 0.0084716654486465329 0.050843310812836745 0.08543651484071281 0.10000915391530468 -0.036837670270267957 1.0969371079127723 0.238563384547856 0.014596769445542102
leaf_weight=824.65302058495581 1637.6595422644168 1919.7979613691568 1494.8976291231811 2132.4766640663147 271.8957976102829 770.09305166453123 46.896318465471268 1429.2033962588757 279.56656113266945 405.53385800495744 2076.3519469350576 1241.4198134541512 72.137370526790619 255.79878151789308 1869.6852297112346 101.20106338709593 425.51636573299766 267.69407161697745 33.641297014430165 1163.3718739468604 455.21313005499542 497.56703933142126 537.90102671086788 329.65508991479874 110.14379630982876 27.281268700957298 274.21984983608127 0.99897665344178621 2.0278075486421585 423.53636267967522
leaf_count=17684 22579 33165 15200 26711 3540 8690 475 16184 2197 3694 42064 15710 779 4417 23422 922 4215 2967 979 16865 8683 5911 10458 3011 1077 264 9146 28 53 6421
internal_value=-0.000380394 -0.00574925 -0.003615 0.00788506 -0.000256608 0.00503662 -0.0051714 0.0144881 0.0206035 0.0393274 -0.0112189 0.0146573 -0.0145244 -0.00567203 0.000243241 0.0143608 0.0127159 0.053556 0.00439424 0.00909602 -0.016263 -0.000425969 0.0195688 0.0242091 0.0575794 -0.000746563 -0.0258234 0.0565458 0.521866 -0.00387458
internal_weight=21378 12959.9 12135.2 8418.15 10215.4 6889.02 2827.42 5590.73 3953.07 952.794 3326.42 3000.28 3054.52 3206.46 2436.37 3682.55 3581.35 673.228 2180.57 3155.84 2982.38 1660.94 694.941 1758.86 157.04 906.031 310.888 36.6681 3.02678 878.749
internal_count=307511 202448 184764 105063 151599 89848 38721 66342 43763 8858 61751 34905 58211 46735 38045 43113 42191 6661 33628 37976 57432 22776 12010 19195 1552 15368 10206 1060 81 15104
is_linear=0
shrinkage=0.1


Tree=31
num_leaves=31
num_cat=0
split_feature=23 112 174 129 201 29 1 6 93 178 30 119 188 82 29 131 97 29 9 12 275 86 86 143 142 205 199 150 28 287
split_gain=91.6979 86.8753 76.8813 77.8623 77.5401 56.6686 52.1343 50.0382 43.8395 39.4448 37.1368 34.097 32.7485 31.7252 29.4493 28.8198 28.388 28.2493 27.9019 36.0246 29.4131 27.8972 27.5602 26.8868 26.0024 26.2043 25.9608 26.1579 25.0049 24.1269
threshold=2.5000000000000004 1.0000000180025095e-35 0.070197044334975381 21.514705882352946 6851.9906250000013 0.71905256719745669 1.0000000180025095e-35 15140.250000000002 -0.2794044900657135 0.087595907928388769 0.19350502769441605 32916.562500000007 5.5000000000000009 21.45013801644496 0.078707378021973695 -1861.9949999999994 -1174.4999999999998 0.53158303531377937 2.5000000000000004 14790.500000000002 1.4305019305019309 0.094317142857142863 0.19669615384615388 0.23904761904761906 0.55363984674329514 -3909.4999999999995 5778.8775000000014 0.059714795008912663 0.27376547355917785 5.5441558441558447
decision_type=2 10 10 10 8 10 2 10 10 10 8 10 10 10 10 10 8 8 2 2 10 10 10 8 10 8 8 10 10 10
left_child=1 2 3 4 7 6 10 23 -2 26 11 -6 14 16 -10 -4 -9 -3 -12 28 -21 -8 29 -1 -23 -26 27 -5 -20 -14
right_child=8 17 15 9 5 -7 21 13 12 -11 18 -13 22 -15 -16 -17 -18 -19 19 20 -22 24 -24 -25 25 -27 -28 -29 -30 -31
leaf_value=-0.019597779645824199 -0.0050488499213787062 0.025245769039543432 -0.012979290021112809 -0.0039919542224381996 0.075067845109931197 -0.038460157164662286 -0.016770329448119282 0.075514062378705282 0.043908275191667519 0.042062626802034146 -0.031486155996044457 0.00078098414712789686 0.0170413279246312 0.0010569146821087898 0.0078211681926781147 -0.035248504419731645 0.0213626775060211 0.086695879648633012 0.0093724441068361673 -0.024619825386623696 0.045714837256070284 0.004240940594998902 0.057265979033700669 0.037483709766937011 0.076759106237835148 -0.027023194829399546 -0.0097217029430163963 0.025602737843370551 -0.017614115912679501 0.12694512904621066
leaf_weight=696.20179527252913 919.85904979705811 199.06697949580848 2016.0885467529297 436.80174837075174 70.136206703260541 622.14490646123886 641.34062574617565 104.15604043006897 261.95505140721798 444.74321392178535 1030.7401186600327 518.98843605816364 505.0345191732049 864.01133981347084 1653.8139403164387 816.4982986561954 1372.436676710844 119.85154052078724 899.51127928681672 1707.5998016260564 61.60170466080308 2748.0856575388461 361.16213536262512 93.613450698554516 95.511816382408142 32.644429383799434 533.94506365060806 944.34515884704888 555.30460748635232 20.797050260007381
leaf_count=9724 14392 1453 31907 6029 543 17798 8695 1394 1575 4915 21609 3866 4954 13484 19347 15054 14462 1322 10230 34797 657 35270 3446 1069 808 265 8284 11431 8585 146
internal_value=-0.000367064 -0.00337907 -0.00433212 -0.00138359 -0.00462078 -0.00934353 -0.00717707 0.00893245 0.0138938 0.0152343 -0.013906 0.00962495 0.0201107 0.0162767 0.0127556 -0.0193984 0.0251824 0.0483391 -0.0171642 -0.0125853 -0.0221708 0.002089 0.0359967 -0.0128322 0.00629422 0.0503233 0.00900389 0.0162431 -0.000928352 0.0213881
internal_weight=21348 17625.4 17306.5 14473.9 12114 8983.61 8361.46 3130.42 3722.62 2359.84 4843.88 589.125 2802.76 2340.6 1915.77 2832.59 1476.59 318.919 4254.76 3224.02 1769.2 3517.58 886.994 789.815 2876.24 128.156 1915.09 1381.15 1454.82 525.832
internal_count=307511 263651 260876 213915 183256 143123 125325 40133 43860 30659 80287 4409 29468 29340 20922 46961 15856 2775 75878 54269 35454 45038 8546 10793 36343 1073 25744 17460 18815 5100
is_linear=0
shrinkage=0.1


Tree=32
num_leaves=31
num_cat=0
split_feature=65 90 126 84 275 97 202 196 13 173 6 189 202 100 104 258 117 209 117 12 203 118 193 28 12 93 148 47 212 129
split_gain=86.5764 74.3271 70.793 63.6358 61.0591 41.1273 41.065 54.5553 39.36 36.69 35.1548 32.3534 33.1606 31.0026 29.8294 29.6673 28.6732 27.5933 26.0202 25.9302 25.1373 25.0938 23.4918 23.1251 29.4095 23.0774 21.8285 21.6118 21.3885 22.2815
threshold=1.0000000180025095e-35 0.67614083688075699 0.19877095515392526 0.19646333331441448 0.43670066375263078 -32.499999999999993 191168.73000000004 116040.37500000001 -4009.4999999999995 0.17752100840336138 26147.250000000004 26.500000000000004 376072.62750000006 81794.625000000015 0.49137931034482768 26001708.299585484 -86.499999999999986 1.4452991452991455 -248.49999999999997 12123.500000000002 -133.49999999999997 14865.337500000003 358.42731459330145 0.25784176210723903 16117.500000000002 -0.019576754196326106 0.77097902097902116 0.073950000000000002 0.57490157480314974 6.5227272727272743
decision_type=10 10 10 10 10 10 8 10 8 8 10 8 8 10 10 10 8 8 8 2 8 10 10 10 2 10 8 10 8 10
left_child=1 2 3 4 5 8 18 11 -1 -9 14 13 25 -8 23 19 -2 -18 -5 -6 -12 28 -4 -10 -25 -13 -3 -20 29 -22
right_child=16 26 22 6 15 -7 7 9 10 -11 20 12 -14 -15 -16 -17 17 -19 27 -21 21 -23 -24 24 -26 -27 -28 -29 -30 -31
leaf_value=-0.029307975941329913 0.0075139193599178533 0.0031255002238343814 -0.019874046585835105 0.0036228576507306648 0.0016768941108616896 0.024723523519180453 -0.02862835614068986 0.0017970893019254434 0.0035023126175100006 0.03786689625614581 0.017901169900622179 0.034094364224277016 -0.004330588279718087 0.010230093154574862 -0.018042561528902934 0.0096723622032870472 0.022895663707881708 0.072847192779426084 0.032415658600355307 0.069366557960197986 0.0010558468038023641 -0.020659451342441237 -0.0022070151620354555 -0.031206849641495824 0.021147024188763339 0.16346805024898114 -0.036070696359616725 -0.0066274148516478493 0.0078811346764836275 0.41816005040231474
leaf_weight=772.80845400691032 1576.6513216495514 171.55960399098694 2325.7721160650253 589.02478551864624 82.736791107803583 406.58700516074896 798.77570618316531 546.87254114076495 1779.950226103887 582.26390577480197 910.60167860984802 179.61721350252628 523.17771253734827 276.35160791873932 2391.8753977585584 887.67735600471497 1029.0215063169599 123.90333936922252 1367.4398026447743 179.09736064076424 2.5193318203091613 514.53612089157104 1112.7355265617371 465.24297797679901 139.46107643842697 14.934158477932213 826.87336963228881 158.17541837878525 573.09348904155195 2.60499064065516
leaf_count=13863 21052 5564 36927 7841 558 4240 12376 7615 18371 7097 11763 2068 7592 3820 36540 8431 12712 1402 14456 1508 34 7482 14570 6168 2353 152 31005 1931 7988 32
internal_value=-0.000351614 -0.0027944 -0.00128736 0.00184098 -0.00314651 -0.00625798 0.0108609 0.00317944 -0.00792582 0.0203973 -0.00548856 -0.00766431 0.00877702 -0.0186401 -0.010152 0.0183974 0.0162783 0.0282639 0.0214751 0.0479773 0.00563025 -0.00459522 -0.0141568 -0.00223749 -0.0191326 0.0440254 -0.0293357 0.0283677 0.00969979 0.213094
internal_weight=21311.9 18582.4 17583.9 14145.4 9108.79 7959.28 5036.63 2921.99 7552.69 1129.14 6779.89 1792.86 717.729 1075.13 4776.53 1149.51 2729.58 1152.92 2114.64 261.834 2003.36 1092.75 3438.51 2384.65 604.704 194.551 998.433 1525.62 578.218 5.12432
internal_count=307511 272345 235776 184279 119331 108834 64948 40720 104594 14712 90731 26008 9812 16196 63432 10497 35166 14114 24228 2066 27299 15536 51497 26892 8521 2220 36569 16387 8054 66
is_linear=0
shrinkage=0.1


Tree=33
num_leaves=31
num_cat=0
split_feature=31 126 13 129 70 28 12 205 174 183 199 207 117 16 12 65 91 279 127 22 211 142 150 207 112 155 191 297 127 273
split_gain=79.7169 62.1914 55.5942 42.7074 41.6769 38.8018 44.5321 38.0281 37.6146 36.465 34.2819 33.6928 28.8037 28.7037 27.2332 26.816 26.6223 26.4608 25.7754 25.3087 25.0835 24.5925 24.2817 23.8481 23.7667 24.1171 23.7533 25.9491 23.0845 22.5251
threshold=0.053750000000000013 0.20349551458398407 -1716.4999999999998 13.763888888888891 1.0000000180025095e-35 0.10969878981397295 10952.500000000002 -25134.499999999996 0.051315789473684217 0.10102040816326532 6724.2375000000011 2.5000000000000004 -197.49999999999997 36.500000000000007 16886.500000000004 1.0000000180025095e-35 0.026144736954479102 7.5000000000000009 -1284.4642857142856 2.5000000000000004 0.31287650602409645 0.79705882352941193 0.018350168350168353 196.50000000000003 0.29705882352941182 0.12701612903225809 6.133870774394631 1.3350877192982458 -523.96153846153834 2682334746.5649395
decision_type=10 10 10 10 2 10 2 8 10 10 8 10 8 8 2 10 8 8 8 2 10 10 10 10 10 8 8 10 10 10
left_child=1 2 3 7 26 14 -7 -1 22 11 -9 12 -6 -3 17 23 18 -4 -12 -19 -8 24 -5 -15 -14 -26 27 -2 -13 -17
right_child=4 13 5 8 9 6 20 10 -10 -11 16 28 21 15 -16 29 -18 19 -20 -21 -22 -23 -24 -25 25 -27 -28 -29 -30 -31
leaf_value=-0.024095087102045401 -0.00049625148241567356 -0.024656833089408983 0.0015318814820007372 -0.0066915264608503784 -0.016088254295161506 -0.012954572377332791 0.010715270009781931 0.011327318803073059 -0.012299931544642595 -0.023243689752400858 0.32978195154400014 0.0053372471083697305 0.00041954017129735481 -0.0077931302958497281 0.0051058271695051585 0.020502854771694043 -0.019925167859207223 0.023598619649418274 0.038628243929946723 0.048589771145353504 0.058496593381394728 0.12054482048413302 0.021346378665484979 0.29875972079209834 0.03302479648605041 0.25364000927326541 -0.026703730761060904 0.38751891200585548 0.039940743242016324 0.12810000350931702
leaf_weight=1024.4915347099304 372.40367773734033 907.71390488557518 406.23268842697144 383.90750252828002 1381.4112210273743 961.51279725506902 1502.2622350230813 1097.5847968216985 624.94699695706367 844.20754674542695 3.2931498736143112 558.43552754446864 2013.1220290595666 1323.8665597774088 908.15752827003598 167.93497587181628 777.70026019215584 1812.7057859487832 39.650586703792214 521.89296317659318 118.53722435608506 17.523832317441702 1580.4872645176947 2.5425870418548575 15.652194397524001 7.2504294756799927 1591.0076942443848 1.731570268049835 294.43528456799686 22.006101299077272
leaf_count=17923 6179 14571 4068 6304 24316 9455 19680 15100 10546 15155 25 6632 30417 20511 10523 2353 15853 17487 302 4000 1129 167 21766 20 131 58 29937 16 2633 254
internal_value=-0.000335841 0.00399262 0.00699814 -0.000298031 -0.00898853 0.0134756 0.00409524 -0.00853995 0.00906869 -0.00424658 -0.000232225 -0.000506345 -0.00492337 -0.0105924 0.0201138 -0.00217319 -0.0156927 0.0250867 0.0609554 0.0291853 0.0142098 0.00258718 0.0158668 -0.0072055 0.00157193 0.102866 -0.0213723 0.00129956 0.0172834 0.0329688
internal_weight=21284.6 14187.4 11763.4 5532.06 7097.18 6231.3 2582.31 2942.72 2589.34 5132.04 1918.23 4287.83 3434.96 2424.06 3648.99 1516.35 820.644 2740.83 42.9437 2334.6 1620.8 2053.55 1964.39 1326.41 2036.02 22.9026 1965.14 374.135 852.871 189.941
internal_count=307511 191870 154161 87819 115641 66342 30264 49203 38616 79509 31280 64354 55089 37709 36078 23138 16180 25555 327 21487 20809 30773 28070 20531 30606 189 36132 6195 9265 2607
is_linear=0
shrinkage=0.1


Tree=34
num_leaves=31
num_cat=0
split_feature=82 82 89 82 6 23 82 7 174 129 168 280 235 90 82 87 99 196 180 90 12 118 117 207 190 166 212 48 201 91
split_gain=75.4415 101.719 73.5814 61.8666 58.5965 62.5022 49.1128 46.7722 42.2418 38.6872 44.5527 34.999 33.229 33.1073 32.0092 35.8897 30.6453 28.4336 27.6379 27.233 26.0805 26.0709 27.3377 25.7101 24.4113 23.22 34.279 47.6488 23.0245 26.4016
threshold=10.767154021116635 12.734702333830031 1.1003190045248872 12.477505850333936 26147.250000000004 1.5000000000000002 9.2871476718461015 450117.00000000006 0.067816091954023008 12.510869565217392 0.73205741626794263 3.6165158371040729 10188.271162123388 0.51645931409150481 21.581805300617436 0.051050226457903948 1123.5000000000002 608233.56750000012 0.082207207207207214 0.62140273326656315 11946.500000000002 16695.877500000006 -45.499999999999993 116.50000000000001 5.5000000000000009 0.19139194139194141 0.93353413654618478 0.079250000000000015 10247.730814285716 0.015260146270926396
decision_type=10 10 10 10 8 2 8 8 8 10 10 10 10 10 8 10 8 8 8 8 2 8 8 10 8 10 8 8 8 8
left_child=6 3 8 24 11 -6 -1 19 9 10 28 14 -12 -5 15 -4 21 -18 -16 -7 -13 22 -9 -11 -2 -21 27 -27 -3 -30
right_child=1 2 4 13 5 7 -8 16 -10 23 12 20 -14 -15 18 -17 17 -19 -20 25 -22 -23 -24 -25 -26 26 -28 -29 29 -31
leaf_value=-0.00097037244212085875 0.23055594955176495 -0.0080699554739926214 0.017175064137093885 0.03126410336328346 -0.017431461049237703 0.027828912329778261 -0.035148843871964125 -0.0020994592509831103 -0.023573407584831452 0.0047017831169647098 0.0098959515221788974 -0.010566393134029579 0.24130569022136816 0.077943854540940175 -0.023152807765805184 -0.0057647721420790886 0.01286950238707279 0.048025419856209062 0.00098157262791254574 0.067452242820537509 0.046933650061954039 -0.018182885001385408 0.033689477690432089 0.11305797073877433 -0.0035700864094246423 0.90642495569339576 -0.023328987870785453 0.23373772524107236 0.035527707156316993 -0.03109666010771155
leaf_weight=738.41074261721224 4.4890915378928176 1175.0992669276893 979.23032925650477 908.03791210055351 663.25695190019906 1289.8646497353911 976.29690772294998 721.45557928085327 1549.7584392242134 2032.8295985609293 599.48440801911056 119.16736263036728 6.2700733300298443 182.4702208340168 1354.72139950376 2246.9374672882259 1735.7922631502151 265.20615339279175 730.27870943490416 56.884185340255499 233.34247690439224 570.61233878135681 303.10502118431032 22.136065162718296 560.01734004169703 1.2838742900639744 3.6122096553444871 5.855471471324563 62.697118297219276 1158.7875440344214
leaf_count=9684 48 18152 9822 6575 11789 9806 22967 10948 29489 31056 8756 882 55 3196 21257 27555 23014 3707 11489 1300 2114 9694 5033 139 5880 29 78 125 431 22441
internal_value=-0.00031882 0.00144581 -0.000748681 0.0251642 0.00415978 0.011397 -0.0204304 0.0152569 -0.00912917 -0.00470288 -0.0119388 -0.00301766 0.0122912 0.0390748 -0.00504287 0.0011981 0.00928677 0.017529 -0.0146997 0.0310723 0.0274955 -0.0010523 0.00848831 0.00586899 -0.00170826 0.0929254 0.227698 0.354708 -0.0180632 -0.0276769
internal_weight=21257.4 19542.7 17887.7 1655.01 11280.6 5616.93 1714.71 4953.67 6607.06 5057.3 3002.34 5663.68 605.754 1090.51 5311.17 3226.17 3596.17 2001 2085 1357.5 352.51 1595.17 1024.56 2054.97 564.506 67.6357 10.7516 7.13935 2396.58 1221.48
internal_count=307511 274860 259161 15699 148642 75523 32651 63734 110519 81030 49835 73119 8811 9771 70123 37377 52396 26721 32746 11338 2996 25675 15981 31195 5928 1532 232 154 41024 22872
is_linear=0
shrinkage=0.1


Tree=35
num_leaves=31
num_cat=0
split_feature=16 1 82 113 100 12 15 117 94 196 173 30 97 202 29 204 129 105 67 86 161 30 143 196 129 199 7 250 125 209
split_gain=73.9502 80.5195 58.9778 50.7839 48.764 42.4988 38.253 35.4779 35.2074 36.8934 30.9792 30.1519 30.0115 29.4227 29.0905 29.0775 26.5207 26.4865 26.3478 25.7477 26.5015 29.0841 29.1453 25.4567 24.7036 24.5665 23.627 23.622 23.3244 22.8771
threshold=8.5000000000000018 1.0000000180025095e-35 10.265303834492142 0.046536796536796543 82824.442355769235 9641.5000000000018 -4234.4999999999991 -220.49999999999997 0.0068792463285346295 78373.327500000029 0.27386363636363642 0.056667959622386313 -76.499999999999986 376072.62750000006 0.034818034589017423 -130.43650793650792 18.508620689655178 0.15587044534412958 2.5000000000000004 0.23415094936708863 0.53589743589743599 0.50558277949122454 0.16542288557213933 5641.920000000001 21.354166666666668 51.412500000000009 765722.25000000012 17736.457500000004 0.54454718980822603 0.42319490325625303
decision_type=8 2 10 10 8 2 2 10 8 10 10 8 8 10 8 10 10 10 10 10 10 8 10 10 8 10 8 8 10 8
left_child=12 2 23 5 10 -3 -7 25 9 14 15 -9 -1 18 -8 -4 17 -12 26 20 -13 -22 -23 -2 -15 28 -10 29 -6 -11
right_child=1 3 4 -5 7 6 8 11 13 27 16 19 -14 24 -16 -17 -18 -19 -20 -21 21 22 -24 -25 -26 -27 -28 -29 -30 -31
leaf_value=-0.021271845372114129 0.034656501631197316 -0.0095726744345193161 -0.015188109856392878 -0.0312147673394793 0.010873780408980401 0.001480380322989793 0.089300700061796565 0.091065920652001572 0.039113067649848787 0.10670779395405272 -0.004728632645676082 0.0060778457319134848 0.002357869836598264 0.0035752558902832493 -0.003856966641222022 0.032807045891117957 0.027171155497799745 0.10775654306537029 0.2625201245009201 0.036795492973691425 0.061083654297766223 0.18313312626771916 0.77840737774607494 -0.036746019964994596 0.040416237644417041 -0.0063348411317149557 0.0017767969461943657 0.027091904238656345 0.39834553986206755 0.48261463678767158
leaf_weight=2128.5024766921997 54.124837908893824 771.88023812882602 3426.5091632604599 277.65009701438248 1170.2262876033783 1465.2022656798363 34.555753298103809 52.768333606421947 1463.5735112484545 15.427655952051284 1555.5305884703994 1404.910785574466 719.06959615275264 688.39496440067887 1119.1259666979313 131.05779186822474 351.21420705877244 21.218679152429104 5.0960828661918631 401.2554281167686 28.420371806249022 3.0483098421245804 1.1264308318495748 644.49648374319077 247.4322882220149 2351.8745803833008 191.68951260857284 501.10001230798662 1.5556304454803456 1.8087868466973294
leaf_count=38494 1008 6640 59865 3979 15294 19373 195 283 14368 173 24275 17412 9987 8397 14165 1697 4786 238 44 4701 211 51 20 14863 2632 35428 2725 6165 24 18
internal_value=-0.000309448 0.00201347 -0.00304761 0.0106683 -0.00124243 0.0124559 0.0154216 0.00548927 0.0202074 0.00889008 -0.0078878 0.0165367 -0.0153049 0.027496 -0.00106665 -0.01342 0.00232049 -0.00321489 0.0354883 0.0143979 0.008146 0.0972872 0.34375 -0.0312142 0.013316 -0.000441101 0.0347893 0.0310512 0.0113882 0.146155
internal_weight=21229.8 18382.3 11599.3 6782.94 10900.7 6505.29 5733.41 5415.19 4268.2 1672.02 5485.53 1891.53 2847.57 2596.19 1153.68 3557.57 1927.96 1576.75 1660.36 1838.76 1437.51 32.5951 4.17474 698.621 935.827 3523.66 1655.26 518.336 1171.78 17.2364
internal_count=307511 259030 180156 78874 164285 74895 68255 73424 48882 20716 90861 22678 48481 28166 14360 61562 29299 24513 17137 22395 17694 282 71 15871 11029 50746 17093 6356 15318 191
is_linear=0
shrinkage=0.1


Tree=36
num_leaves=31
num_cat=0
split_feature=207 117 91 82 82 211 127 126 13 135 90 29 130 30 207 204 84 183 277 91 193 189 117 203 208 99 101 52 249 14
split_gain=67.7028 52.6185 44.1764 42.7348 49.1809 42.2615 41.7959 37.1176 35.6425 29.4537 28.5406 26.2735 27.3169 25.5953 25.3001 32.9902 24.9207 26.0054 25.4532 23.6451 22.9042 22.6878 21.7067 21.5808 22.029 21.4994 21.4713 21.1672 26.2129 27.2632
threshold=1.0000000180025095e-35 -245.49999999999997 0.011890068325896012 12.477505850333936 12.734702333830031 0.12543706293706297 -359.46428571428567 0.10498658018945442 -1793.4999999999998 0.080540540540540564 0.70451088511168591 0.17026165731846066 212.50000000000003 0.071772932460555119 27.500000000000004 -892.925824175824 0.26176666665212411 0.1126984126984127 21.516692661913254 0.047060351335460639 923.09086956521742 3.5000000000000004 -490.49999999999994 -385.49999999999994 35.500000000000007 1644.5000000000002 439578.00000000006 0.98135000000000006 7115984.1249312134 -33.499999999999993
decision_type=8 8 8 10 10 10 10 10 10 10 8 10 10 8 8 10 10 10 10 10 10 10 8 10 10 10 8 10 8 2
left_child=2 9 -1 -4 26 6 10 8 23 20 13 -9 -13 25 -7 -16 17 19 -19 -15 -2 22 -10 24 -6 -3 -5 28 29 -11
right_child=1 5 3 4 7 14 -8 11 21 27 -12 12 -14 16 15 -17 -18 18 -20 -21 -22 -23 -24 -25 -26 -27 -28 -29 -30 -31
leaf_value=0.02520072005879842 -0.016887246770377822 0.009795774525545517 -0.028415063441615752 0.0058957022477278244 0.050824106827416872 0.00901080273768942 0.02789086506462617 0.0097325964329020905 -0.027697489982424051 -0.0093973039648913952 -0.035806434829831833 -0.021369075343796923 0.01674792606747711 0.0070057794549689871 0.022381564118362757 0.067382932978493112 0.018093366906850632 -0.019870050903517011 0.34381071730079937 -0.01374704413387514 0.0040307500972453598 0.025407452484518478 0.0054516734132746573 -0.011485735322624861 0.61474144536746778 0.083244176207859566 0.052689055833423662 -0.015455592906380912 0.02743791199822623 0.34523583720221906
leaf_weight=420.08426798786968 1832.7327872207388 85.073357434943318 919.21463588997722 199.74473252892494 1.8882677163928741 459.94200256839395 801.68588657304645 365.29571275413036 222.85863423347473 339.45317777991295 178.7118993550539 2705.9821166694164 202.05443242192268 3245.4980369368568 434.7944504506886 260.51072554662824 979.57041892409325 607.32909427490085 1.9305478781461705 660.80252915434539 732.72284173965454 507.47417143732309 1738.5757744275033 2120.7773760799319 1.094120994210243 74.975803673267365 192.62200674414635 298.33209359645844 612.67708163801581 2.181724674999713
leaf_count=2601 32038 492 19270 2166 36 4476 6926 3310 3525 4499 6430 53069 3022 36252 4591 1922 12843 8464 17 12626 9589 6396 20372 39639 16 434 1870 4016 6574 30
internal_value=-0.00029603 0.00484151 -0.00651017 -0.00796167 -0.00568506 0.00955459 0.00648147 -0.0074086 -0.0016093 -0.00477553 0.00353942 -0.0155453 -0.0187207 0.00478281 0.0272061 0.0392423 0.00363467 0.00049811 -0.0187177 0.00349516 -0.0109128 0.00656126 0.00168526 -0.0111077 0.257703 0.044203 0.0288677 0.00779387 0.015062 -0.00713257
internal_weight=21206.6 11608.9 9597.67 9177.58 8258.37 7790.82 6635.58 7866 4592.67 3818.1 5833.89 3273.33 2908.04 5655.18 1155.25 695.305 5495.13 4515.56 609.26 3906.3 2565.46 2468.91 1961.43 2123.76 2.98239 160.049 392.367 1252.64 954.312 341.635
internal_count=307511 152219 155292 152691 133421 95473 84484 129385 69984 56746 77558 59401 56091 71128 10989 6513 70202 57359 8481 48878 41627 30293 23897 39691 52 926 4036 15119 11103 4529
is_linear=0
shrinkage=0.1


Tree=37
num_leaves=31
num_cat=0
split_feature=113 99 117 29 98 174 186 13 202 188 23 102 155 204 86 129 99 193 200 202 6 28 84 199 83 220 29 92 168 212
split_gain=65.7656 78.4739 57.6157 49.0958 47.4265 43.746 42.2102 40.1527 38.366 56.7726 37.0274 43.9526 44.3835 35.2983 34.8746 34.7115 31.4217 31.2979 31.183 31.1727 29.0899 32.9101 27.4482 27.2381 26.2468 25.1953 24.6958 26.0119 24.5194 24.4983
threshold=0.060661764705882359 1231.5000000000002 -257.49999999999994 0.10837819777473216 52339.250000000007 0.072299651567944254 1.0000000180025095e-35 -734.49999999999989 349665.7275000001 4.5000000000000009 1.5000000000000002 1946990.8125000002 0.5064102564102565 -273.42261904761898 0.20989642857142859 13.514705882352944 30929.500000000004 634.89194527736129 176935.38750000004 997831.21500000008 40169.250000000007 0.56861046756726441 0.11751547618456935 4077.8325000000004 7.5873333329118156 50.500000000000007 0.54440425418521221 0.22405277223838629 0.69615384615384623 0.95013812154696142
decision_type=10 8 10 10 10 8 10 10 10 8 2 10 8 10 10 10 10 10 10 10 10 8 10 10 2 10 10 10 10 8
left_child=1 3 6 -1 5 8 13 15 9 -5 -4 16 -13 17 -11 -6 22 28 -10 -20 -14 -22 -12 -15 -19 -24 27 -16 -3 -8
right_child=-2 2 10 4 7 -7 29 -9 18 14 11 12 20 23 26 -17 -18 24 19 -21 21 -23 25 -25 -26 -27 -28 -29 -30 -31
leaf_value=0.016914354810134185 -0.02830520927228938 -0.01461156064697032 -0.014866904845219634 0.0046500442617394295 -0.025002003871046636 -0.021791299133809408 0.031898113321172587 0.0031553978598620651 -0.022831141550095232 0.023946001912200685 0.0038194537407812059 0.040477338647176071 0.13525027320808058 0.03218014886928227 0.03126198873817989 -0.0073340219335664425 -0.0023395288819251007 0.0032047537166918294 0.054931574933792186 -0.0067327965220794986 0.90780521986389806 0.24743623976707868 0.030442027059638069 -0.0010737379993146889 0.058280876472652135 -0.0051210515128552632 0.13096571555372513 0.14083253080374741 0.013317258628621232 -0.0075536623509521424
leaf_weight=883.73017511982471 805.60804829932749 2861.2821795940399 363.91003638412803 1171.6884761983529 2625.0936956033111 629.83972916100174 609.84557922556996 1183.6777048707008 583.74123930931091 306.03533146344125 760.18260878417641 441.82821566425264 18.478212598711256 460.99498965963721 104.64379119873047 1929.1834465637803 831.93801736831665 1034.5181885659695 124.99459969997406 238.21927762031555 1.0805410593748086 2.5023652967065573 1696.6152714826167 528.9287918806076 94.424058675765991 225.71800428256392 60.822239212691784 27.323583073914051 353.14004412293434 212.15646149218082
leaf_count=6658 13742 46095 5424 16785 52336 11257 6479 16586 9628 3316 9211 5116 227 4075 846 34310 8909 12252 1677 3772 18 47 19610 7153 1151 2847 958 282 4569 2175
internal_value=-0.000282274 0.000826187 0.0068448 -0.00557575 -0.00778773 0.00186971 0.000622371 -0.0132532 0.00756325 0.0166786 0.0156653 0.0184582 0.0473891 -0.00262868 0.0449323 -0.0175179 0.0146394 -0.00651257 -0.00851699 0.0144881 0.185815 0.446592 0.0199052 0.0144122 0.00781129 0.0262663 0.0782462 0.0539484 -0.0115433 0.0217157
internal_weight=21172.1 20366.5 10497.5 9868.99 8985.26 3247.31 6155.29 5737.95 2617.47 1670.51 4342.25 3978.34 463.889 5333.29 498.825 4554.28 3514.45 4343.36 946.955 363.214 22.0611 3.58291 2682.52 989.924 1128.94 1922.33 192.79 131.967 3214.42 822.002
internal_count=307511 293769 135358 158411 151753 48521 83949 103232 37264 22187 51409 45985 5408 75295 5402 86646 40577 64067 15077 5449 292 65 31668 11228 13403 22457 2086 1128 50664 8654
is_linear=0
shrinkage=0.1


Tree=38
num_leaves=31
num_cat=0
split_feature=65 89 189 220 30 196 126 29 220 210 102 276 87 6 85 131 202 99 123 174 129 12 128 104 278 131 118 87 40 84
split_gain=62.729 56.6426 51.3137 57.1278 52.7109 40.2299 35.9819 32.7545 32.9871 31.2082 29.7998 29.7588 27.82 30.6014 27.1192 26.7776 24.6323 24.7254 24.8922 24.3415 24.922 24.204 24.0067 23.9869 23.5287 23.303 26.3556 22.3733 25.8822 23.7876
threshold=1.0000000180025095e-35 1.3861000000000001 1.0000000180025095e-35 44.500000000000007 0.14599244001433329 215032.32000000004 0.10198869900306708 0.61515518038583372 14.500000000000002 13.500000000000002 1595601.0000000002 78.500000000000014 0.031937081711533817 27567.000000000004 8.2669500000000031 1126.8750000000002 44062.740000000013 -674.49999999999989 30441.000000000004 0.11882352941176472 16.976190476190478 19485.500000000004 -276.49999999999994 0.49137931034482768 6.5000000000000009 -6817.0499999999993 18236.517000000003 0.029238414108277131 0.17170000000000005 0.085714285710204105
decision_type=10 10 10 10 8 10 10 10 10 10 8 10 10 10 2 8 10 8 8 10 10 2 10 10 10 8 10 10 10 10
left_child=1 2 4 6 -1 -5 9 8 23 -4 -7 -9 -3 -14 -12 -11 17 18 -2 20 -8 -18 -22 24 25 -6 -27 28 29 -23
right_child=16 12 3 5 7 10 19 11 -10 15 14 -13 13 -15 -16 -17 21 -19 -20 -21 22 27 -24 -25 -26 26 -28 -29 -30 -31
leaf_value=0.020868983628047504 0.33545087371000715 -0.01609857759299313 0.010293120264437874 -0.023914546372255995 0.025495644628541016 -0.0076291876055237951 -0.0038785264354834095 -0.024388218240747755 -0.019107887891842035 0.050774116237760847 0.024635250269913742 0.54335534119437234 0.012424637337832207 0.047198566026512054 0.15385039924339089 0.2891057111388145 0.01570535736179951 0.033622207995857661 0.081071982906718826 -0.02588865052841622 -0.0057303498202485037 0.44953185191178702 0.033609851340341723 -0.01143375555493268 0.24867131661714806 0.0025027534569372848 -0.049879497503883617 -0.013664135379084919 0.44457138001925778 0.030837646777820766
leaf_weight=511.18444631993771 5.294964415952566 223.09869943000376 3599.2648427989334 1347.2783671878278 418.45777801796794 615.17165529727936 2385.4710565768182 1783.9615817498416 1866.6946264728904 128.79738105647266 214.72534835338593 0.92370929010212321 896.78990122489631 352.55340873077512 17.571546077728271 4.8933159410953513 1945.3953899145126 267.92636816203594 14.065280931070445 383.32589228637516 255.03739833459258 1.4279542043805182 395.92293207906187 1610.3974107047543 3.9659830816090098 1271.3589632296935 103.90143427997828 492.82830077409744 1.7805400900542725 27.281115721911192
leaf_count=3483 56 3163 42056 21994 4126 9560 34442 51251 30061 1259 2782 21 9683 3218 199 51 22704 3138 210 6534 3519 28 4607 24955 33 13877 1471 8525 34 471
internal_value=-0.000274448 -0.00238284 -0.00402009 0.000936283 -0.0101395 -0.0131767 0.00526674 -0.0123848 -0.00842255 0.0120553 0.00389388 -0.0240944 0.016429 0.0222375 0.0344094 0.0594975 0.0137949 0.0415083 0.150644 -0.00214356 0.000854077 0.0105698 0.0181969 -0.00256991 0.00537048 0.00483253 -0.00145475 -0.0085212 0.0746082 0.051663
internal_weight=21146.7 18390.7 16918.3 9347.46 7570.85 2194.75 7152.71 7059.66 5274.78 3732.96 847.469 1784.89 1472.44 1249.34 232.297 133.691 2756 287.287 19.3602 3419.76 3036.43 2468.71 650.96 3408.08 1797.68 1793.72 1375.26 523.318 30.4896 28.7091
internal_count=307511 272345 256281 127003 129278 34535 92468 125795 74523 43366 12541 51272 16064 12901 2981 1310 35166 3404 266 49102 42568 31762 8126 44462 19507 19474 15348 9058 533 499
is_linear=0
shrinkage=0.1


Tree=39
num_leaves=31
num_cat=0
split_feature=23 112 1 173 11 280 28 12 131 96 173 220 14 12 10 6 82 129 208 129 212 117 277 179 6 84 129 30 189 92
split_gain=59.6653 56.7997 55.5252 46.2468 39.2758 33.9125 33.6823 32.6035 31.3732 31.8167 30.543 30.6393 29.6762 32.8954 29.2766 29.064 28.3619 27.0193 31.9332 26.1621 38.6386 25.5488 25.203 25.2001 25.6517 25.0454 24.0497 23.4909 23.1044 22.9655
threshold=2.5000000000000004 1.0000000180025095e-35 1.0000000180025095e-35 0.27386363636363642 0.031945000000000008 1.8352713178294575 0.17856833961106008 16886.500000000004 -3118.0499999999997 -657.22499999999991 0.05634920634920635 32.500000000000007 -7420.4999999999991 9641.5000000000018 1.5000000000000002 14780.250000000002 20.713430020017913 29.763888888888893 23.500000000000004 13.973684210526317 0.93656382740889799 -64.499999999999986 0.3761465612708596 0.18350168350168353 26147.250000000004 0.2075999999807778 25.029411764705888 0.83528033751537878 18.500000000000004 0.047355943468829868
decision_type=2 10 2 8 2 10 10 2 8 8 8 10 2 2 2 8 10 10 10 10 10 10 10 10 10 10 10 10 10 8
left_child=1 2 3 5 6 17 12 -8 10 -10 -2 25 21 28 15 -15 26 18 -1 -5 23 -4 -18 24 -21 -12 -17 -16 -14 -26
right_child=8 -3 4 19 -6 -7 7 -9 9 -11 11 -13 13 14 27 16 22 -19 -20 20 -22 -23 -24 -25 29 -27 -28 -29 -30 -31
leaf_value=-0.01170711890718517 0.0039928696227185282 0.038200685461120425 -0.010322290119515104 -0.0055631066017862484 -0.014616261877470513 0.008048249401077465 -0.011992264552417262 0.022419383048687666 -0.01429595325864391 0.014893350445823529 0.026812186611343783 0.010367027472055253 -0.021488670708065195 -0.011873657799757426 0.037707205870411993 0.02441594524517203 -0.0029968415700196756 0.0033539462511604765 -0.027959664418941418 0.016134316964190751 -0.0083600115674623398 0.053040668285058802 0.047905282856712188 -0.018986980878680036 0.13777293493145717 0.063301328348118593 0.072662417303673663 0.37659082515724784 0.04598646083466585 0.046083655731802675
leaf_weight=2858.6165427621454 873.62435214594007 332.48992482386529 779.72990143299103 2602.2796210218221 1027.4110870361328 649.5029130987823 1382.3817559927702 343.80557233095169 765.55989265441895 729.04466791730374 499.51920091360807 579.41750951483846 334.44123326335102 357.83057324402034 616.10308625549078 1004.9962381385267 661.00627679005265 633.40881516411901 2094.8481751158834 375.11656977050006 558.39771075546741 69.290417313575745 114.05395255237818 106.50774113833904 30.529696704819798 301.72663044929504 115.15734653919935 2.0523094553500405 59.824129808694124 259.62255257368088
leaf_count=50222 10219 2775 10289 43898 16310 7083 18880 6173 11729 7047 4910 7097 2976 4677 6134 11194 9446 9276 42010 4803 8276 697 1269 1897 486 2858 1056 40 446 3338
internal_value=-0.000264181 -0.00273358 -0.00353244 -0.00822416 0.00341408 -0.0135793 0.00658573 -0.00513848 0.011177 -5.78686e-05 0.0186258 0.027885 0.0115045 0.0158349 0.0195542 0.014265 0.0192002 -0.0160936 -0.0185804 0.000268418 0.0116769 -0.0051511 0.00449366 0.026174 0.0334042 0.040553 0.0293759 0.0388323 -0.0112503 0.0557312
internal_weight=21118.3 17369.4 17036.9 10168.8 6868.08 6236.38 5840.67 1726.19 3748.89 1494.6 2254.29 1380.66 4114.49 3265.47 2871.2 2253.04 1895.21 5586.87 4953.46 3932.45 1330.17 849.02 775.06 771.777 665.269 801.246 1120.15 618.155 394.265 290.152
internal_count=307511 263651 260876 171289 89587 108591 73277 25053 43860 18776 25084 14865 48224 37238 33816 27642 22965 101508 92232 62698 18800 10986 10715 10524 8627 7768 12250 6174 3422 3824
is_linear=0
shrinkage=0.1


Tree=40
num_leaves=31
num_cat=0
split_feature=16 15 113 100 202 23 117 268 188 97 5 14 203 204 99 97 30 205 11 90 29 30 238 216 131 129 99 211 15 90
split_gain=57.9073 59.3267 41.544 56.1548 48.0482 42.1265 40.7822 40.4388 33.1456 31.0211 29.4964 28.2704 26.9634 31.8081 26.6686 26.4755 35.6323 29.4512 30.9769 47.531 41.0375 33.2659 29.4196 26.2898 25.1943 25.0412 24.8635 24.767 24.2235 24.1519
threshold=9.5000000000000018 -4213.4999999999991 0.12771739130434787 90439.687500000015 124359.03000000001 1.5000000000000002 -60.499999999999993 5464882808.1573801 7.5000000000000009 -58.499999999999993 301518.00000000006 -13.499999999999998 -157.49999999999997 -892.925824175824 811.50000000000011 -1289.4999999999998 0.73027703019461621 -1180.4999999999998 0.029709000000000003 0.55364461964891298 0.56007302873243103 0.56826400405960509 27237.774375000005 0.0613139992839241 -2586.9886363636356 10.258333333333335 975.50000000000011 1.6984848484848487 -413.49999999999994 0.64992799262548784
decision_type=8 2 10 10 10 2 8 10 8 8 2 2 10 10 10 8 8 8 2 10 10 8 10 8 8 8 8 10 2 8
left_child=9 10 3 4 6 -5 24 8 25 -1 -2 12 13 -10 27 16 17 -8 19 -19 -21 -22 -17 -13 -3 -6 -7 -12 -18 -16
right_child=1 2 -4 5 7 26 15 -9 11 -11 14 23 -14 -15 29 22 28 18 -20 20 21 -23 -24 -25 -26 -27 -28 -29 -30 -31
leaf_value=-0.018173241536631714 -0.021052593800339244 0.019536900201073973 -0.030940582698951332 -0.015709303388458062 -0.023787095808430827 0.006432319016514503 0.081065511341209984 0.021218052150678637 0.0059217095353092481 0.0058334773018687315 -0.013594201692636011 0.39329400151536115 -0.0045652536178360922 0.053572632029210504 0.0097659845184671235 0.01714782432809649 0.0051820167606600048 0.21038334223790162 -0.022387964176375202 1.2460537366148483 0.98241170289761637 0.077995730429125304 0.17344124722267898 0.050685775214651597 -0.0092756666164821016 -0.0059268690263226823 0.025110254811623683 0.098240729357688863 0.18178111511154235 -0.041933824173847445
leaf_weight=2423.320686340332 1272.2587829232216 434.65502977371216 311.31642310135067 372.61470363847911 1138.1847929228097 1004.7894146628678 46.972129428759217 613.49994216486812 475.02682439982891 691.95239736232907 1534.9778008330613 3.5129331853240702 1335.1509776357561 198.67614941857755 1421.824318498373 1587.1135476846248 82.02955605275929 9.1112690903246385 3.4462607204914084 0.88816764950752203 0.64400153048336473 1.1036413572728634 12.135656097903846 6.1795355789363393 1005.6535289287567 2529.9903801381588 2451.6418097764254 20.061232758685946 8.5794684607535583 96.491809040307999
leaf_count=43945 22896 4669 5099 5826 18576 12264 564 7126 6743 9556 26574 42 17774 1846 19205 17320 1448 113 71 23 18 40 77 66 13728 40013 27829 165 132 3763
internal_value=-0.000254078 0.00192695 0.00517019 0.00601407 0.00189054 0.0162367 0.0118853 -0.0031738 -0.00580527 -0.012841 -0.00824764 0.00448645 0.00366441 0.019974 -0.00294685 0.0221333 0.0619059 0.120211 0.241235 0.318574 0.692561 0.41127 0.0183338 0.174861 -0.000580636 -0.0114687 0.0196806 -0.0121514 0.0219036 0.00648037
internal_weight=21093.8 17978.5 13632.9 13321.6 9492.55 3829.05 3192.33 6300.22 5686.72 3115.27 4345.61 2018.55 2008.85 673.703 3073.36 1752.02 152.774 62.1655 15.1933 11.7471 2.63581 1.74764 1599.25 9.69247 1440.31 3668.18 3456.43 1555.04 90.609 1518.32
internal_count=307511 254010 181407 176308 130389 45919 38203 92186 85060 53501 72603 26471 26363 8589 49707 19806 2409 829 265 194 81 58 17397 108 18397 58589 40093 26739 1580 22968
is_linear=0
shrinkage=0.1


Tree=41
num_leaves=31
num_cat=0
split_feature=9 174 129 202 220 6 7 98 280 99 179 161 30 70 28 88 202 86 189 112 12 199 130 118 129 207 212 27 46 6
split_gain=53.8862 47.1161 46.4673 52.6812 44.3654 41.3377 48.7944 37.5934 36.2841 35.2841 30.3218 27.8195 27.6334 26.2948 25.04 26.1804 24.7143 24.549 24.4505 24.4138 24.1113 23.1389 26.1125 22.8007 22.4084 21.7548 22.6085 21.6113 21.2044 22.0179
threshold=1.5000000000000002 0.072299651567944254 13.607692307692309 344796.54750000004 43.500000000000007 24752.250000000004 675191.25000000012 31674.805303030313 2.7944947209653095 882.50000000000011 0.27429467084639503 0.067424242424242428 0.12334537001096685 1.0000000180025095e-35 0.16924150485542261 -0.088822457269572927 42207.052500000005 0.25386258741258744 16.500000000000004 0.10620300751879701 11726.500000000002 3507.3000000000006 80.500000000000014 11037.276964285717 23.018518518518523 169.50000000000003 0.93771551724137947 1.0000000180025095e-35 0.18750000000000003 34337.250000000007
decision_type=2 10 10 10 8 10 8 10 10 10 10 10 8 2 8 8 10 10 10 10 2 10 10 8 10 10 10 2 10 10
left_child=14 2 3 5 8 7 21 16 10 -5 11 28 -9 -3 -1 23 -2 20 -18 -14 -17 -7 -23 -16 -25 26 -6 -22 29 -4
right_child=1 13 4 9 25 6 -8 12 -10 -11 -12 -13 19 -15 15 17 18 -19 -20 -21 27 22 -24 24 -26 -27 -28 -29 -30 -31
leaf_value=0.026837114159236498 0.028142341460982958 -0.027352610195424055 0.012921857385496022 -0.02368520440706547 0.0077195080804603224 0.031845286814715767 -0.0056319062904212755 0.030211471570708706 0.054357656263423607 0.001496251920582545 -0.011089255536399334 0.041568408597339852 -0.017316375944426629 -0.0043015906982012096 -0.0064519220515864527 -0.027255579074171577 -0.0057360442414582042 0.024272073402688752 0.026966238781542914 0.060667620890440394 -0.0044589871399959317 0.0098375270720423343 0.26855077589577736 -0.035891035533974013 -0.0031098218219893815 0.11789104685167576 -0.017291284059837302 0.04813134721696305 -0.0083979669264547547 0.036283880263835958
leaf_weight=169.23729706089944 447.75138258095831 669.90911696013063 2037.3471591696143 1327.5174763202667 743.18229115381837 1074.899409648031 958.61517084017396 142.31857703626156 245.98309829831123 957.98702692985535 406.13256363105029 430.66793370619416 1771.9521797224879 1893.9467938430607 725.80296245217323 480.35857678204775 1092.4248725511134 265.36274147033691 289.1428950689733 41.074840031564236 984.53673343453556 1018.0313887931406 3.9163272045552722 964.14234207011759 266.07249268703163 14.683873143047093 703.5986661054194 84.875550239346921 359.57206371147186 503.02113455533981
leaf_count=1448 4752 11737 23512 21960 10202 10684 16258 870 1916 13754 6231 4329 28276 27849 14249 6841 12810 4984 2709 378 19793 12503 30 21742 4617 88 10257 1353 5122 6257
internal_value=-0.00024871 0.00217627 0.00437605 1.40931e-05 0.0116876 0.00440602 0.013058 -0.00257897 0.017156 -0.0131302 0.0147071 0.0178527 -0.0122189 -0.0103246 -0.0107931 -0.0124818 0.0077251 -0.00383245 0.00110809 -0.0155496 -0.00864471 0.0216025 0.010829 -0.0205082 -0.0288011 -0.0032146 -0.00444374 -0.000285074 0.0143307 0.0175478
internal_weight=21074.1 17133.7 14569.8 9125.63 5444.19 6840.13 3055.46 3784.66 3982.72 2285.5 3736.74 3330.61 1955.35 2563.86 3940.39 3771.15 1829.32 1815.13 1381.57 1813.03 1549.77 2096.85 1021.95 1956.02 1230.21 1461.46 1446.78 1069.41 2899.94 2540.37
internal_count=307511 232484 192898 124984 67914 89270 39475 49795 47367 35714 45451 39220 29524 39586 75027 73579 20271 32971 15519 28654 27987 23217 12533 40608 26359 20547 20459 21146 34891 29769
is_linear=0
shrinkage=0.1


Tree=42
num_leaves=31
num_cat=0
split_feature=8 126 117 178 91 8 15 202 36 196 202 99 30 130 130 280 239 210 105 208 15 235 92 259 12 204 119 30 117 101
split_gain=50.4605 41.1189 38.6848 35.9711 34.4181 30.4521 30.4093 30.6864 29.9034 31.1785 55.3696 36.1828 30.4863 27.0536 26.4897 28.7568 26.4802 32.631 32.076 24.7177 24.4809 23.1329 23.0136 22.9917 22.6111 27.6362 24.0816 22.2341 23.3683 21.4629
threshold=5.5000000000000009 0.21780052424709581 -14.499999999999998 0.074537037037037054 0.22566147231918138 3.5000000000000004 -4265.4999999999991 66343.320000000007 0.015600000000000001 195618.42000000001 404365.72500000003 -601.49999999999989 0.59110497846855481 44.500000000000007 28.500000000000004 0.71503759398496258 179999.37000000002 2.5000000000000004 0.34523809523809529 44.500000000000007 -438.49999999999994 35414.661654135351 0.25693573484007276 37634.692500000012 21977.500000000004 -1519.4226190476188 520796.25000000006 0.09538156003579823 -22.499999999999996 489619.21500000003
decision_type=2 10 10 10 10 2 2 8 10 10 10 8 8 10 10 8 10 8 8 8 2 10 10 10 2 10 10 8 10 10
left_child=2 4 3 5 8 6 -1 20 9 10 11 12 -2 -12 15 -13 18 -18 22 -5 -8 24 -14 -15 29 26 -26 -17 -29 -9
right_child=1 -3 -4 19 -6 -7 7 21 -10 -11 13 14 16 23 -16 27 17 -19 -20 -21 -22 -23 -24 -25 25 -27 -28 28 -30 -31
leaf_value=-0.017743872738011712 0.089906587164295546 -0.010187338432845635 0.053762085543370169 0.022685974558133318 -0.035169807131056406 -0.023994222623774559 0.01239649261490087 -0.013657440580216375 -0.0069797808401641584 0.022493179560801518 -0.028248204427586934 -0.02822053352213541 -0.0055276328930974061 -0.0046978670052062943 0.018958315175210294 0.046327461090351657 0.094256237127649314 0.55655283765969166 0.32724629573440417 -0.0087719302147014188 0.08410924791368482 0.037518036300089617 0.063987783768418072 0.051679346148029881 0.064259064038603861 0.0033967992189027451 0.60029054348638633 0.0036387699425901665 0.057971254972971731 0.0048144868959330393
leaf_weight=1743.5305259209126 97.221009232103825 1768.4002809524536 106.96877584513277 648.47561928629875 196.38697969913483 1167.880041481927 572.40353310108185 2731.5173524599522 1316.5203816015273 1466.8150773346424 527.53801494091749 254.22358643822372 174.76582232676446 1060.0102851800621 1832.8091095369309 135.59115292318165 7.4547674767672989 1.9200764130800969 3.3015441745519629 406.25097873806953 51.920974686741829 121.6910304967314 65.461848504841328 77.635634507983923 72.928265085443854 370.42481332831085 0.84786135889589687 3167.3895867560059 81.189642371609807 817.20748572982848
leaf_count=35870 894 27680 1162 8344 8066 19735 7355 45179 19139 16605 7399 3277 2864 13791 19338 756 80 20 30 6923 598 1339 806 642 1667 7863 19 36730 679 12661
internal_value=-0.000239273 0.00391626 -0.00600881 -0.00674328 0.00629924 -0.0091301 -0.00645219 -0.0022978 0.00709224 0.00916143 0.00654937 0.0111489 0.0423141 -0.00953026 0.00915453 0.00421596 0.0240187 0.18894 0.0176699 0.0105693 0.0183604 -0.00543233 0.0134153 -0.000850553 -0.00674132 0.0145284 0.0704193 0.00665264 0.00499667 -0.00940369
internal_weight=21046.7 12234.6 8812.05 8705.08 10466.2 7650.35 6482.47 4738.94 10269.8 8953.33 7486.51 5821.33 350.125 1665.18 5471.2 3638.39 252.904 9.37484 243.529 1054.73 624.325 4114.62 240.228 1137.65 3992.93 444.201 73.7761 3384.17 3248.58 3548.72
internal_count=307511 158796 148715 147553 131116 132286 112551 76681 123050 103911 87306 65474 4694 21832 60780 41442 3800 100 3700 15267 7953 68728 3670 14433 67389 9549 1686 38165 37409 57840
is_linear=0
shrinkage=0.1


Tree=43
num_leaves=31
num_cat=0
split_feature=6 118 82 129 18 179 12 131 205 199 196 202 179 208 89 96 263 191 30 173 192 130 208 279 210 154 117 64 14 249
split_gain=50.6741 59.5192 45.6536 44.7074 43.6752 36.8084 36.7192 36.5416 43.5372 32.66 32.5778 29.8974 29.7272 27.8044 27.355 26.702 26.5468 25.5673 29.6866 25.2022 24.1334 23.2504 30.161 23.5036 21.9979 21.8523 21.5581 20.9032 27.1649 19.9375
threshold=16503.750000000004 13745.685000000003 21.581805300617436 23.018518518518523 1.0000000180025095e-35 0.067816091954023008 9542.5000000000018 -4852.0406249999987 -40937.499999999993 135.02250000000001 292655.40750000003 894718.14750000008 0.16954022988505749 8.5000000000000018 1.1188025896748244 -849.95454545454538 11140149878.349798 10.149188269180415 0.14599244001433329 0.096006144393241177 27665.437500000004 118.50000000000001 16.500000000000004 2.5000000000000004 5.5000000000000009 0.41801075268817212 -51.499999999999993 5.5000000000000009 -11219.499999999998 75431038.673479989
decision_type=10 8 10 10 2 10 2 10 8 8 10 10 10 10 10 8 10 8 8 10 10 8 8 8 10 8 8 10 2 10
left_child=7 2 4 5 6 10 -2 8 20 -10 11 17 19 15 -4 -9 -6 -3 -19 -5 -1 22 26 -24 25 -25 -8 -21 -29 -16
right_child=1 3 14 12 16 -7 21 13 9 -11 -12 -13 -14 -15 29 -17 -18 18 -20 27 -22 -23 23 24 -26 -27 -28 28 -30 -31
leaf_value=-0.026438320954360689 -0.016375232776011009 0.0065829065341360214 -0.012638797981930103 0.0017188609586377128 0.028398168011221719 -0.025342059989687117 0.0097675167035637823 -0.032621819199847267 0.029143551876839209 -0.00060291085752757099 0.015577745115979688 -0.029897094904918584 -0.0083837700297040799 -0.024250436628094816 0.005303097066656895 0.013353217120622575 0.16054851572300421 0.033716922524432993 -0.016671245734663213 0.023817215130591901 0.029387991171045503 0.042811386227780829 -0.031616818430081108 -0.011896154261828419 0.036140362812821188 0.014603427804441653 0.031578432161170948 0.36152378889873071 0.067350024631965308 0.13407323110887659
leaf_weight=713.46545088291168 510.61598720308393 1190.4683523289859 1289.9079967550933 602.9729374665767 1237.6806145114824 1108.0259823203087 1080.4433662891388 176.34199523925781 507.61044241301715 1352.6900615561754 658.75160217285156 557.29936599731445 706.16455903463066 1779.8928844295442 1958.1460729837418 445.4157595615834 15.390140585601328 126.86579367890954 1492.0158018767834 678.28172476403415 86.863203167915344 232.84991063550115 201.83876991271973 695.00456522218883 194.05800056643784 563.48278415761888 780.56465166062117 3.2937762066721907 66.830583879724145 12.098038040101526
leaf_count=11881 4158 17281 25027 7873 13384 22094 12721 3343 5258 20285 8768 8690 10539 29556 29342 5096 151 874 28643 6826 1223 2601 3240 10584 2000 7046 8238 36 627 126
internal_value=-0.000230773 0.00253385 0.00806243 -0.00421031 0.0136106 -0.00920222 0.0087822 -0.00894856 -0.000876512 0.00751385 -0.00475959 -0.00873899 0.00824415 -0.017891 -0.00131792 0.000313847 0.0300212 -0.0045418 -0.0127225 0.0169331 -0.0203792 0.0122094 0.0101824 0.000358276 0.00480138 -3.10701e-05 0.0189157 0.0291908 0.0811675 0.00609379
internal_weight=21025.3 15963.1 8772.08 7190.97 5511.93 5133.43 4258.86 5062.28 2660.63 1860.3 4025.4 3366.65 2057.54 2401.65 3260.15 621.758 1253.07 2809.35 1618.88 1351.38 800.329 3748.24 3515.39 1654.38 1452.55 1258.49 1861.01 748.406 70.1244 1970.24
internal_count=307511 230869 118618 112251 64123 86350 50588 76642 38647 25543 64256 55488 25901 37995 54495 8439 13535 46798 29517 15362 13104 46430 43829 22870 19630 17630 20959 7489 663 29468
is_linear=0
shrinkage=0.1


Tree=44
num_leaves=31
num_cat=0
split_feature=65 113 102 23 207 118 207 82 142 14 220 130 97 133 123 6 131 117 259 6 3 238 2 1 68 99 119 14 92 15
split_gain=47.5944 43.8436 49.6136 43.3321 42.462 31.1468 29.2629 29.1638 28.3092 26.581 26.0846 30.8494 25.4229 26.987 27.5206 24.5513 24.4429 22.6515 21.0746 20.9255 21.1674 20.844 20.7583 31.9604 22.9386 21.0999 30.2267 27.7451 26.7123 20.4532
threshold=1.0000000180025095e-35 0.060661764705882359 1595601.0000000002 2.5000000000000004 2.5000000000000004 15567.534642857145 37.500000000000007 34.103655360648581 0.78679653679653694 -9015.4999999999982 43.500000000000007 58.500000000000007 -226.49999999999997 0.090672938355698104 470562.96428571438 17511.750000000004 -16992.019285714283 -72.499999999999986 132512.71500000003 13349.250000000002 1.0000000180025095e-35 51058.397625000005 1.0000000180025095e-35 1.0000000180025095e-35 -508.49999999999994 -272.49999999999994 97170.150000000009 -2573.4999999999995 0.056837732926502758 -181.49999999999997
decision_type=10 10 10 2 8 10 10 10 10 2 10 8 10 10 10 10 10 10 10 10 2 10 2 2 8 8 8 2 8 2
left_child=1 2 3 4 5 8 21 9 10 17 11 15 -4 14 19 -1 -7 -5 -17 -14 -21 22 23 24 -6 26 27 -26 -29 -2
right_child=29 -3 12 7 6 16 -8 -9 -10 -11 -12 -13 13 -15 -16 18 -18 -19 -20 20 -22 -23 -24 -25 25 -27 -28 28 -30 -31
leaf_value=-0.020195461948988341 0.01054180203609173 -0.02707978202668071 0.00053286490354234454 -0.030744103595655433 -0.010706848321629051 -0.011150954293687679 0.029487160225665193 -0.037191349171736408 0.1091809203480775 0.013606740200060981 -0.025707283146888665 0.014643423293557152 -0.021612146964106023 0.011104095981332128 0.0087724227188742815 -0.0025588708870086423 -0.032588153633056845 0.053762453554456482 0.10186381749704165 0.099481999452005282 0.03434461218327136 0.043386836004846108 -0.010185197688033809 0.015447512270629011 0.05142356976441026 0.0024709753018289592 -0.002664484648721648 0.56052051772439426 0.15519796623277857 0.063136718312929913
leaf_weight=1063.2502225441858 2695.9881973266602 675.51813052035868 475.89633213914931 234.41883112490177 1750.9977835807949 1226.062873840332 335.43499163165689 134.39297318458557 21.275252967141569 2580.5120373377576 609.05950006470084 759.36950341798365 23.420924477279186 364.98046916723251 112.97195529937744 2123.3876038007438 939.41244149208069 36.68223038315773 19.504719540476799 149.35159793403 74.913057549856603 104.83396507427096 1927.2326884418726 1291.7085397867486 49.425295971333981 1056.1530654719099 68.950331414118409 1.7932099476456667 17.432859158143401 76.024218008853495
leaf_count=18060 34281 12283 7579 3685 28675 20951 2940 2009 212 29143 12539 11110 265 4855 1221 33518 20256 433 194 1688 761 996 29038 13569 778 13902 1425 36 224 885
internal_value=-0.000223633 -0.0020801 -0.001118 -0.00255918 -0.00499242 -0.010563 0.000710864 0.00833194 -0.00590405 0.0104774 -0.00643929 -0.00347993 0.0184946 0.0302745 0.0496746 -0.00777242 -0.0204507 -0.0193097 -0.00160841 0.0683305 0.0777236 -0.000828983 -0.00158102 0.00233316 -0.00341942 0.00726976 0.0441025 0.0910732 0.193002 0.0119843
internal_weight=21000.4 18228.3 17552.8 16351.3 13365.3 6761.32 6603.96 2986.01 4595.85 2851.61 4574.57 3965.51 1201.53 725.638 360.658 3206.14 2165.48 271.101 2142.89 247.686 224.265 6268.53 6163.69 4236.46 2944.75 1193.75 137.602 68.6514 19.2261 2772.01
internal_count=307511 272345 260062 243693 208423 116840 91583 35270 75633 33261 75421 62882 16369 8790 3935 51772 41207 4118 33712 2714 2449 88643 87647 58609 45040 16365 2463 1038 260 35166
is_linear=0
shrinkage=0.1


Tree=45
num_leaves=31
num_cat=0
split_feature=29 87 82 87 27 142 87 29 12 183 90 87 82 82 104 163 95 211 88 112 275 16 90 279 133 88 280 32 190 130
split_gain=45.7054 43.3783 49.8954 47.103 44.7745 39.9162 39.5134 37.1113 36.8549 28.8043 28.3393 25.8548 29.6982 27.5544 24.8852 23.9154 23.6797 24.972 23.6729 23.3277 24.5336 25.4381 22.2229 33.5391 21.5755 20.7683 20.5236 23.5639 23.8018 26.1148
threshold=0.010403997785698622 0.096638201806046334 12.734702333830031 0.079506014193120852 1.0000000180025095e-35 0.10620300751879701 0.10609757138153665 0.68878045902578433 12934.500000000002 0.070197044334975381 0.51488613865578226 0.055228377855392322 17.282839585256085 18.436462004872357 0.65058139534883741 0.20526315789473687 -8.322063875442459e-05 1.1012820512820516 -0.21396534083578617 0.17752100840336138 1.670542635658915 16.500000000000004 0.42969128567678244 36.500000000000007 0.066522966147554582 -0.10561960212375411 3.1686991869918706 0.11695000000000001 247.50000000000003 186.50000000000003
decision_type=8 8 10 10 2 10 10 10 2 10 10 10 10 10 10 10 8 10 8 10 10 10 10 10 10 10 10 10 10 10
left_child=-1 2 3 10 5 7 -3 9 -6 11 -2 13 25 22 15 26 17 19 -18 20 -15 24 -4 -24 -22 -13 27 28 -7 -30
right_child=1 6 4 -5 8 14 -8 -9 -10 -11 -12 12 -14 16 -16 -17 18 -19 -20 -21 21 -23 23 -25 -26 -27 -28 -29 29 -31
leaf_value=0.045351953831872328 0.023827485731862802 -0.036165771556578116 0.0097672111738462113 -0.00050712698058616933 0.0019912062823166901 0.0092574921168874554 -0.0032995247619706774 -0.024023435440425886 0.031765784103096113 -0.016702303147904891 0.06901745446877082 -0.020586609594165629 -0.049137657591054269 -0.0063202046339841354 -0.0057166622785143869 -0.073883300222848058 -0.021746163016482495 0.052155844465422478 0.020492798318072325 0.067401499720119037 0.10164350929281184 0.21126863746163435 0.059029883800924034 0.57225950667212655 0.00318086720820762 0.0057620266302585276 0.03503357706261602 -0.020571159312889123 0.077102276490838451 0.54840413316753245
leaf_weight=217.8243168098852 761.58688474260271 629.13770551793277 202.83588637784123 848.7808837890625 1004.9896084042266 3246.2510712202638 873.93243408203125 1076.1600152254105 709.01235800608993 1568.0718188369647 169.69413310289383 626.28076992928982 205.59081268310547 4522.39021214284 1789.8998218271881 34.874172978103161 158.37867987155914 79.419414049014449 817.91441324725747 44.828906144946814 29.106798091903329 7.9164084661751977 113.88933293521404 1.2876867689192284 94.531364150345325 572.70295347087085 286.75747427344322 280.91176622919738 4.0633646771311751 1.654338778927922
leaf_count=1264 5318 17548 1345 10226 10229 35927 12291 32335 9249 27102 2729 9301 3794 70827 28731 406 2526 759 10439 400 226 58 1678 15 820 5893 2292 3708 55 20
internal_value=-0.000216526 -0.000694587 0.000582312 0.0165321 -0.00104195 -0.00271072 -0.0170563 -0.0064683 0.0143077 -0.00437965 0.0320618 -0.00179538 -0.0140223 0.00103271 0.00402722 0.00855193 -0.000550837 -0.00345047 0.0136406 -0.00439034 -0.00508187 0.0374878 0.0296872 0.0647678 0.0263609 -0.008001 0.00930458 0.00721621 0.00961654 0.213467
internal_weight=20980.7 20762.9 19259.8 1780.06 17479.7 15765.7 1503.07 10121.3 1714 9045.15 931.281 7477.07 1404.57 6072.5 5644.41 3854.51 5754.49 4778.19 976.293 4698.77 4653.94 131.555 318.013 115.177 123.638 1198.98 3819.64 3532.88 3251.97 5.7177
internal_count=307511 306247 276408 18273 258135 238657 29839 167518 19478 135183 8047 108081 18988 89093 71139 42408 86055 73090 12965 72331 71931 1104 3038 1693 1046 15194 42002 39710 36002 75
is_linear=0
shrinkage=0.1


Tree=46
num_leaves=31
num_cat=0
split_feature=23 6 7 29 279 15 16 280 87 201 118 203 197 131 251 205 223 67 99 183 251 236 89 261 117 12 226 189 32 15
split_gain=42.2231 46.4921 43.2528 42.1082 39.2917 42.6651 31.4769 31.9391 30.2798 26.6366 26.5501 25.372 25.3576 28.5954 24.2805 24.0522 23.9441 23.8138 23.4524 21.6126 21.5614 34.1887 21.502 19.9795 19.5584 20.0254 19.6672 19.6302 22.0697 19.1296
threshold=1.5000000000000002 29252.250000000004 675191.25000000012 0.13817671343907637 17.500000000000004 -4161.4999999999991 1.5000000000000002 0.16152751423149908 0.036975408891056057 10560.235247093025 10967.565535714288 -247.49999999999997 4438.6798125000014 -1265.8124999999998 3976.5788073005101 -62697.999999999993 -4.1153846153846141 2.5000000000000004 1142.5000000000002 0.2752525252525253 8590.6595454545477 137362.50000000003 1.3167974269876728 81928.740344669131 -266.49999999999994 9902.5000000000018 134778.60000000001 30.500000000000004 0.12895000000000004 -656.49999999999989
decision_type=2 10 8 10 10 2 10 8 10 8 10 8 8 10 8 8 10 10 10 10 8 8 10 10 8 2 10 10 8 2
left_child=9 3 10 -2 5 19 7 -7 18 -1 24 16 17 15 -6 -14 -10 -9 -4 -5 21 -17 -12 -16 -3 27 -27 -26 -29 -15
right_child=1 2 8 4 14 6 -8 12 11 -11 22 -13 13 29 23 20 -18 -19 -20 -21 -22 -23 -24 -25 25 26 -28 28 -30 -31
leaf_value=0.0038161763370138527 0.012582121143608375 0.0068396245880440873 -0.0022702448848720548 -0.013607015197662102 0.13046413396968645 -0.020028850715047924 -0.01242119154128766 0.025153431103149812 0.0051562500663762294 -0.023488773054199476 0.0037312586758773804 -0.022459985892523134 -0.013672625258478913 -0.013755119524051352 -0.0089636778059493886 0.023754134373160929 0.36072311398340612 0.37480166021721595 0.020832272575791969 -0.044090205587501402 0.009345176096178201 0.15511973958685321 0.033989968764090717 0.03331848005573957 -0.013118723027680424 0.03756758439863217 0.22846136481900672 -0.066996862691831319 0.16818052101708592 0.018831159116670618
leaf_weight=510.14480510633439 1643.9970707418397 388.28602337837219 988.41542511619627 2584.6514603095129 20.061323326081038 597.89541294425726 2126.6959378151223 464.73080908600241 466.30159453302622 1192.2160658836365 1621.1471077278256 838.45735413022339 454.44624425470829 1288.7477731704712 173.92462088540196 84.881701350212097 1.9016178473830212 1.9560941532254208 791.1000554561615 255.58650229405612 2566.2931347824633 25.843519283458591 274.62614762037992 312.64835192635655 137.54746901802719 907.88464293815196 5.4293599799275389 5.7590999938547638 12.992085143923758 209.42558671347797
leaf_count=8794 11595 5121 17951 45529 157 10445 31062 5143 8656 25373 20718 16371 7095 19800 1795 786 34 13 12744 5665 33380 241 2223 2783 1105 9858 37 43 82 2912
internal_value=-0.000210752 0.0011241 0.00805553 -0.00235998 -0.00455959 -0.00585263 -0.00204037 0.00183669 -0.000487642 -0.0153063 0.0159173 -0.0120471 0.00440193 0.00216236 0.02265 0.0075984 0.00660039 0.026619 0.00800019 -0.0163501 0.0112093 0.0544152 0.00811461 0.0182048 0.0260635 0.033042 0.0387024 -3.37375e-05 0.0959499 -0.00919997
internal_weight=20954 19251.6 6439.85 12811.8 11167.8 10661.2 7820.92 5694.22 3086.18 1702.36 3353.67 1306.66 5096.32 4629.64 506.634 3131.46 468.203 466.687 1779.52 2840.24 2677.02 110.725 1895.77 486.573 1457.9 1069.61 913.314 156.299 18.7512 1498.17
internal_count=307511 273344 94943 178401 166806 162071 110877 79815 55756 34167 39187 25061 69370 64214 4735 41502 8690 5156 30695 51194 34407 1027 22941 4578 16246 11125 9895 1230 125 22712
is_linear=0
shrinkage=0.1


Tree=47
num_leaves=31
num_cat=0
split_feature=1 94 113 12 10 10 82 131 173 129 16 118 100 58 204 193 198 52 99 118 196 92 86 94 102 190 29 196 235 248
split_gain=40.8172 39.4089 35.5892 34.0743 38.4524 36.4895 32.8211 29.7672 29.1086 31.0788 25.7806 23.4051 23.3714 22.2233 21.7549 21.6208 21.4811 21.171 21.1686 21.9304 30.0934 29.6103 20.8825 20.6233 20.0748 20.0116 19.8319 19.783 19.7538 19.4773
threshold=1.0000000180025095e-35 0.0011488200661624456 0.057189542483660136 9641.5000000000018 1.5000000000000002 1.0000000180025095e-35 10.265303834492142 -4984.3022727272719 0.16869918699186995 19.514705882352946 31.500000000000004 18519.579750000004 79719.826153846167 0.037850000000000009 -247.4946808510638 1123.7619857142861 307846.64250000002 0.98785000000000012 -601.49999999999989 11037.276964285717 202467.98250000001 0.048425413058325678 0.17006030303030303 0.00019969712608083149 1103854.3650000002 144.50000000000003 0.010403997785698622 5641.920000000001 38584.907834101388 209626.83000000005
decision_type=2 8 10 2 2 2 10 8 8 10 8 10 8 8 8 10 10 10 10 8 8 10 10 8 10 10 8 10 10 10
left_child=1 -1 3 15 5 13 27 17 14 11 -9 12 18 29 24 -2 22 23 19 20 -10 -22 -6 -7 28 -24 -25 -3 -8 -5
right_child=2 6 -4 4 16 7 8 10 9 -11 -12 -13 -14 -15 -16 -17 -18 -19 -20 -21 21 -23 25 26 -26 -27 -28 -29 -30 -31
leaf_value=-0.017071582829891442 -0.017746575333613616 0.034613031690429022 -0.026429561255132024 0.074433861236084628 0.019398236452062113 -0.022718107650592075 -0.012994195393768225 -0.015911783867049546 0.043236271889623569 0.020623190636745749 0.0049567520396737895 -0.021618646039456554 0.012261533371478872 0.021546304976204023 0.0069630536655619669 0.02816964816838527 0.0078562701980799867 -0.022030514455113538 -0.0077120192823595035 -0.013665372860513531 0.7475230949239593 0.14551402333807067 0.047529010357901302 0.12516429204346857 0.0097635858288372245 0.32045181140712636 0.013839961877874413 -0.029699215344819941 0.035981425323821731 0.30973360022401386
leaf_weight=1904.1220635212958 787.10578463971615 52.382986187934875 341.68855581153184 39.497949494048953 548.9334780909121 158.32534952834249 3299.9094584584236 1263.3465746045113 124.65084324032068 1045.6369639523327 1113.9694675728679 402.24094320833683 1713.1799346506596 678.12090485356748 1091.4456927832216 117.91344071179628 593.19802701473236 196.83891105651855 1659.9408192839473 85.030771940946579 1.1649462282657617 2.7356713637709618 401.13051909953356 16.122175741940737 496.33301079273224 2.7047152593731871 2152.6240592189133 550.36516916751862 84.462935149669647 3.8618767559528342
leaf_count=36060 7307 963 5798 418 6055 2396 57347 20966 2054 12430 13920 6608 22690 7447 13896 867 7079 2891 26649 1774 21 50 3807 85 7153 25 25970 13826 927 32
internal_value=-0.000203409 -0.00382495 0.00518179 0.00651962 0.00882789 0.00498755 -0.00144753 0.00189675 -8.24685e-05 0.00527741 -0.00613315 0.00125476 0.00381997 0.0259843 -0.00550964 -0.0117642 0.0227953 0.00946026 -0.00389914 0.0257342 0.0517951 0.325308 0.0320964 0.012124 -0.00901758 0.0493569 0.0146675 -0.02411 -0.0117719 0.095391
internal_weight=20929 12513.6 8415.38 8073.69 7168.67 5622.71 10609.5 4901.23 10006.7 5034.58 2377.32 3988.94 3586.7 721.481 4972.15 905.019 1545.97 2523.91 1873.52 213.582 128.551 3.90062 952.769 2327.07 3880.71 403.835 2168.75 602.748 3384.37 43.3598
internal_count=307511 202448 105063 99265 91091 74125 166388 66228 151599 72276 34886 59846 53238 7897 79323 8174 16966 31342 30548 3899 2125 71 9887 28451 65427 3832 26055 14789 58274 450
is_linear=0
shrinkage=0.1


Tree=48
num_leaves=31
num_cat=0
split_feature=117 207 100 99 30 113 99 196 129 140 86 104 203 87 14 174 190 118 117 67 28 60 98 47 190 11 36 154 105 203
split_gain=38.9842 40.1962 40.4724 41.0174 47.8667 36.6917 37.8803 32.8137 30.1062 29.2237 26.5096 25.895 25.5852 25.1455 24.9021 24.3634 24.1436 22.0015 21.7964 21.1044 21.8214 20.4567 19.7987 19.1881 19.1346 21.1435 18.954 18.7407 18.3882 20.5164
threshold=-29.499999999999996 24.500000000000004 66426.56089285716 -187.49999999999997 0.80102612132791884 0.057189542483660136 1375.5000000000002 5451.6150000000007 14.980769230769232 0.18350168350168353 0.15740270270270273 0.34313725490196084 -199.49999999999997 0.026606428699731625 -6871.4999999999991 0.22401433691756276 35.500000000000007 9820.827000000003 -39.499999999999993 1.0000000180025095e-35 0.26432852596062351 0.033950000000000008 15268.975 0.29795000000000005 168.50000000000003 0.018421500000000004 0.081400000000000014 0.85092592592592597 0.24038461538461542 -103.49999999999999
decision_type=10 10 8 8 8 10 10 8 10 8 10 10 10 10 2 10 10 10 10 10 10 10 10 10 10 2 8 8 10 10
left_child=1 2 3 4 7 6 9 16 11 -4 27 -5 -3 -11 -15 17 -1 21 -14 20 -16 23 -9 -10 -2 -26 -23 -8 -6 -30
right_child=24 12 5 8 28 -7 10 22 15 13 -12 -13 18 14 19 -17 -18 -19 -20 -21 -22 26 -24 -25 25 -27 -28 -29 29 -31
leaf_value=0.046005575894856404 0.019968285191037362 0.069592896248946573 0.039820261520129574 -0.0019488376725611397 -0.021116706764850394 -0.022587741215739227 -0.0019342282193634574 0.027996017814924015 0.021192512195333121 -0.061206460528279973 0.021259548046087151 -0.020693885654872301 0.011512453387646065 -0.011686402638889256 0.004353436531249792 -0.028263316585613502 0.17076489088134594 -0.0026023998222546355 0.12710724683466409 0.021245939209841795 -0.010862317129409046 0.45619901569407451 0.0013837993479082688 0.32923161964571357 -0.0014831419701676926 0.43233812885578893 -0.031598324800113715 0.021251172090761421 0.2699195510059062 -0.070149323356800797
leaf_weight=59.062138676643372 821.43256642483175 91.781824111938477 171.2317364551127 963.1876542493701 528.98308962956071 582.47712799720466 1426.3620443455875 482.27291266061366 336.87819132953882 70.995473165996373 1589.6425223350525 3137.6428707521409 794.14163949713111 1749.3627584204078 3276.6313093919307 296.92895312607288 21.036434382200241 1507.3027166426182 16.654093584045768 519.16746265999973 1323.1318288752809 2.0908880587667222 665.09523840807378 2.0343942362815133 2.1367841064929953 2.3690094789490104 1.2867979034781454 461.39574249461293 4.5410578493028879 2.9114950317889443
leaf_count=785 8313 717 1600 12007 10374 10427 19105 9115 4973 1440 19270 58668 7015 27870 38316 5852 239 23466 119 5627 21879 30 14700 35 25 30 28 5400 48 38
internal_value=-0.000196564 -0.00107218 -0.00204261 -0.00746662 0.00599957 0.00184742 0.00319168 0.0168897 -0.0112687 -0.000991224 0.0117448 -0.0162911 0.0195515 -0.00199828 -0.00138626 -0.00167365 0.0787713 0.00259499 0.0138868 0.00213375 -2.3408e-05 0.0254821 0.0125697 0.0230416 0.0210956 0.226607 0.270363 0.00373262 -0.0189191 0.137065
internal_weight=20910.2 20084.2 19181.7 8011.25 1763.9 11170.4 10587.9 1227.47 6247.35 7110.52 3477.4 4100.83 902.578 6939.29 6868.29 2146.52 80.0986 1849.59 810.796 5118.93 4599.76 342.29 1147.37 338.913 825.938 4.50579 3.37769 1887.76 536.436 7.45255
internal_count=307511 299143 291292 140358 35299 150934 140507 24839 105059 96732 43775 70675 7851 95132 93692 34384 1024 28532 7134 65822 60195 5066 23815 5008 8368 55 58 24505 10460 86
is_linear=0
shrinkage=0.1


Tree=49
num_leaves=31
num_cat=0
split_feature=13 15 6 0 12 202 129 117 279 131 205 7 6 99 62 52 179 216 202 199 143 100 207 91 102 193 30 12 30 277
split_gain=36.4882 39.9763 37.7766 42.1034 32.4932 34.4752 46.4504 31.7844 30.8806 29.7236 30.6733 27.2712 40.5319 27.7764 26.8347 23.6967 23.4473 25.4909 22.4197 22.2837 22.2373 22.0994 24.2452 21.7409 21.6904 23.6388 21.3997 20.9619 20.7153 25.6969
threshold=-5445.4999999999991 -387.49999999999994 16503.750000000004 1.0000000180025095e-35 9734.5000000000018 349665.7275000001 19.514705882352946 -17.499999999999996 11.500000000000002 -4852.0406249999987 -40380.499999999993 675191.25000000012 32604.750000000004 -746.49999999999989 4.5000000000000009 0.95155000000000012 0.15894736842105264 0.041791417165668664 42207.052500000005 135.02250000000001 0.42640692640692646 101578.68750000001 29.500000000000004 0.038226781628445401 748993.92750000011 138.11798571428574 0.34171764924473202 12989.500000000002 0.32252326354673544 25.047619047619055
decision_type=8 2 10 2 2 10 10 10 10 10 8 10 10 8 2 8 10 10 8 8 10 8 8 10 10 10 8 2 10 10
left_child=-1 2 9 4 15 7 24 8 11 10 -2 12 23 27 -8 26 17 -16 -3 -12 -20 22 -19 -6 25 -7 -4 -14 -10 -30
right_child=1 18 3 -5 5 6 14 -9 28 -11 19 -13 13 -15 16 -17 -18 21 20 -21 -22 -23 -24 -25 -26 -27 -28 -29 29 -31
leaf_value=-0.017638748328872238 -0.018266519769808837 0.069280313225042689 0.39538087324042914 -0.033745168930455011 0.0098140512659286062 -0.021662283931041994 -0.0089248471277654229 0.060706959519779037 0.020613407708717588 -0.016968742927918591 0.025202997268748542 -0.0044253207152191529 0.16943563116220814 0.024905869867477046 -0.00058928489365118564 -0.013638517985926375 -0.00024942684729948694 0.00200131456668716 0.011688647080644869 -0.00048044651136572021 0.076961507023122308 0.048445658904611971 0.068962978156835816 -0.0096424557485740893 0.0060098020541883247 -0.0032607014392613226 0.029335943659270381 0.049823582005620363 0.071536084490427074 0.38460887179947378
leaf_weight=1133.5473022460938 698.32915985584259 82.447475453838706 2.6592946387827388 317.88942642323673 3272.0861420715228 1363.946675254032 535.34796780347824 118.60071835108101 151.3091585971415 2100.7018886804581 468.020104162395 1544.816435742192 23.105526997707784 871.46601830702275 282.66950421687216 1202.3643508702517 536.36922833230346 277.25636930391192 992.62163669615984 1214.2901154831052 55.090305022895336 467.27863524854183 67.172557575628161 696.57505282852799 848.71865129470825 1429.9958313703537 3.9986359439790249 40.043617174960673 89.883473441004753 2.7005125116556874
leaf_count=23757 11583 757 22 7369 36682 27339 7698 1060 959 33876 4698 29154 251 10603 3561 11061 8180 3495 13175 18174 493 4589 776 13406 12267 20938 45 632 891 20
internal_value=-0.000190869 0.000810155 -0.000297804 0.00223683 0.003064 0.00456441 -0.00109519 0.00939148 0.00848203 -0.0082989 -0.000648538 0.00716089 0.0108112 0.0295465 0.0105012 -0.0125967 0.0168785 0.0252731 0.0190718 0.00666471 0.0151208 0.0342795 0.0150606 0.00639907 -0.00799096 -0.012244 0.175541 0.0935882 0.0434106 0.0806679
internal_weight=20891.3 19757.8 18627.6 14146.3 13828.4 12619.3 5808.76 6810.59 6691.99 4481.34 2380.64 6448.09 4903.28 934.615 2166.09 1209.02 1630.75 1094.38 1130.16 1682.31 1047.71 811.708 344.429 3968.66 3642.66 2793.94 6.65793 63.1491 243.893 92.584
internal_count=307511 283754 269329 200998 193629 182501 88843 93658 92598 68331 34455 90728 61574 11486 28299 11128 20601 12421 14425 22872 13668 8860 4271 50088 60544 48277 67 883 1870 911
is_linear=0
shrinkage=0.1


Tree=50
num_leaves=31
num_cat=0
split_feature=174 129 183 279 212 118 179 65 16 235 208 132 202 252 83 18 82 202 235 90 118 190 91 131 126 134 89 206 6 91
split_gain=34.7827 36.4137 38.0098 34.6166 30.5101 31.9235 26.2402 25.3723 23.9224 23.2355 23.8739 22.316 22.2921 20.1336 19.956 19.2602 22.3569 23.0906 29.4501 23.1807 21.7275 21.5853 26.4323 19.4185 22.6847 19.8399 19.2069 20.5109 19.1715 18.8529
threshold=0.070197044334975381 13.607692307692309 0.10818713450292398 2.5000000000000004 0.9355637176620889 12740.355000000001 0.14459930313588851 1.0000000180025095e-35 6.5000000000000009 39445.065789473687 30.500000000000004 0.099461154331947813 229112.43750000003 16933.162500000002 1.149425287312283 1.0000000180025095e-35 22.483157423885686 376072.62750000006 12606.081081081082 0.47210099661016025 6745.3537500000011 34.500000000000007 0.059753175282123504 1737.2812500000002 0.33122195495825685 0.10149001625202038 1.2771992109686259 98.500000000000014 15477.750000000002 0.041777867100890438
decision_type=10 10 10 8 8 8 10 10 8 10 8 8 8 8 2 2 8 10 10 10 10 8 10 8 10 8 8 10 10 8
left_child=1 2 3 -1 5 28 -7 13 -2 12 -11 -10 -6 -5 -14 26 17 18 21 -20 -21 23 -23 24 -17 -25 -15 -28 -3 -16
right_child=8 4 -4 7 9 6 -8 -9 11 10 -12 -13 14 15 29 16 -18 -19 19 20 -22 22 -24 25 -26 -27 27 -29 -30 -31
leaf_value=-0.018755748512428658 -0.033770189866639232 0.0073198452152050848 -0.015254620353063825 0.06601631986139482 0.015286135496674067 0.013537581888793136 -0.0088752681698358298 0.016725590018553078 -0.0022716757357227968 0.15772534041409875 0.01348356469402145 -0.024177350465704173 0.028381725355046985 -0.0054489846940753957 0.022480714419834943 0.016654885790421656 -0.008465284754351066 -0.015456734743251422 0.063642652385739462 0.036040252845937974 0.35598710549098067 0.047055308689635124 -0.033553353253401884 0.12575885385413663 0.27024517523049646 -0.027198192125060423 0.013694476336990814 -0.059284049732549096 0.035323896601662075 -0.012426340804005648
leaf_weight=835.22324895858765 364.66603875719011 346.80534671619534 1786.4209815263748 46.562265664339066 597.5564603889361 1835.2579242195934 730.19783670641482 1103.2760069109499 2348.4604066815227 18.414791418239474 30.446903883479536 579.88441885635257 151.03846418485045 4646.8897658102214 169.61357751861215 456.90154118090868 514.78500125557184 194.34718368947506 28.043533907271922 3.2459658719599229 6.1327021028846502 342.28306032437831 46.16568878851831 8.9110529255121929 3.5549587979912749 175.34547654725611 867.45041585713625 40.301010364666581 828.41110112518072 1762.224417610094
leaf_count=14747 7398 4689 32377 372 6974 20842 11474 13249 37182 161 304 11146 2159 73179 1187 4968 8573 2719 157 36 64 3685 1111 117 47 2491 9017 572 9753 26761
internal_value=-0.000185507 0.00158164 -0.00189253 0.000668828 0.00754511 0.0134108 0.00715828 0.00258107 -0.00961729 -0.000494228 0.0678448 -0.00660954 -0.00173998 0.000466797 -0.00662461 5.06545e-05 0.00910385 0.0162539 0.0220105 0.109157 0.245253 0.0188539 0.0374753 0.00763428 0.0186127 -0.0198009 -0.00285001 0.0104545 0.0270599 -0.00936153
internal_weight=20868.8 17575.8 11105.8 9319.42 6469.97 3740.67 2565.46 8484.2 3293.01 2729.29 48.8617 2928.34 2680.43 7380.92 2082.88 7334.36 1779.72 1264.93 1070.58 37.4222 9.37867 1033.16 388.449 644.713 460.456 184.257 5554.64 907.751 1175.22 1931.84
internal_count=307511 251785 167481 135104 84304 46758 32316 120357 55726 37546 465 48328 37081 107108 30107 106736 23968 15395 12676 257 100 12419 4796 7623 5015 2608 82768 9589 14442 27948
is_linear=0
shrinkage=0.1


Tree=51
num_leaves=31
num_cat=0
split_feature=87 82 5 90 131 23 1 295 103 129 168 27 28 199 179 94 113 170 173 127 204 136 196 100 201 181 52 14 65 12
split_gain=33.7489 38.5714 230.821 60.8992 49.5152 35.5608 38.5333 33.8151 55.2071 30.877 35.6168 30.6868 26.6234 25.5413 24.8368 23.9972 24.6032 23.6041 23.3827 27.4129 24.4688 22.648 30.5502 29.7312 21.6168 26.6075 34.8146 21.4973 24.2064 21.2545
threshold=0.026606428699731625 36.985748321797097 592519.50000000012 0.50856762636962782 4500.9000000000005 1.5000000000000002 1.0000000180025095e-35 0.011834733893557424 0.39208074534161497 9.9736842105263168 0.89444444444444449 1.0000000180025095e-35 0.51352728517579305 31.432500000000001 0.081666666666666679 0.00018740044369719696 0.20714285714285716 0.24621212121212124 0.15450928381962867 -1034.7321428571427 -221.39230769230767 0.16869918699186995 78373.327500000029 67286.493750000009 2365.2271875000001 0.24621212121212124 0.97985000000000011 -7420.4999999999991 1.5000000000000002 18967.500000000004
decision_type=10 10 2 10 10 2 2 8 10 8 10 2 8 8 10 8 10 10 10 10 10 8 10 8 8 10 10 2 10 2
left_child=-1 5 -3 14 7 24 9 8 -5 10 13 18 29 -7 17 -14 27 -4 20 -20 -11 22 23 -9 25 -2 -27 -17 -29 -8
right_child=1 2 3 4 -6 6 12 21 -10 11 -12 -13 15 -15 -16 16 -18 -19 19 -21 -22 -23 -24 -25 -26 26 -28 28 -30 -31
leaf_value=-0.035760262628282483 0.049676400384072394 -0.039224919645876384 0.65849424641313459 1.5721676605215555 1.4166746675509654 0.00047726609748035051 -0.0035309732387661715 0.46002004131528812 0.33781117548033657 -0.0096979491702530625 0.015955370421493066 0.019807762402057061 -0.017541147363401999 -0.022077504394875842 -0.11168779616663066 0.00023616367327280744 -0.050507977091267198 0.16138155478785002 -0.0057299365604087382 0.011799809426193228 0.012909093130994261 0.0027047068552273706 0.11598642019534909 1.3335530934730471 -0.015102660205602728 0.78181853820965685 -0.014370740535266532 0.015489399843533078 0.065600085493499702 0.04663666844677445
leaf_weight=263.21332483366132 11.438038392923771 32.816011540591717 1.6810696544125661 0.77599384170025587 0.85550372302532185 696.62758828606457 2367.5118453893811 0.88655067980289481 0.67972398735582829 3425.3166578067467 412.11647004075348 762.43933995254338 279.97839716076851 1797.7293601855636 1.4267298858612774 987.97620565071702 61.056276402436197 2.2119859345257282 1525.1278901100159 2149.1918008849025 556.5615004086867 0.9411057736724614 0.90719969384372223 0.69513944536447569 1626.2112407684326 1.2348087616264813 0.98912381753325451 3694.7014349652454 98.980671862140298 87.574681520462036
leaf_count=5538 189 481 19 30 34 9631 24715 28 22 60826 5577 8915 4893 31570 19 13626 1166 32 26435 26809 7736 32 28 20 33019 25 19 44080 939 1058
internal_value=-0.000179322 0.000275603 0.0939348 0.488996 0.714863 7.5557e-05 0.00130101 0.591974 0.995805 -0.0023922 -0.0112788 0.000675827 0.00682057 -0.0157784 0.245235 0.010924 0.0125697 0.376041 -0.00122942 0.0045236 -0.00653808 0.420585 0.578595 0.84393 -0.0140503 0.111213 0.427703 0.0133751 0.0167968 -0.00174146
internal_weight=20849.9 20586.6 43.877 11.061 5.74122 20542.8 18902.9 4.88571 1.45572 11325.1 2906.47 8418.64 7577.78 2494.36 5.31979 5122.69 4842.71 3.89306 7656.2 3674.32 3981.88 3.43 2.48889 1.58169 1639.87 13.662 2.22393 4781.66 3793.68 2455.09
internal_count=307511 301973 745 264 194 301228 267976 160 52 177499 46778 130721 90477 41201 70 64704 59811 51 121806 53244 68562 108 76 48 33252 233 44 58645 45019 25773
is_linear=0
shrinkage=0.1


Tree=52
num_leaves=31
num_cat=0
split_feature=23 112 207 100 202 46 190 19 14 233 211 99 109 30 140 29 100 295 191 101 93 277 92 9 39 299 109 130 90 84
split_gain=32.065 32.493 27.8108 24.2574 30.9924 22.2995 22.1025 26.8755 20.1194 21.3265 21.0569 19.8752 29.4204 28.784 20.9175 19.6 19.4833 25.8574 18.2544 17.797 17.6945 19.0369 17.7549 17.6726 17.8832 17.6317 17.5324 21.9311 17.475 24.5886
threshold=2.5000000000000004 0.093073593073593086 2.5000000000000004 82824.442355769235 98935.987500000017 0.35415000000000002 241.50000000000003 1.0000000180025095e-35 -9015.4999999999982 50422884060.627327 0.52985739750445637 -318.49999999999994 0.29520697167755999 0.81446242778427835 0.6043478260869567 0.023711236871581033 112429.18004464287 0.59417229729729748 4.3460092539039916 21867.750000000004 -0.052191256770826595 12.329824561403511 0.14830282082444865 1.5000000000000002 0.39810000000000006 11.148053033922602 0.52786377708978338 292.50000000000006 0.56121527733723753 0.088157777773642004
decision_type=2 10 8 10 10 10 10 2 2 10 10 8 8 8 8 8 8 10 8 8 10 10 8 2 10 10 10 8 8 8
left_child=1 2 3 4 -1 11 18 -8 9 10 -2 13 16 -4 -14 19 -13 23 -5 -10 26 22 -22 -18 -25 -16 27 -20 -29 -30
right_child=8 -3 5 6 -6 -7 7 -9 15 -11 -12 12 14 -15 25 -17 17 -19 20 -21 21 -23 -24 24 -26 -27 -28 28 29 -31
leaf_value=0.004744263289851741 -0.022436225367503837 0.030863087862079905 0.030650466474435496 0.021519171875845466 -0.014186680109032826 -0.020278464701303192 0.046676536407560171 0.49662271454718748 -0.029016974067881243 0.36808845643497778 0.094261551574997937 -0.011583115583891603 0.017630158213955492 -0.012475445965315492 0.0014334449956445445 0.0088886113747910118 -0.020307826061675721 0.10560040394664592 -0.013099962445802525 0.063983574193882078 -0.0086630306601099081 0.1934981206249472 0.02814289943847972 0.007579686370073566 0.29536773986660214 0.17049611602398052 0.019143476939478238 0.022169817926615223 0.44393091360204207 0.07582108272695727
leaf_weight=1071.7968041701242 319.82959786057472 295.04089198727161 534.12833471596241 358.23774671927094 4477.5054420530796 446.59225848689675 4.1350379874929777 1.9551891675218938 25.106729162856936 1.4458633959293354 16.247587144374847 2112.5529763083905 1267.3350280486047 217.90407286584377 2487.620336227119 3296.8563648015261 277.73796190600842 24.559289265424013 1633.3388145556673 114.04142316803336 239.2225660616532 5.8105200789868823 289.8835766389966 999.22879129182547 2.1639156937599173 6.1841087974607936 225.77341962791979 76.78044511936605 2.368718279525635 7.7567659802734861
leaf_count=14168 5020 2383 8944 4990 87972 8264 59 30 161 20 159 32291 11769 3561 33052 37876 5302 245 27234 624 3313 39 3342 12614 30 52 3048 674 65 210
internal_value=-0.000190155 -0.0020347 -0.00261346 -0.00668119 -0.0105303 0.00146328 0.000826064 0.191126 0.00815171 -0.0151458 -0.0167945 0.0026878 0.00106722 0.0181546 0.00716898 0.0104402 -0.00565057 0.00396276 0.000417858 0.0472033 -0.00262909 0.0134789 0.011502 0.00201132 0.00820157 0.00185268 -0.00705682 -0.0104955 0.038454 0.161935
internal_weight=20839.1 17065.6 16770.6 8394.57 5549.3 8376.01 2845.26 6.09023 3773.53 337.523 336.077 7929.41 7177.38 752.032 3761.14 3436 3416.24 1303.69 2839.17 139.148 2480.93 534.917 529.106 1279.13 1001.39 2493.8 1946.02 1720.24 86.9059 10.1255
internal_count=307511 263651 261268 145144 102140 116124 43004 89 43860 5199 5179 107860 95355 12505 44873 38661 50482 18191 42915 785 37925 6694 6655 17946 12644 33104 31231 28183 949 275
is_linear=0
shrinkage=0.1


Tree=53
num_leaves=31
num_cat=0
split_feature=82 70 87 87 82 174 82 82 93 87 82 87 87 82 90 82 82 82 90 96 199 205 190 87 118 205 158 94 5 15
split_gain=30.7112 30.8348 37.9206 49.5805 37.0446 31.1364 30.4621 29.0336 28.3293 26.2569 25.5782 33.6727 57.8877 39.5891 30.1848 23.1151 57.1401 36.5104 30.287 27.1872 26.3421 32.1002 25.8663 23.0085 21.4662 22.9398 22.3096 21.465 21.425 21.3893
threshold=10.265303834492142 1.0000000180025095e-35 0.046595095661551754 0.051264471571165544 25.217129969741816 0.096006144393241177 9.4550979566883786 25.938354384161418 -0.023219695051603238 0.066815533786578327 16.301766670171073 0.058643929020371861 0.055228377855392322 18.436462004872357 0.59614176430547128 14.371870671454525 13.888626483503673 14.841281459572929 0.51013106511536888 -1767.0333333333331 5482.5975000000008 -17371.499999999996 182.50000000000003 0.026606428699731625 23971.974000000006 -1180.4999999999998 0.93095238095238109 0.0013767279573693777 179932.50000000003 -833.49999999999989
decision_type=10 2 8 10 10 8 8 10 8 8 8 8 10 10 10 10 10 10 10 8 8 10 10 10 8 8 8 10 2 2
left_child=6 5 4 -4 -3 24 -1 -6 -7 10 -5 12 13 14 -12 16 18 19 27 20 -17 -22 -20 -9 25 26 -2 -11 -21 -10
right_child=1 2 3 9 7 8 -8 23 29 15 11 -13 -14 -15 -16 17 -18 -19 22 28 21 -23 -24 -25 -26 -27 -28 -29 -30 -31
leaf_value=-0.0032248731247411983 0.0063976523152030583 -0.017870062701071734 0.018209603384764989 -0.02348267332613372 0.032118952686529666 -0.032424178829603169 -0.033351983946053786 -0.035096416555612762 -0.0058986167331781499 0.0053332427191641728 0.014245276296076135 0.025778570994765437 -0.037571756316088764 -0.011228673654349004 0.091906628941524016 0.10468411207328926 -0.052750820725196546 0.0030110055453241979 0.030123364992245341 -0.011148113023155035 0.80095960071195238 0.18423406058161274 0.46112606829630087 0.00073034646488722831 -0.0216543703762902 0.02845540324026774 -0.011165280129653496 -0.036008522182184206 0.05180433935556681 0.080672111969104024
leaf_weight=918.42774416692555 1637.4323699511588 1331.3281387491152 2803.7793684005737 568.07001429796219 284.20465850830078 724.75983715057373 528.88739579916 188.16909027099609 361.08687248826027 1539.5855970326811 740.92036175727844 422.17704963684082 437.10015964508057 888.6975399851799 53.672532796859741 13.943088191561403 166.59796524047852 413.81920623779297 436.40090205613524 66.392731818370521 1.3176849791780116 2.3475459627807131 1.3968894248828281 3784.1207752227783 468.21739220619202 282.94628100376576 1295.4994898401201 136.74418926797807 291.10173988062888 30.989352764561772
leaf_count=13231 25144 25366 29265 7635 3345 14164 15929 4089 7928 11690 5952 4070 8506 11451 1261 149 3493 4480 9037 640 28 35 26 62628 8368 4018 21935 973 2176 499
internal_value=-0.000182649 0.000867116 0.00315708 0.00718022 -0.00331129 -0.00608344 -0.0142341 0.00124234 -0.02071 0.00217658 -0.00429839 -1.21599e-05 -0.00514718 0.00327251 0.0194911 0.008738 0.00363431 0.0234925 0.00807758 0.0460879 0.167394 0.405953 0.0314986 -0.000966783 -0.00164939 0.00126325 -0.00136004 0.00196085 0.040113 0.000943856
internal_weight=20820.1 19372.8 14571.9 8984.06 5587.82 4800.93 1447.32 4256.49 1116.84 6180.29 3110.64 2542.57 2120.39 1683.29 794.593 3069.65 2280.73 788.922 2114.13 375.103 17.6083 3.66523 437.798 3972.29 3684.1 3215.88 2932.93 1676.33 357.494 392.076
internal_count=307511 278351 196295 100867 95428 82056 29160 70062 22591 71602 38875 31240 27170 18664 7213 32727 25219 7508 21726 3028 212 63 9063 66717 59465 51097 47079 12663 2816 8427
is_linear=0
shrinkage=0.1


Tree=54
num_leaves=31
num_cat=0
split_feature=188 205 5 261 206 117 129 118 196 220 131 113 118 151 131 93 102 208 95 207 125 96 97 91 207 202 181 137 31 136
split_gain=30.045 33.189 25.8048 26.0716 29.9351 24.7458 23.2359 27.3147 25.9458 23.2225 23.1963 20.8015 20.1433 22.8518 21.3554 22.6601 19.8355 19.3739 29.0594 24.0268 22.3741 21.944 22.4597 19.7736 19.2688 26.1356 25.3352 28.3024 19.1132 20.4781
threshold=1.0000000180025095e-35 -15087.499999999998 179932.50000000003 159712.99607142861 30.500000000000004 -92.499999999999986 23.171568627450984 18519.579750000004 80214.232500000013 11.500000000000002 6905.9062500000009 0.078461538461538485 14297.459250000002 0.82480818414322254 -13064.662499999999 -0.10791259550921946 1669763.2500000002 46.500000000000007 -0.00013020975063013666 174.50000000000003 0.075912033802778306 -2125.6749999999997 -852.49999999999989 0.018106740505283363 2.5000000000000004 864482.44500000018 0.17914438502673799 0.10912698412698414 0.041350000000000005 0.12158167036215818
decision_type=8 10 2 10 10 10 10 10 10 8 10 10 10 8 10 8 10 8 8 10 8 8 10 8 10 10 8 10 8 10
left_child=2 5 -1 4 10 6 7 11 -8 -3 12 16 13 -4 15 -14 17 20 19 23 -2 22 -20 -19 -10 26 -26 -28 29 -27
right_child=1 9 3 -5 -6 -7 8 -9 24 -11 -12 -13 14 -15 -16 -17 -18 18 21 -21 -22 -23 -24 -25 25 28 27 -29 -30 -31
leaf_value=-0.02442545257733288 0.012500937300867522 0.021548500161379255 0.0021217775684334046 0.033672988897910046 -0.01906924787471144 0.011940299453348242 -0.010290945326167852 -0.01908192750584032 0.0080802295970893653 0.0046603809444012521 -0.01900920915737038 -0.03526315448915459 -0.01811716465100988 0.029405257130899705 -0.020689510597420427 0.015811667823089737 0.026060425103056069 0.030515765016886888 0.082357037836423994 0.17457752494303591 -0.0052188447244653716 0.0074617330943805545 0.55199059321138944 -0.02061028119854225 0.075623534777803189 0.013117945296562461 0.13152043138633659 0.5363474157707192 0.019420804218763368 0.18203881587072349
leaf_weight=623.65235938038677 1309.2294313935563 1344.5924302637577 3682.1629305118695 186.37417863681912 1144.7742910292 1410.3994824886322 471.52630301564932 1142.2808561325073 638.31522708386183 2064.2626439034939 674.78018757421523 181.21867953985929 325.73971855640411 334.90981078147888 782.06052377820015 497.46361577510834 261.04694133996964 80.138956723734736 26.10049945302308 6.5254489853978148 1563.5716116223484 359.63798797409981 1.0596687179058779 1350.0933004561812 30.517938237637281 13.199549790471794 4.6486933082342139 2.7477469258010387 269.23314716666937 15.728152971714733
leaf_count=11450 18232 12379 52771 2240 23192 16583 6116 19613 8790 21386 14258 3669 5363 4443 15962 6957 3765 568 489 52 23537 6346 21 25844 274 148 42 28 2836 157
internal_value=-0.000181378 0.00290109 -0.00486791 -0.00326897 -0.00419415 -0.000240434 -0.00246382 -0.00509494 0.00896546 0.0113217 -0.00148995 -0.00198572 0.00061267 0.00439645 -0.00885599 0.0023861 -0.000769262 -0.00226059 -0.0103222 -0.0168721 0.00285664 0.0140073 0.10068 -0.0177456 0.018284 0.0376643 0.115867 0.281912 0.02772 0.104961
internal_weight=20798 12546.1 8251.92 7628.27 7441.89 9137.22 7726.82 6280.9 1445.92 3408.86 6297.12 5138.62 5622.34 4017.07 1605.26 823.203 4957.4 4696.36 1823.56 1436.76 2872.8 386.798 27.1602 1430.23 974.39 336.075 37.9144 7.39644 298.161 28.9277
internal_count=307511 170875 136636 125186 122946 137110 120527 102136 18391 33765 99754 82523 85496 57214 28282 12320 78854 75089 33320 26464 41769 6856 510 26412 12275 3485 344 70 3141 305
is_linear=0
shrinkage=0.1


Tree=55
num_leaves=31
num_cat=0
split_feature=18 82 117 12 27 279 15 13 210 34 5 98 201 1 28 188 228 252 118 91 4 94 29 88 197 6 89 209 141 171
split_gain=28.8558 31.8202 31.0852 30.5006 37.4241 34.2376 33.9363 30.5159 28.579 28.507 25.0687 24.8161 23.4476 22.7275 22.3869 22.2519 28.8838 22.1594 21.9055 20.6332 26.6774 20.9361 20.6043 19.9835 21.344 19.4305 24.1134 19.8757 19.2786 18.8193
threshold=1.0000000180025095e-35 21.581805300617436 -14.499999999999998 10542.500000000002 1.0000000180025095e-35 17.500000000000004 -4255.4999999999991 -5053.4999999999991 7.5000000000000009 0.6634000000000001 112542.75000000001 43603.14583333335 8613.8325000000023 1.0000000180025095e-35 0.15037451173191699 10.500000000000002 244965.96553977273 672857.34750000003 28727.457750000005 0.075804659649310976 392062.50000000006 0.00017042065512087181 0.44347359023195226 -0.036820000444120579 21197.829272727275 25958.250000000004 1.0871209489872471 389.33363486842114 0.36214605067064093 0.62731481481481499
decision_type=2 8 10 2 2 10 2 8 10 10 2 10 10 2 10 8 10 10 10 8 2 10 10 8 10 10 10 10 10 8
left_child=2 10 3 14 5 6 8 -8 -5 23 -2 -10 22 19 -1 16 18 -18 -12 20 29 -21 -7 -6 -25 -3 27 -27 -22 -9
right_child=1 25 -4 4 9 12 7 13 11 -11 15 -13 -14 -15 -16 -17 17 -19 -20 21 28 -23 -24 24 -26 26 -28 -29 -30 -31
leaf_value=-0.0045218300657956945 -0.025046903572122182 -0.019194945669090389 0.035120870806360303 -0.014465864325982934 0.013106721444421968 0.021496131331474929 -0.020490796290638966 -0.002469011306599515 0.071013159164131062 -0.033362172639557194 0.0096235082123041511 -0.0012480886482982231 0.0098606465198545056 0.0084926634344147395 -0.023357703122582927 0.028117654777343903 0.1399388094902824 -0.0011121209254982749 -0.038319686310227127 -0.0022376076673305697 0.10134790168052528 -0.021671092238449312 0.097708738008791152 0.057457484674591497 -0.012706254897992092 -0.01713284778710163 0.018644815238007404 0.34428159185179624 0.4379313861928294 0.030574095180869561
leaf_weight=1462.7928172461689 168.38148704078048 600.58668412268162 220.62941549066454 3095.8740764502436 674.33085162565112 76.158557690680027 675.35241554677486 456.0880024721846 72.433880744501948 100.79450249671936 1955.6075713289902 138.20114998519421 406.4398495554924 3001.9777001403272 1109.6499786041677 865.08387179952115 29.313068561255932 17.96348312869668 100.18357097171247 3395.6049687294289 12.457073874771593 662.52574801910669 66.403218694031239 235.60773596260697 53.13354080915451 352.63982317876071 492.07367446832359 1.5282342350110401 1.9709765315055836 277.07149463146925
leaf_count=13650 2557 9344 2056 60321 7989 485 14631 4528 809 1452 23678 1986 4355 39100 13133 9321 243 185 1613 61600 126 13607 719 2634 686 7017 7321 29 20 2316
internal_value=-0.000175913 0.00682913 -0.00215836 -0.00267322 -0.00075889 -0.00231055 -0.00344728 -9.76814e-05 -0.0120409 0.017237 0.0124882 0.0236014 0.0221002 0.00166629 -0.0126469 0.0146175 0.00906431 0.0863442 0.00728712 -0.00259793 0.0126684 -0.0054103 0.0569949 0.0225326 0.0445461 -0.00543892 0.00432387 -0.0155733 0.147328 0.0100185
internal_weight=20778.9 4583.36 16195.5 15974.9 13402.4 12338.6 11789.6 8483.05 3306.51 1063.87 3136.53 210.635 549.002 7807.7 2572.44 2968.15 2103.07 47.2766 2055.79 4805.72 747.588 4058.13 142.562 963.072 288.741 1446.83 846.242 354.168 14.4281 733.159
internal_count=307511 61308 246203 244147 217364 204603 199044 135928 63116 12761 37597 2795 5559 121297 26783 35040 25719 428 25291 82197 6990 75207 1204 11309 3320 23711 14367 7046 146 6844
is_linear=0
shrinkage=0.1


Tree=56
num_leaves=31
num_cat=0
split_feature=6 89 67 131 18 87 7 202 29 259 295 15 183 23 90 97 232 29 126 6 258 113 83 117 191 129 194 129 30 97
split_gain=28.0615 32.1436 31.7999 29.5477 32.2405 28.1772 26.6829 26.7005 24.6006 23.8075 23.2628 22.9057 22.0512 21.4413 21.1596 28.4181 27.0918 23.8589 21.3617 26.435 20.231 20.1179 19.9109 19.6033 19.3095 18.966 18.5086 21.6564 18.7443 39.2096
threshold=28280.250000000004 1.0924005076142136 1.0000000180025095e-35 -1761.3080357142856 1.0000000180025095e-35 0.04662005779434681 450117.00000000006 441283.36500000005 0.13817671343907637 37634.692500000012 640.56452967525206 -760.49999999999989 0.11651583710407241 1.5000000000000002 0.4857117642904798 -76.499999999999986 47887.783115991777 0.63285847104132509 0.10909282465804228 37577.250000000007 17657382101.365578 0.026671408250355622 1.2381645407452593 -66.499999999999986 1.800763358778626 15.026315789473687 -19542.712499999991 29.26136363636364 0.74561619882992536 -541.49999999999989
decision_type=10 10 10 10 2 10 8 10 10 10 10 2 10 2 10 8 8 8 10 10 10 10 2 10 8 8 10 8 10 10
left_child=2 6 3 4 8 -6 7 -2 -1 21 13 12 22 -3 -15 -16 17 18 19 25 -18 23 -5 -10 -4 -17 -8 -28 -29 -30
right_child=1 10 24 11 5 -7 26 -9 9 -11 -12 -13 -14 14 15 16 20 -19 -20 -21 -22 -23 -24 -25 -26 -27 27 28 29 -31
leaf_value=0.012799999790199688 0.032868096723433819 -0.0083508639696932979 0.10705390527855861 -0.033873782839903381 -0.0095328172551870302 0.019204963435580397 -0.031336067310012046 -0.018067434799828332 -0.0095160616319421923 0.025025958072820455 0.39749306189459988 0.0079533537443662577 -0.031353278747891039 0.0064823468622490074 0.013159110417461539 0.39165050074383628 0.037349553072475498 0.021961755964576449 0.054944089587618983 0.1275137475222417 0.3435116654232051 -0.044285757479097507 -0.0077951593869555443 0.011038630459004939 0.0099838409296538477 0.86892446521132038 -0.0088639615310429406 0.023825919927156269 -0.0040758471654017449 0.57620411132484539
leaf_weight=717.47421341761947 325.72188237961382 632.1358197433874 20.813051300123334 331.01376154553145 474.45976753532887 1214.6365514881909 326.20555567741394 150.45157986879349 4251.3714077081531 222.55698471050709 1.5411704741418351 519.10948369000107 638.9468583734706 3073.8819425823167 1173.9563462454826 2.5857983240857689 357.43416108749807 6.1830154284834871 2.9867364633828402 2.5114883920177817 2.171425510197877 151.51230902969837 2533.7921276167035 520.83276645001024 1331.5049691200256 1.2280250508338211 1616.7016292391345 152.32766397669911 2.9794678837060928 1.9114947672933329
leaf_count=5214 3973 12112 208 5895 6833 13613 8523 2264 69556 2139 21 6751 12943 24919 28069 39 6283 139 50 43 29 2812 37795 6150 16281 22 32549 2126 98 62
internal_value=-0.000170925 0.00455227 -0.00303265 -0.00472782 -0.00104059 0.0111326 -0.00459814 0.0167745 -0.00454718 -0.00696566 0.00903695 -0.0116505 -0.014555 0.00892302 0.011285 0.0208153 0.0447769 0.174245 0.275358 0.379434 0.0391983 -0.00841171 -0.0108084 -0.00727275 0.0114778 0.545329 -0.00944408 -0.00541838 0.0300131 0.22271
internal_weight=20760.9 7832.92 12928 11575.7 7552.84 1689.1 2576.3 476.173 5863.75 5146.27 5256.62 4022.86 3503.75 5255.07 4622.94 1549.06 375.101 15.4951 9.31205 6.32531 359.606 4923.72 2864.81 4772.2 1352.32 3.81382 2100.13 1773.92 157.219 4.89096
internal_count=307511 121321 186190 169701 106317 20446 49595 6237 85871 80657 71726 63384 56633 71705 59593 34674 6605 293 154 104 6312 78518 43690 75706 16489 61 43358 34835 2286 160
is_linear=0
shrinkage=0.1


Tree=57
num_leaves=31
num_cat=0
split_feature=276 155 13 252 202 196 117 189 12 203 97 118 232 131 207 64 29 5 151 196 72 98 154 29 129 29 122 133 170 39
split_gain=28.1175 35.4552 28.6595 28.346 25.4929 34.0632 23.1193 24.0287 23.0575 21.9963 26.1071 21.1854 20.6443 22.7453 20.5399 20.6038 21.1055 19.072 18.4635 17.7269 20.7722 30.9088 25.3914 28.5184 17.4597 27.6847 20.0068 20.9321 19.733 19.6688
threshold=1.5000000000000002 0.057983193277310933 -3085.4999999999995 324425.52000000008 398186.48250000004 166038.95250000004 -257.49999999999994 28.500000000000004 10270.500000000002 -27.499999999999996 -2652.4999999999995 12258.778125000003 121779.09207161127 -39180.487499999996 1.0000000180025095e-35 9.5000000000000018 0.71723114643502828 170820.00000000003 0.46862745098039221 95272.267500000016 1.0000000180025095e-35 9131.5000000000018 0.58957219251336912 0.30739200574731468 24.809090909090912 0.64302020821469463 787279.50000000012 0.055333165769020629 0.14039408866995076 0.094050000000000009
decision_type=8 10 8 10 10 10 8 8 2 8 8 8 10 8 10 10 8 2 10 10 2 8 10 8 10 10 10 10 10 8
left_child=12 2 14 8 6 -6 19 9 -3 17 11 -11 13 -1 15 -2 -17 -8 -18 -4 -21 -22 23 -23 29 -26 27 -27 -29 -12
right_child=1 3 4 -5 5 -7 7 -9 -10 10 24 -13 -14 -15 -16 16 18 -19 -20 20 21 22 -24 -25 25 26 -28 28 -30 -31
leaf_value=0.039487027635561799 -0.018600339771011439 -0.0072250744350616687 -0.0074690285125993952 -0.0027432488938494474 -0.018067506320815743 0.0036380044734268431 -0.022651291273892555 0.018149611192854246 0.016345914645757333 0.099498319700525362 -0.019141564523354315 0.53941475727049459 -0.020377761527333834 -0.0061441846399880587 0.0075720734405037588 0.054756053367088303 0.86750617808175134 0.0024890933505725991 0.074908811663579211 0.022036114249679786 0.88285412190422974 0.57830150540197678 -0.10953927635519121 0.059149398832745503 0.045884859814937201 0.13602718558003341 -0.047239303694107317 0.28437919217066809 0.80294437360841742 0.025544097432517256
leaf_weight=122.40267133712769 1652.405586740002 479.95169801358134 2137.1636452376842 1639.5776581764221 1512.5195422172546 1385.1254997253418 327.6131210308522 1353.5939644873142 3067.0537867918611 3.1304558869451284 132.15758102294058 1.6833723429590461 1115.9435477256775 1015.5392179489136 414.0971958450973 21.528279495425526 0.61615903768688329 3823.0117787793279 0.56195756793022156 100.4063781388104 0.59969265200197597 1.8681560214608905 2.641093734651804 2.4403176531195641 40.363480841740966 2.4003474339842787 1.6079078223556278 1.5241538695991041 1.4151503778994081 386.77928304858506
leaf_count=1919 36907 3885 35958 21549 27702 20877 5225 16858 35359 35 1878 27 20821 15634 6105 414 17 49467 23 1553 8 24 57 83 373 43 30 30 20 4630
internal_value=-0.000168306 0.00111685 -0.00161668 0.00813027 0.000386054 -0.00769189 0.00319926 0.0064037 0.0131565 0.00303643 0.0214374 0.253335 -0.0107134 -0.00123587 -0.0123704 -0.0173003 0.0773095 0.000504737 0.48944 -0.00547193 0.034064 0.194037 0.134598 0.284254 0.019466 0.0776215 0.262003 0.355124 0.534046 0.014164
internal_weight=20747.7 18493.8 13307.3 5186.58 11218 2897.65 8320.4 6075.28 3547.01 4721.69 571.062 4.81383 2253.89 1137.94 2089.21 1675.11 22.7064 4150.62 1.17812 2245.12 107.956 7.54926 6.94957 4.30847 566.248 47.311 6.94756 5.33965 2.9393 518.937
internal_count=307511 269137 208344 60793 164878 48579 116299 78616 39244 61758 7066 62 38374 17553 43466 37361 454 54692 40 37683 1725 172 164 107 7004 496 123 93 50 6508
is_linear=0
shrinkage=0.1


Tree=58
num_leaves=31
num_cat=0
split_feature=91 29 6 15 266 173 127 113 118 82 82 29 196 179 14 29 34 125 168 30 196 49 202 93 95 37 212 193 31 140
split_gain=26.9148 25.2937 25.1134 27.773 29.8105 25.6168 29.1852 29.223 25.5711 22.5509 51.3929 22.0537 22.0754 21.9886 24.8005 22.4785 27.2953 21.9324 20.3689 19.8131 19.7164 25.9286 19.5104 19.4232 21.5462 33.4901 26.5654 19.3889 19.5773 19.1187
threshold=0.28592620753705561 0.010403997785698622 28280.250000000004 -413.49999999999994 312738.36729545461 0.063508064516129045 -445.48076923076917 0.048809523809523817 17177.227500000005 37.728339129733222 36.985748321797097 0.66695024312404028 339785.34750000009 0.10172413793103451 -661.49999999999989 0.59933859161511227 0.72460000000000002 0.16032815966719582 0.91287878787878796 0.15333440773087961 175094.55000000002 0.38325000000000004 204917.76000000004 -0.013268203204807956 -0.085214295406797744 0.070200000000000026 0.94754041967664271 -2134.6944178289873 0.055100000000000003 0.22361111111111112
decision_type=10 8 10 2 10 8 10 10 8 10 8 8 8 8 2 10 8 10 8 8 10 10 8 10 10 8 8 8 8 10
left_child=1 -1 3 4 5 19 7 17 9 10 20 12 18 -14 -15 -16 -17 -7 -10 -3 21 22 29 -13 25 -25 -27 -21 -29 -4
right_child=-2 2 8 -5 -6 6 -8 -9 11 -11 -12 23 13 14 15 16 -18 -19 -20 27 -22 -23 -24 24 -26 26 -28 28 -30 -31
leaf_value=0.033619063165231826 -0.033455931493155226 0.011679066750162344 0.061904181289827546 0.015582890210299053 0.032327609456315014 -0.00061465053430703233 0.012657456076971052 -0.040718639815499127 -0.0089505774923450739 -0.060586711659772634 0.22693144175901786 -0.024424465677580783 0.029022993569882624 -0.010439442795065802 0.028865267577355826 0.63101562965606162 0.12996259706001748 -0.021048887022100577 0.053568040024166465 -0.042413189714342964 0.025700117529325463 0.31186445163318682 -0.001844725714832471 0.62397672874112453 -0.005567592959392853 -0.041442752667437195 0.36347550114902277 0.008663239073318129 -0.013726553488142735 0.010602290867643143
leaf_weight=224.33232084102929 240.03932666778564 360.96465374622494 75.034845720045269 764.76308956276625 220.71757532656193 5148.6771775940433 1270.6137514458969 209.55868486035615 1368.2949726581573 46.21366024017334 10.856704711914061 545.62334167957306 453.47142780013382 422.04882887005806 53.801289176568389 1.217863166704771 10.135922817513347 584.92534235864878 54.17678689956665 209.26390615850687 620.83395077474415 2.779829421080648 1690.3747396729887 1.5024598902091391 14.215215715579687 4.5135147012770185 2.5275972057133913 441.16794996522367 3402.3224743958563 2278.4553487133235
leaf_count=1264 12977 2422 575 9345 2056 74092 12417 3733 19443 1166 144 14656 5146 7140 783 30 247 9605 673 4229 8045 40 26602 31 296 106 58 7035 53892 29263
internal_value=-0.000165002 0.000224935 -0.000144662 -0.00288706 -0.00407923 -0.00477032 -0.00109885 -0.00403987 0.00437329 0.00892567 0.00961233 -0.00296347 0.00129024 0.0131755 -0.00157467 0.0558478 0.183708 -0.00269929 -0.00656947 -0.010771 0.00910684 0.00656111 0.00635124 -0.020649 0.0698641 0.195371 0.103914 -0.0127705 -0.0111566 0.0122379
internal_weight=20733.4 20493.4 20269.1 12613 11848.2 11627.5 7213.77 5943.16 7656.08 4724.55 4678.34 2931.53 2363.15 940.675 487.204 65.1551 11.3538 5733.6 1422.47 4413.72 4667.48 4046.64 4043.86 568.382 22.7588 8.54357 7.04111 4052.75 3843.49 2353.49
internal_count=307511 294534 293270 178826 169481 167425 99847 87430 114444 65835 64669 48609 33462 13346 8200 1060 277 83697 20116 67578 64525 56480 56440 15147 491 195 164 65156 60927 29838
is_linear=0
shrinkage=0.1


Tree=59
num_leaves=31
num_cat=0
split_feature=16 100 10 67 33 101 29 285 131 23 12 23 11 112 168 52 253 204 134 90 4 251 99 28 93 88 219 30 128 202
split_gain=25.6231 25.9769 27.3178 24.5099 24.2413 23.7437 23.1263 23.1216 22.4853 25.1997 21.8265 21.0369 20.5224 21.242 19.7693 19.732 24.0976 19.5768 29.7904 19.4247 19.3811 19.0154 19.5681 18.4247 25.665 18.3455 17.592 30.5104 26.8637 17.5284
threshold=8.5000000000000018 82824.442355769235 1.5000000000000002 1.0000000180025095e-35 0.95155000000000012 5179025.2500000009 0.70072547445544087 5.5000000000000009 -2801.4107142857138 2.5000000000000004 9836.5000000000018 1.5000000000000002 0.014492 0.2752525252525253 0.7947368421052633 0.98185000000000011 859664547.14384687 -79.968749999999986 0.12159011992283632 0.41541787312888201 103614.75000000001 448.1905263157895 12702.500000000002 0.13211316158044484 -0.23162323633407791 -0.15273772884199296 0.11035007610350077 0.34987554717907049 -304.49999999999994 155048.28750000003
decision_type=8 10 2 10 8 10 10 10 10 2 2 2 2 8 10 8 8 8 8 10 2 8 10 8 10 8 10 10 10 10
left_child=23 2 3 6 -5 11 8 10 9 -2 -4 -3 13 -13 -12 16 -9 -16 -19 -15 -6 22 -14 24 -1 -25 -11 -28 -29 -10
right_child=1 5 7 4 20 -7 -8 15 29 26 14 12 21 19 17 -17 -18 18 -20 -21 -22 -23 -24 25 -26 -27 27 28 -30 -31
leaf_value=0.18510174240980437 -0.0044345108200131702 -0.012087627852022094 -0.01147378225575368 0.2142183245887373 -0.012332629065529899 -0.032930577995367638 -0.02652834634743504 0.54293638260737953 -0.0051251374180270514 0.0124851661828789 0.0059720343226579257 0.00089817318866431187 0.08052323435508657 0.03408719958253828 0.028430825414073838 0.052310855034264608 0.067237475845845204 0.44649595083179749 -0.015462580633089125 0.26693870529644459 0.019817368734752479 0.014247060145067592 0.45654641278134789 -0.022892438231704629 0.016073262190041956 -0.0049011998339701492 0.023778819213337347 0.14550150306849186 0.71657631391088383 -0.021300606262823749
leaf_weight=10.381115313619373 3422.8382954522967 491.50995801389217 639.42882918938994 5.844267630018293 271.41315425932407 147.62927436828613 529.17515850067139 2.226406266912818 1586.1452090526 950.91426253691316 2674.0121379029006 2041.779743745923 5.4804436890408397 9.8994473963975889 336.11186408996582 8.5854502990841866 2.0412399824708674 2.812620172277092 2.7714932821691036 5.6144513934850684 606.52489040419459 3147.2067969096825 1.8514902610331772 841.78853448107839 66.699979131110013 1734.8122687749565 6.8981081098318082 1.914219366386533 1.4459255058318374 1159.7740850150585
leaf_count=96 49814 8527 6338 75 3332 2622 16582 25 20427 10612 44395 24819 73 52 3982 77 19 30 40 49 7577 38524 18 18544 504 29337 50 26 23 20922
internal_value=-0.000162438 0.00118563 -0.00143952 -0.0045388 0.0112295 0.00666425 -0.0063583 0.00577883 -0.0048613 -0.000416884 0.00530802 0.00768915 0.00955423 0.00178391 0.00886631 0.139667 0.315407 0.031516 0.217218 0.118356 0.00987825 0.0146218 0.175478 -0.00933782 0.0388377 -0.010779 0.0138903 0.144144 0.391244 -0.0119571
internal_weight=20715.5 18061.8 12210.9 8542.89 883.782 5850.97 7659.11 3667.99 7129.93 4384.01 3655.14 5703.34 5211.83 2057.29 3015.71 12.8531 4.26765 341.696 5.58411 15.5139 877.938 3154.54 7.33193 2653.68 77.0811 2576.6 961.173 10.2583 3.36014 2745.92
internal_count=307511 259030 184346 129440 10984 74684 118456 54906 101874 60525 54785 72062 63535 24920 48447 121 44 4052 70 101 10909 38615 91 48481 600 47881 10711 99 49 41349
is_linear=0
shrinkage=0.1


Tree=60
num_leaves=31
num_cat=0
split_feature=163 89 18 129 10 10 99 12 193 97 68 109 279 91 287 13 188 103 1 82 94 28 169 203 93 140 92 140 204 190
split_gain=24.7119 24.0764 28.2531 25.3826 22.4149 23.1293 23.0637 22.2574 20.2317 21.7962 19.7608 19.5209 19.5676 19.1248 18.7214 18.3298 22.1944 18.3144 17.7311 18.9423 20.8426 16.5784 19.7461 29.2402 16.9958 18.9932 18.5758 16.7422 18.0518 16.4491
threshold=0.20526315789473687 1.3861000000000001 1.0000000180025095e-35 24.050000000000004 1.5000000000000002 1.0000000180025095e-35 811.50000000000011 10012.500000000002 1017.153879048583 -852.49999999999989 -1799.4999999999998 0.30151515151515157 1.5000000000000002 0.26374239272868699 12.538647342995171 -6839.4999999999991 391.50000000000006 0.3585714285714286 1.0000000180025095e-35 28.768699649082858 0.00049593334777797021 0.47868600230040254 0.46606334841628966 -46.499999999999993 -0.13084883590026725 0.6858552631578948 0.016247987040671992 0.3585714285714286 -810.50675675675666 243.50000000000003
decision_type=10 10 2 10 2 2 10 2 10 10 8 8 8 10 10 8 10 8 2 10 10 10 10 10 8 10 8 10 8 10
left_child=1 2 3 4 5 -1 8 -6 10 -10 -7 29 -13 15 18 16 -8 -5 19 -9 -21 27 24 -24 26 -26 -23 28 -19 -4
right_child=-2 -3 11 17 7 6 13 14 9 -11 -12 12 -14 -15 -16 -17 -18 21 -20 20 -22 22 23 -25 25 -27 -28 -29 -30 -31
leaf_value=0.0050430460767486819 -0.046850021562401402 0.011441698920303715 -0.00078238063666421316 -0.0068731846832602531 -0.013711061910690672 -0.038968210156337869 -0.044933739346184449 -0.005061825087049842 0.0168531247288983 -0.016745289335452856 -0.015242333690555127 -0.023962789826663819 0.015408921775796489 -0.05699416008762586 0.088208542446719981 -0.0014795285374693146 0.2926694193669121 -0.037465936556300844 0.016410715563026271 0.027735971156607586 -0.063594380005543488 0.33342898111752889 -0.020952178564839788 0.69813175194967581 0.075920263392530496 -0.0091118287212285237 -0.01282467836118858 0.018745718662469452 0.0081394027734823741 0.21403758170563864
leaf_weight=1293.6677793869749 112.73214502632618 1715.0959362369031 2223.8770493930206 585.90556574054062 721.61393855232745 401.3251304961741 127.53257370274514 1568.9326184103265 380.7412440776825 391.74432497099042 2801.8229632051662 134.70393466949463 2007.1334426086396 66.348803579807281 27.389281908050179 3557.852616071701 1.9774863244965661 130.88797682523727 937.30516288336366 322.87025189585984 27.083460163325071 1.586485931649803 1.1468349173665049 1.1155350320041169 111.38005039095879 34.375584464520216 66.249203091487288 687.49089822359383 257.63794817961752 3.570182451978325
leaf_count=18704 1665 18209 33205 9701 7565 9712 2876 30840 4915 5317 50115 2154 23445 3580 289 52339 37 1194 10991 6703 563 33 25 22 1648 669 1184 7675 2089 47
internal_value=-0.000157948 9.76907e-05 -0.000933079 -0.00305641 -0.00466945 -0.00733254 -0.00940385 0.00199568 -0.0147117 -0.000185366 -0.018215 0.00611636 0.0129328 -0.00378218 0.00592628 -0.0028247 -0.0397789 0.00779142 0.00513724 -0.000369432 0.0206678 0.0144423 0.0397348 0.333616 0.036622 0.055866 -0.00472678 0.00936852 -0.00722428 -0.000438064
internal_weight=20703.1 20590.4 18875.3 14506 12628.2 9023.01 7729.35 3605.19 3975.63 772.486 3203.15 4369.28 2141.84 3753.71 2883.58 3687.36 129.51 1877.78 2856.19 1918.89 349.954 1291.87 215.854 2.26237 213.591 145.756 67.8357 1076.02 388.526 2227.45
internal_count=307511 305846 287637 228786 204546 147595 128891 56951 70059 10232 59827 58851 25599 58832 49386 55252 2913 24240 49097 38106 7266 14539 3581 47 3534 2317 1217 10958 3283 33252
is_linear=0
shrinkage=0.1


Tree=61
num_leaves=31
num_cat=0
split_feature=9 196 202 77 40 13 230 90 6 189 202 275 136 106 122 128 12 93 203 35 112 207 28 232 15 205 277 285 58 14
split_gain=23.9082 23.9627 51.9287 31.0116 24.1638 22.7568 21.8279 22.6184 20.1008 20.3643 19.9958 20.3498 19.8743 18.9387 18.6638 18.8234 18.0503 18.8595 20.73 22.4296 20.6176 19.3042 18.8179 17.4672 19.3138 21.9742 18.3494 20.8715 17.2418 27.3894
threshold=2.5000000000000004 161211.19500000004 398186.48250000004 1.0000000180025095e-35 0.069050000000000014 -5445.4999999999991 4177784469.589292 0.3235058175577703 21039.750000000004 32.500000000000007 978806.43000000005 2.9309523809523812 0.86190476190476206 0.18333333333333338 234560.25000000003 -246.49999999999997 9734.5000000000018 -0.28977680095636199 -2617.4999999999995 0.0031500000000000005 0.23973727422003285 36.500000000000007 0.20844538110342145 107325.72115384617 -4151.4999999999991 -1347.4999999999998 1.1798485677796025 5.5000000000000009 0.089150000000000021 -3109.4999999999995
decision_type=2 8 8 2 10 8 10 10 10 10 8 10 10 10 10 10 2 8 8 8 10 10 10 10 2 10 10 10 10 2
left_child=16 2 3 5 10 -2 8 -8 13 12 11 -3 -10 14 23 -16 22 20 19 -19 21 -18 -1 24 -7 26 27 -26 -21 -30
right_child=1 4 -4 -5 -6 6 7 -9 9 -11 -12 -13 -14 -15 15 -17 17 18 -20 28 -22 -23 -24 -25 25 -27 -28 -29 29 -31
leaf_value=-0.009157831770264524 -0.019574509990598385 0.021747928257998751 -0.011908100847531855 -0.082381098237125264 -0.010383484097823584 -0.018920052961925445 -0.017651815068147916 0.064116852788630482 0.0036469178216485079 0.022779213593172244 0.0067052860972366332 0.13372494528770781 0.033938966970930996 0.27409283268788598 -0.010305693636058551 0.024647898463166451 -0.028407378014476764 0.61403799565446349 -0.0021847119518749753 0.038980699821788235 0.22320242212670141 0.10792427844155915 -0.046095598891015964 -0.038334204426068809 -0.0048250286158273556 0.028363886913897671 0.059841143748513792 0.32393168048685395 0.57476068870118013 -0.11076801336424494
leaf_weight=371.28449017647654 405.22617882676423 970.37706461362541 3026.9066863059998 42.150526176206768 584.11802187561989 635.26212010718882 47.440833460539579 117.90150717645884 3984.6402464285493 791.08322377409786 2394.2577221393585 16.505419673398137 229.03772009350359 2.4868335984647265 232.8536023311317 455.35812421329319 438.68728066235781 0.83000842295587318 3462.7388012483716 14.267367802560331 3.3669707216322413 10.638104658573864 219.43374920263886 153.50180771574378 1773.9287123484537 257.21528183855116 45.506748198531568 1.9331986494362343 1.5884817773476245 0.92057807091623445
leaf_count=4278 8273 11526 50437 516 8988 11326 238 1108 49740 7796 33468 113 2815 36 2998 5345 11374 16 65790 257 30 118 3391 1817 22523 2851 279 14 33 17
internal_value=-0.000153687 0.00164437 -0.000550236 0.0031966 0.00839791 0.00359154 0.00466708 0.0406554 0.00397217 0.00805737 0.0116425 0.0236207 0.00529347 -0.00177408 -0.00196703 0.0128215 -0.00657986 -0.00413181 -0.00163439 0.106599 -0.0233322 -0.0251796 -0.0228791 -0.00551652 -0.00366028 0.00100346 -0.00286041 -0.00446714 0.081494 0.323239
internal_weight=20691.4 16167.7 12202.4 9175.53 3965.26 9133.38 8728.15 165.342 8562.81 5004.76 3381.14 986.882 4213.68 3558.05 3555.56 688.212 4523.76 3933.04 3480.35 17.6064 452.692 449.325 590.718 2867.35 2713.85 2078.58 1821.37 1775.86 16.7764 2.50906
internal_count=307511 222207 168112 117675 54095 117159 108886 1346 107540 60351 45107 11639 52555 47189 47153 8343 85304 77635 66113 323 11522 11492 7669 38810 36993 25667 22816 22537 307 50
is_linear=0
shrinkage=0.1


Tree=62
num_leaves=31
num_cat=0
split_feature=173 133 212 203 18 150 207 97 163 28 90 12 190 264 35 136 118 92 203 94 11 198 247 202 128 99 42 131 225 222
split_gain=22.5506 36.8017 24.2483 22.6733 23.6855 22.5431 20.096 19.1809 18.5936 18.579 17.9966 26.2899 21.2197 33.3853 19.9795 19.7669 28.5867 20.778 24.8842 37.7009 25.3714 22.7605 28.0308 24.1941 21.1438 26.4234 19.9269 19.8084 19.4439 19.3703
threshold=0.12613636363636366 0.08691509370823762 0.93771551724137947 -207.49999999999997 1.0000000180025095e-35 0.05634920634920635 38.500000000000007 -1174.4999999999998 0.25657894736842107 0.07609358011555542 0.58853365235923139 9329.5000000000018 171.50000000000003 1.0000000180025095e-35 1.0000000180025095e-35 0.79285714285714304 18519.579750000004 0.053652231881567196 -7.4999999999999991 0.00023800032137626624 0.018421500000000004 375765.12000000005 2153.9107280585108 1056173.5575000003 -134.49999999999997 934.50000000000011 0.10675000000000003 -72113.249999999985 2.5833333333333344 -1.4999999999999998
decision_type=8 8 8 10 2 10 10 10 10 8 10 2 8 8 10 10 8 10 8 10 2 10 8 10 10 8 10 8 8 10
left_child=5 2 10 4 6 -1 -3 -6 9 -7 -2 -12 14 -14 15 17 -17 18 20 -20 21 22 -13 -23 27 -26 -22 29 -16 -25
right_child=1 3 -4 -5 7 8 -8 -9 -10 -11 11 12 13 -15 28 16 -18 -19 19 -21 26 23 -24 24 25 -27 -28 -29 -30 -31
leaf_value=-0.015576469764635434 0.016933866726008159 -0.00032881830465733607 0.0019647217128161026 -0.0054541164331636735 0.039739071734246949 0.054183436605847513 0.10521471447223218 0.0096943766470950939 -0.054584350311776456 -0.0017461533229468256 0.49243145105580571 0.80185661511328221 0.0097526995637062294 0.95274442658955982 0.44563351267267071 0.087342385787926552 0.80140517626489882 0.022932855212164312 0.15613450655418193 0.87133134646326216 0.015333303268073624 -0.025574560441093481 0.22919924145027101 0.10811076045085109 0.032902686305515093 0.79381500622854473 0.52104021561314107 0.061604948971519038 -0.02121619309285452 0.755404222082948
leaf_weight=1399.9098233673722 1431.3512702193111 3231.4556553149596 1205.2886862047017 4452.6017042994499 278.84750604629517 59.870224047452211 18.141686633229256 892.87441898044199 66.065639068372548 7457.4998581586406 1.3346691168844689 1.1004595737904308 0.86741525586694479 0.66194717492908128 0.90972697734832764 1.5445386879146092 0.88012424297630776 73.018246666528285 2.6477632522583003 1.0213769022375343 30.714679876342419 7.2870002910494831 3.8284221217036274 0.92298763431608655 0.72927757352590095 1.2195541961118577 0.79947044886648555 6.5327747100964206 46.13022621255368 0.9262635875493288
leaf_count=26655 12655 50346 14981 66440 3477 353 135 12573 1031 114082 30 28 24 19 29 37 19 2003 52 20 731 160 71 22 22 24 25 150 1299 18
internal_value=-0.000149391 0.00274515 0.0126972 -0.000417154 0.00465545 -0.00391722 0.000260405 0.0168444 -0.00176491 -0.00130072 0.0207098 0.0502316 0.0469842 0.417904 0.0438364 0.0636255 0.346539 0.058379 0.103212 0.355224 0.0861079 0.1671 0.357055 0.113957 0.212377 0.509072 0.0281624 0.143395 -0.0121876 0.432331
internal_weight=20677 11693.6 2819.72 8873.92 4421.32 8983.35 3249.6 1171.72 7583.44 7517.37 1614.43 183.077 181.742 1.52936 180.213 133.173 2.42466 130.748 57.73 3.66914 54.0609 22.5467 4.92888 17.6179 10.3309 1.94883 31.5142 8.38203 47.04 1.84925
internal_count=307511 165390 32419 132971 66531 142121 50481 16050 115466 114435 17438 4783 4753 43 4710 3382 56 3326 1323 72 1251 495 99 396 236 46 756 190 1328 40
is_linear=0
shrinkage=0.1


Tree=63
num_leaves=31
num_cat=0
split_feature=6 0 179 196 202 161 136 94 134 279 276 96 118 118 190 233 177 6 92 206 160 47 273 102 56 202 142 135 173 243
split_gain=21.4338 29.4763 23.8959 24.4854 31.856 21.5622 23.5579 21.4794 22.2609 20.0296 20.2286 19.7589 19.413 19.1479 21.3148 18.8423 18.0983 21.8233 24.776 23.8362 17.6871 17.4474 16.8175 16.6977 18.629 16.272 15.829 17.046 15.8174 19.91
threshold=16503.750000000004 1.0000000180025095e-35 0.15075757575757578 215032.32000000004 1208075.0625000002 0.73508771929824568 1.0000000180025095e-35 9.6875757069142955e-05 0.18169978072715062 35.500000000000007 1.5000000000000002 -718.47222222222206 9625.8975000000009 9125.0775000000012 282.50000000000006 1254257624.3980739 0.1908263305322129 39606.750000000007 0.039697314592207968 28.500000000000004 0.21132376395534294 0.0023000000000000004 463914899.155375 588757.2300000001 0.40625000000000006 1160819.5950000004 0.8377192982456142 0.44722222222222224 0.12613636363636366 181362.46500000005
decision_type=10 2 10 10 10 10 10 10 8 10 8 8 10 10 10 10 10 10 8 10 10 10 8 10 10 10 10 8 8 10
left_child=9 2 3 4 7 -6 -7 13 20 10 -1 -12 16 15 26 25 -4 18 22 -19 -9 -3 -18 -17 -25 -2 -15 -28 -5 -30
right_child=1 21 12 28 5 6 -8 8 -10 -11 11 -13 -14 14 -16 23 17 19 -20 -21 -22 -23 -24 24 -26 -27 27 -29 29 -31
leaf_value=-0.027318484279000278 0.013204105467500031 -0.010214657533980091 -0.0038506147184204538 0.0017968589761220043 -0.024491582787822999 0.55197026465715537 -0.040111433383161664 -0.0015026691826098976 -0.012968238831687543 0.052486503719234648 -0.011993308188040992 0.0014937064832291997 -0.011593235878721605 0.00034404699479538147 0.32323246483715623 -0.023557933352050316 0.59449010121371193 0.59998193870022554 0.030585749904893756 0.09405264458144201 0.021427855922450233 -0.056986910400231086 0.16410228514434783 0.025322785591088193 0.36308861947259718 0.33843150703857416 0.054012636790190742 0.33117516995950247 0.021900666763870095 -0.041002809700627064
leaf_weight=431.20595622062683 3358.4383434411138 218.04185289423913 87.560827196575701 766.18594740703702 492.37456464488059 1.3603468257933848 1.3280709693208335 1635.030848858878 1447.8305425643921 57.959792673587799 1986.6705059409142 2396.683972294908 1668.8833701610565 3738.2367809806019 2.0518106389790765 253.55866917036474 1.1327672936022279 1.5486480761319392 54.787779318168759 2.3357687946408987 423.5071591604501 125.75123576819897 4.5737860966473809 59.742980252951384 1.6787832267582405 1.5390915572643269 18.95104739069939 2.5132593549787989 1377.6437753941864 52.225258907303214
leaf_count=7906 43423 5189 1480 10709 8234 25 17 23061 23123 494 38875 29367 30516 53715 31 3205 24 30 780 34 5971 3488 74 787 27 22 183 22 16050 649
internal_value=-0.000150285 0.00163797 0.0022822 0.00371916 0.00186229 -0.0229495 0.259484 0.00298477 -0.00346737 -0.00594858 -0.00665205 -0.00461902 -0.00847768 0.00602691 0.00101157 0.0111607 0.0257431 0.0659932 0.0512397 0.295758 0.00321487 -0.0273228 0.249536 -0.0122259 0.0345546 0.0133531 0.000835719 0.0864656 0.0133907 0.0196031
internal_weight=20671.3 15798.8 15455 13634.2 11438.1 495.063 2.68842 10943.1 3506.37 4872.52 4814.56 4383.35 1820.82 7436.71 3761.75 3674.96 151.94 64.3787 60.4943 3.88442 2058.54 343.793 5.70655 314.98 61.4218 3359.98 3759.7 21.4643 2196.05 1429.87
internal_count=307511 230869 222192 189254 161846 8276 42 153570 52155 76642 76148 68242 32938 101415 53951 47464 2422 942 878 64 29032 8677 98 4019 814 43445 53920 205 27408 16699
is_linear=0
shrinkage=0.1


Tree=64
num_leaves=31
num_cat=0
split_feature=113 102 15 23 97 216 99 227 204 256 201 244 29 12 127 52 28 15 52 131 137 198 191 1 12 202 170 175 11 96
split_gain=20.8753 23.9258 26.0154 24.1849 21.5689 25.9652 20.1912 19.9048 21.6242 24.0191 18.628 28.9874 17.9853 20.1315 19.1682 18.5995 18.1069 17.7208 17.3502 19.7332 30.9464 18.4314 24.8139 17.9116 20.4556 18.8009 27.0983 18.7666 23.9873 17.2313
threshold=0.12771739130434787 1595601.0000000002 -4213.4999999999991 2.5000000000000004 -223.49999999999997 0.21525096525096529 31107.500000000004 184062.46500000003 -154.25705329153604 4728.9391011235966 5301.5481766917301 40824.377897727281 0.71905256719745669 9734.5000000000018 -359.46428571428567 0.95005000000000017 0.13851154016407838 -3651.4999999999995 0.9769000000000001 18045.450000000004 0.6043478260869567 742184.59500000009 8.6193064182194643 1.0000000180025095e-35 24568.500000000004 359911.98000000004 0.15894736842105264 0.29289215686274517 0.0033314999999999998 -333.91666666666657
decision_type=10 10 2 2 10 8 10 8 10 10 8 10 10 2 8 8 10 2 8 10 8 10 10 2 2 10 10 10 2 8
left_child=1 2 -1 10 -3 -6 -7 -5 -9 -10 11 17 13 15 18 -12 -17 -4 19 -15 21 -21 -23 27 -25 26 -26 -20 -29 -16
right_child=-2 4 3 7 5 6 -8 8 9 -11 12 -13 -14 14 29 16 -18 -19 23 20 -22 22 -24 24 25 -27 -28 28 -30 -31
leaf_value=-0.0074220760257664347 -0.020978587590633892 -0.0022731847045834876 0.029256425088488733 -0.0084911285831444066 0.016862365884095069 0.064335930286938528 0.27788213907859988 0.011729054158877754 0.048276686442898183 0.31061520516735786 0.14659948136588505 0.41851706924399368 -0.020044995124318125 0.0092103394134577903 0.0017259213050838458 -0.0037455404903884645 -0.028315124970468036 0.0036532654397862332 -0.010745372300556172 0.031949031455998311 0.54770189188061058 0.72620565707969131 0.049983175382783511 0.0025493173802268892 0.066474935010607791 -0.0039326576528565093 0.75707410559313804 0.41955314969679985 0.017275718569109946 0.021418459815596612
leaf_weight=4351.3946593999863 470.08960275212303 612.20801086071879 334.18044827133417 477.162901699543 853.37568064499646 72.725375728681684 4.7147600799798957 2069.9844741374254 109.45170867908746 3.6050111353397361 7.2513041086494914 1.7263535037636746 536.64214581251144 804.87385592609644 1124.1586952209473 716.80773820076138 515.77746441122144 1414.8771581030451 3065.7625184748322 13.551196048036219 1.5227058138698328 0.95871323160827104 1.2503753621131179 2146.3271237211302 1.1154458355158561 1.9677529484033582 1.1580921430140731 1.4928729133680452 208.8686739616096 734.76436638459563
leaf_count=78902 9454 9865 4484 5034 10110 934 48 22624 981 22 75 12 16698 12470 16958 6979 6217 15795 52286 253 34 18 26 26758 18 51 26 19 2747 7613
internal_value=-0.000146724 0.000338318 -0.000651954 0.00140884 0.0123052 0.0218936 0.0773372 0.0100109 0.014055 0.0566418 -0.000557919 0.00894934 -0.00224193 -0.00121986 0.000594902 -0.0130873 -0.0140267 0.00854509 -0.00205708 0.0114806 0.117205 0.0756121 0.343454 -0.00410807 0.00298286 0.222379 0.418252 -0.00876281 0.0201306 0.00950966
internal_weight=20659.7 20189.7 18646.6 14295.2 1543.02 930.816 77.4401 2660.2 2183.04 113.057 11635 1750.78 9884.25 9347.61 8107.77 1239.84 1232.59 1749.06 6248.85 822.157 17.283 15.7603 2.20909 5426.69 2150.57 4.24129 2.27354 3276.12 210.362 1858.92
internal_count=307511 298057 277100 198198 20957 11092 982 28661 23627 1003 169537 20291 149246 132548 119277 13271 13196 20279 94706 12801 331 297 44 81905 26853 95 44 55052 2766 24571
is_linear=0
shrinkage=0.1


Tree=65
num_leaves=31
num_cat=0
split_feature=87 89 82 7 194 210 7 21 29 113 206 102 92 129 118 212 205 91 90 202 127 48 86 12 11 142 15 131 134 297
split_gain=20.2842 21.1978 35.9454 53.8524 24.4405 22.4281 20.3266 20.3984 19.7142 21.0359 19.3421 24.3118 21.5288 20.3657 22.1045 30.9186 22.1702 28.2428 33.4005 19.9995 18.8797 18.5852 18.6791 22.8281 30.9362 18.416 17.8425 17.7049 21.2501 21.8335
threshold=0.026606428699731625 1.2639993730735075 36.985748321797097 807750.00000000012 -19542.712499999991 5.5000000000000009 168750.00000000003 7.5000000000000009 0.7051774421261251 0.27922077922077926 119.50000000000001 9034330.5000000019 0.39334769834693245 12.02777777777778 10354.286250000003 0.93771551724137947 -166753.49999999997 0.11442479254768258 0.54278390391578279 27096.300000000007 -121.87499999999999 0.0033500000000000001 0.23308712121212125 24132.500000000004 0.018421500000000004 0.87083333333333346 -809.49999999999989 -14765.812499999998 0.050800008103523073 0.031414473684210534
decision_type=10 10 10 10 8 10 8 10 8 10 10 10 10 8 8 8 8 8 10 10 10 8 10 2 2 10 2 10 8 10
left_child=-1 2 4 -4 25 6 20 8 9 10 12 -12 13 19 15 16 17 -15 -19 -8 -6 -7 -23 -24 -25 -2 -21 28 29 -16
right_child=1 -3 3 -5 5 21 7 -9 -10 -11 11 -13 -14 14 27 -17 -18 18 -20 26 -22 22 23 24 -26 -27 -28 -29 -30 -31
leaf_value=-0.028910954884232121 -0.014719565075109171 0.0071588850597949089 -0.039779366861507952 0.21200482850400715 -0.015531772260707231 0.12424605951995522 0.023285548181594021 0.37806585113457991 -0.014310752472164699 -0.041518153191989891 -0.018853299979167047 0.32947973661537056 0.032901365978872214 -0.1121976835312572 0.045104792459382315 0.0011809121649723016 0.031486531664047787 0.83062778939987647 0.077464531447163643 -0.0059440195483757112 0.12309029436133528 0.0035079747285410644 0.02838175807100073 0.81676668553662246 0.044423805959094585 0.33573662914403174 0.0097967573072088778 -0.0085044405419003009 0.0048919068121397666 0.40095379417013943
leaf_weight=242.23699931753799 1362.5663269972429 3602.1985194943845 15.219195220619438 19.225592758506536 1131.6179451942444 14.612890234217046 287.54534676298499 1.4238903205841769 950.71586619596928 117.14998708572239 531.6167106339708 2.0112604498863211 220.2351149469614 1.2086104787886145 101.76787326671183 589.6054020980373 640.5893118204549 1.2716404581442478 1.0965462466701863 5093.9806800009683 9.9110024310648424 948.77550583519042 354.3332959767431 0.86670452076941673 1.2913021175190804 1.5010897647589434 838.67608295474201 1079.4246206171811 2482.5983462333679 1.7539367992430914
leaf_count=5538 25545 39257 276 249 19963 162 3124 22 29351 2305 8636 30 2621 15 1256 8550 8235 17 33 76967 146 11346 3785 22 28 14 10522 16371 33101 24
internal_value=-0.000143827 0.000197685 -0.00129468 0.100756 -0.00150431 -0.000368221 -0.00153632 -0.000408089 -0.000449731 0.000649293 0.00106534 -0.0175404 0.0019409 0.00132769 0.00614984 0.0177276 0.0328728 0.281145 0.481889 -0.00247046 -0.0143282 0.0120964 0.0108408 0.0303566 0.354614 -0.0143339 -0.00371881 0.00225293 0.00674296 0.0511338
internal_weight=20647 20404.8 16802.6 34.4448 16768.1 15404.1 14084.2 12942.7 12941.2 11990.5 11873.4 533.628 11339.8 11119.5 4899.32 1233.77 644.166 3.5768 2.36819 6220.2 1141.53 1319.88 1305.27 356.491 2.15801 1364.07 5932.66 3665.54 2586.12 103.522
internal_count=307511 301973 262716 525 262191 236632 221289 201180 201158 171807 169502 8666 160836 158215 67602 16850 8300 65 50 90613 20109 15343 15181 3835 50 25559 87489 50752 34381 1280
is_linear=0
shrinkage=0.1


Tree=66
num_leaves=31
num_cat=0
split_feature=52 6 117 190 280 28 12 12 0 252 247 189 87 178 118 33 6 15 1 10 82 68 11 87 171 133 31 193 85 184
split_gain=19.7105 21.4575 24.3987 28.5245 24.4638 22.0343 41.7423 26.2419 21.2345 19.8882 23.0065 22.2091 19.6672 18.7138 24.5533 19.0578 24.6106 38.4426 18.2498 39.5631 18.6951 35.6619 44.854 50.2686 27.0456 18.1929 17.6106 17.3173 19.5332 17.1445
threshold=0.99035000000000017 28280.250000000004 -62.499999999999993 178.50000000000003 3.7550000000000003 0.20844538110342145 16344.500000000002 20325.500000000004 1.0000000180025095e-35 56833.942500000012 4908.2006250000004 330.50000000000006 0.031937081711533817 0.072751322751322761 12656.448750000001 0.95105000000000006 42095.250000000007 -4182.4999999999991 1.0000000180025095e-35 1.5000000000000002 34.899481370441102 -1112.4999999999998 0.023705000000000004 0.028168850550360836 0.12771739130434787 0.071963907407827696 0.072300000000000017 1732.650142857143 2.4489897959183677 1.0000000180025095e-35
decision_type=10 10 10 10 10 10 2 2 2 10 10 10 10 8 8 8 10 2 2 2 8 10 2 8 8 10 8 10 2 8
left_child=1 2 4 -4 5 6 12 -7 13 -6 -11 -12 -1 14 -3 16 -15 -18 20 -20 -8 22 -22 24 -24 -5 -21 28 -16 -27
right_child=-2 8 3 25 9 7 18 -9 -10 10 11 -13 -14 15 27 -17 17 -19 19 26 21 -23 23 -25 -26 29 -28 -29 -30 -31
leaf_value=-0.022022207342360451 -0.01437076052978274 0.0095184127669482761 0.009720721697050308 0.53281130961369061 0.049040138759199013 -0.014453628878794388 -0.016819846599129606 0.017861688681435384 -0.042565817719638674 -0.01848462379047237 0.022477882212753222 0.29125804714611225 0.0068648714072674678 0.07271209150363514 -0.027076361780016146 0.016101519995601162 -0.10638086349214362 0.77847294366398112 -0.0087042624335721408 -0.018061558814052022 0.050901077514811946 -0.022869518682525916 0.66493419884857285 1.0318591341824863 0.034391445309390749 -0.088402618722531301 0.05797946383118855 0.012879975574756994 -0.0028170258861493131 0.33147624518103397
leaf_weight=251.39394579268992 929.80932521820068 3110.0496384697035 1346.3828343800269 1.5223722811788309 138.90503001213074 2913.6533767469227 2067.8199315266684 275.01080536842346 93.53234148863703 212.50165270641446 263.91688081249595 3.1104590743780127 3772.0575892794877 7.6387698901817185 392.76669398974627 1101.8039659038186 0.77042931318283114 1.353658123873174 830.37474950682372 38.363781503401697 7.1233372753486055 18.327311457134783 1.0362662645056846 1.134599447250366 1.9799999548122285 1.9128298480063679 147.76215774659067 558.23017805255949 2142.0027017099783 1.9781511630862949
leaf_count=3594 17650 42908 14295 17 963 49401 40462 7890 2795 2083 2311 27 41391 100 6523 15298 21 33 11806 473 131 330 22 25 47 25 1768 7043 38054 25
internal_value=-0.000142898 0.000528485 -0.00203291 0.0106418 -0.00359841 -0.00475544 -0.00166786 -0.0116665 0.00477996 0.0157206 0.00606893 0.0256088 0.00505994 0.00538537 0.0032442 0.0173341 0.156436 0.457527 -0.0103608 0.000635967 -0.0156903 0.0632177 0.203161 0.464455 0.25102 0.239731 0.0423061 -0.00306459 -0.00657605 0.125061
internal_weight=20634.2 19704.4 12296.3 1351.8 10944.5 10326 7137.37 3188.66 7408.15 618.434 479.529 267.027 4023.45 7314.62 6203.05 1111.57 9.76286 2.12409 3113.92 1016.5 2097.42 29.6015 11.2742 4.15087 3.01627 5.41335 186.126 3093 2534.77 3.89098
internal_count=307511 289861 177086 14362 162724 157340 100049 57291 112775 5384 4421 2338 44985 109980 94528 15452 154 54 55064 14047 41017 555 225 94 69 67 2241 51620 44577 50
is_linear=0
shrinkage=0.1


Tree=67
num_leaves=31
num_cat=0
split_feature=65 118 196 202 131 13 260 128 16 83 18 197 6 142 12 36 134 107 96 236 173 135 168 299 102 127 145 28 129 210
split_gain=19.5955 21.2248 23.3085 37.8656 33.2667 26.5578 29.4254 26.4901 22.2787 19.1807 18.7208 18.5113 17.69 17.808 17.0593 27.8225 22.3006 19.2303 18.8472 19.259 17.0239 17.145 16.5144 15.9725 17.541 23.521 15.8964 15.852 16.3363 15.668
threshold=1.0000000180025095e-35 40562.052750000003 161211.19500000004 808988.06250000012 34382.250000000007 -5445.4999999999991 222241.74750000003 -646.49999999999989 27.500000000000004 7.812771738481727 1.0000000180025095e-35 38959.473857142868 15140.250000000002 0.23205128205128209 15748.500000000002 0.042000000000000003 0.22499999995665368 0.12347560975609757 -534.63333333333321 678825.00000000012 0.12613636363636366 0.54065934065934074 0.82575757575757591 0.11997897520374548 1204562.2500000002 -299.08249999999992 0.31009615384615391 0.27376547355917785 49.723809523809528 35.500000000000007
decision_type=10 10 10 10 10 8 10 10 8 2 2 10 10 10 2 8 8 10 10 10 8 8 10 10 10 10 10 10 10 10
left_child=1 2 3 5 29 -1 8 -6 12 20 -10 -9 -7 22 -8 16 18 -17 19 -16 -4 26 23 -14 25 -25 -22 28 -12 -5
right_child=-2 -3 9 4 7 6 14 11 10 -11 27 -13 13 -15 15 17 -18 -19 -20 -21 21 -23 -24 24 -26 -27 -28 -29 -30 -31
leaf_value=-0.0219324814650802 0.0076264788200257772 -0.028072291084695118 -0.005142348021441312 -0.022672589092991441 0.59271396133378185 -0.023625700413341406 0.01120444424356935 0.0011286131888678661 -0.00091863845656526958 0.03023942514776596 0.015284859742460683 0.54223438562802673 -0.013583818328577774 0.0087797774747131081 0.058468848082200778 0.020516790184517734 0.46728666093233545 0.33235367865213883 0.27375438217585701 0.38201900138073025 0.0096551537782208971 0.095502315184254838 0.012492377060327279 -0.024609506484612905 0.39903627879436748 0.38438536574136428 -0.064202376291638441 -0.0042808920454274124 0.29263789291431846 0.12569157600493933
leaf_weight=591.92609441280365 2804.4154261248186 292.70878934860229 1266.977478608489 1101.9284473378211 1.4265583353117106 588.53551963623613 203.08598790504038 3.5945495553314677 6399.3759162379429 303.84977531433105 1439.0077074347064 0.76715698000043619 1801.4241995904595 738.84061866160482 27.858189602382485 87.550864959135652 1.8628742797300208 2.0232670847326508 6.0241836644709101 1.9697982072830189 2034.0514107979834 22.953519926406443 299.57554793171585 7.4500414151698342 1.7379654655233014 1.7332383971661318 29.564968909136951 548.49812299013138 2.1268095038831225 7.1642421763390294
leaf_count=14187 35166 6306 20180 20938 30 10349 1916 90 95476 4581 15379 19 32205 8360 315 912 25 34 43 18 26961 225 4096 105 26 14 333 9153 16 53
internal_value=-0.000143374 -0.00136645 -0.00092035 -0.0027935 -0.0204663 -0.00124823 -0.000241254 0.218645 -0.00106342 0.00618091 0.00171542 0.0963008 -0.00784146 -0.00458283 0.0291945 0.0578972 0.129948 0.0275604 0.11242 0.0798356 0.00400108 0.00955302 -0.00925764 -0.0128529 0.107717 0.0525836 0.00859701 0.0101875 0.0156942 -0.0217142
internal_weight=20620 17815.6 17522.9 13865.5 1114.88 12750.6 12158.7 5.78826 11828.3 3657.4 8389.01 4.36171 3439.3 2850.76 330.375 127.289 37.715 89.5741 35.8522 29.828 3353.55 2086.57 2111.92 1812.35 10.9212 9.18328 2063.62 1989.63 1441.13 1109.09
internal_count=307511 272345 266039 213759 21130 192629 178442 139 175179 52280 120024 109 55155 44806 3263 1347 401 946 376 333 47699 27519 36446 32350 145 119 27294 24548 15395 20991
is_linear=0
shrinkage=0.1


Tree=68
num_leaves=31
num_cat=0
split_feature=29 10 10 99 103 193 68 12 84 287 52 206 90 179 131 134 16 7 29 230 95 196 101 118 4 28 117 192 168 134
split_gain=18.7105 19.0245 25.6337 25.6778 27.4065 25.1126 25.0216 23.9488 19.9928 20.0787 20.1882 18.7733 18.5323 19.4525 18.0346 18.0133 17.8746 20.4506 19.7047 17.593 17.5625 17.5295 19.3805 18.7185 23.3603 17.3306 17.2367 17.0412 26.113 27.9174
threshold=0.010403997785698622 1.0000000180025095e-35 1.5000000000000002 811.50000000000011 0.29520697167755999 656.29057412790701 -1799.4999999999998 9836.5000000000018 0.2075999999807778 13.253571428571432 0.97395000000000009 1.5000000000000002 0.36457218618741433 0.12310606060606062 -17988.374999999996 0.051670041536791382 11.500000000000002 137250.00000000003 0.52251299446650268 917062134.61138427 -0.17154179541939921 8730.2700000000023 576825.75000000012 7961.6801250000008 134124.75000000003 0.72084004033793925 -43.499999999999993 30760.875000000004 0.21583850931677021 0.2039000296544832
decision_type=8 2 2 10 10 10 8 2 10 10 10 8 10 10 8 10 8 8 10 8 8 8 10 10 2 10 8 8 8 10
left_child=25 7 3 5 -5 6 -3 -2 9 10 12 -10 -4 20 27 19 -6 -18 -19 -15 -14 22 -16 24 -24 -1 -7 -8 -29 -30
right_child=1 2 8 4 16 26 14 -9 11 -11 -12 -13 13 15 21 -17 17 18 -20 -21 -22 -23 23 -25 -26 -27 -28 28 29 -31
leaf_value=0.024710659322064163 -0.01965952548648757 -0.03176420022578294 -0.0040345456545263468 -0.013467813490398892 -0.0074986239848093541 -0.0093203698444576048 -0.00045049329833507236 0.012144345186146609 0.33954054150243684 0.071005924669681766 -0.0079263490753869546 0.014219855090961459 -0.040105628532724431 0.50090167320859647 -0.00065012940388576744 -0.019130092143055402 -0.023601277712069824 0.0020219053795553538 0.016337439096919617 0.073679450192513526 0.022199869336034822 -0.017197677284321294 0.33417674524934082 0.44928208699703981 -0.016994554849022857 0.23515739379583184 0.011461933410134184 0.029026957364785413 0.35582442079383692 -0.11126364010347037
leaf_weight=223.1867081024684 269.49584680609405 581.55031817406416 996.02919576968998 1166.9254861623049 1161.75514440611 724.58268630504608 934.05824040994048 1949.7104927301407 1.7761514289304603 40.227402318269014 1797.2082645632327 1368.1586356060579 47.298270098865032 1.1505397111177442 598.49984918348491 203.98936903476715 213.48798157460988 2235.1172719448805 1687.4049217198044 5.9419918265193692 1040.1710294755176 2415.9016262292862 2.6113244667649251 1.5984718911349762 6.8983146417886019 3.9830128960311404 888.39833465963602 32.629031114280224 5.2692405935376874 1.6900247652083633
leaf_count=1230 2692 13655 6796 22309 18743 9638 14908 26923 32 371 30065 19471 865 26 7515 4566 3107 20384 28989 99 18657 45026 38 31 111 34 10614 528 61 27
internal_value=-0.000139937 -0.000458075 -0.00152614 -0.00400307 0.00040543 -0.00860445 -0.012383 0.00828215 0.00417255 0.000701611 1.04315e-05 0.0146416 0.00622684 0.0140976 -0.00956457 -0.013683 0.00346125 0.00653975 0.00818021 0.142983 0.01949 -0.0133741 0.00177897 0.132658 0.0794363 0.0284005 0.00212612 0.00227313 0.066535 0.242394
internal_weight=20606.7 20379.5 18160.3 12658.4 6464.69 6193.69 4580.71 2219.21 5501.95 4132.02 4091.79 1369.93 2294.58 1298.55 3999.16 211.082 5297.77 4136.01 3922.52 7.09253 1087.47 3025.51 609.608 11.1081 9.50964 227.17 1612.98 973.647 39.5883 6.95927
internal_count=307511 306247 276632 195684 93532 102152 81900 29615 80948 61445 61074 19503 31009 24213 68245 4691 71223 52480 49373 125 19522 52721 7695 180 149 1264 20252 15524 616 88
is_linear=0
shrinkage=0.1


Tree=69
num_leaves=31
num_cat=0
split_feature=174 129 202 118 100 131 128 16 189 96 99 30 227 99 127 30 65 6 220 200 165 193 145 128 219 169 108 139 220 68
split_gain=18.5562 22.5769 27.5104 26.569 19.3618 18.0902 20.4946 19.7776 18.0245 17.9036 19.9604 27.7267 22.6413 22.5504 19.4338 18.2705 17.7528 17.2789 17.177 23.117 29.7711 19.4593 18.4583 17.0279 16.6431 23.5317 21.6269 16.7906 21.034 17.5134
threshold=0.17752100840336138 13.607692307692309 335321.4150000001 10150.957500000002 32250.857142857149 -17669.399999999998 -802.49999999999989 8.5000000000000018 6.5000000000000009 -139.16666666666666 -206.49999999999997 0.6220741691655115 247993.13250000004 860.50000000000011 -207.81666666666663 0.08364060069910545 1.5000000000000002 44993.250000000007 34.500000000000007 1435595.4900000002 0.55363984674329514 -15819.043632678129 0.11696306429548566 -1888.4999999999998 0.065681622088006916 1.0000000180025095e-35 0.79361054766734285 0.084523809523809543 10.500000000000002 -379.49999999999994
decision_type=10 10 10 8 10 10 10 10 10 10 10 8 10 10 10 8 10 10 10 8 10 10 10 10 10 8 10 10 10 8
left_child=1 2 9 24 -4 6 -5 -8 -2 10 11 -1 14 -12 -13 17 -7 23 21 -20 -21 -9 -23 -15 -3 27 -27 28 -26 -30
right_child=8 3 4 5 -6 16 7 18 -10 -11 13 12 -14 15 -16 -17 -18 -19 19 20 -22 22 -24 -25 25 26 -28 -29 29 -31
leaf_value=0.031774531134806508 -0.01628304582982491 0.015107651786673377 -0.018085522824460212 -0.022276734460655444 -0.0019167479123462954 -0.0074515632166307286 0.0043941044996707668 -0.085287810493619109 0.0025238256157390894 0.022799158899100946 -0.01185048181055421 -0.00069565768106894443 0.1143580923402535 0.095206076328670688 0.03377958699275823 -0.00011888035767503992 0.047307787590587624 0.15982634464736897 0.0014635393084019709 0.53789136173011565 -0.056556885337788979 0.046495330365205242 -0.030584847214884182 0.0099769340962133479 0.013908438398409309 0.10970019796065685 0.64386397190630329 -0.014599707925964265 0.091012858877494121 0.28327571274671876
leaf_weight=388.84869923815131 1306.5368602680974 1379.1876940708607 1514.4607067108154 237.18040251731873 1449.4258146286011 1857.3102544657886 2880.3737276541069 12.792151663452385 835.46413162350655 361.79260096978396 2009.4576604291797 2090.4078207183629 18.077928751707077 28.72318809479475 177.38393794186413 3094.7021938031539 61.153141129761934 10.225826557725666 289.44914854317904 1.8290972188115113 1.5619273111224172 368.36325588729233 33.928952768445015 127.47923131007701 17.250477910041809 1.7874935865402213 1.3159765414893627 22.428167227655649 12.396388403140007 7.6687774127349284
leaf_count=4721 25644 17538 30382 3442 23019 28101 36744 204 12758 3040 33007 29380 164 177 2047 47061 744 69 3687 28 24 3841 279 736 184 27 19 226 147 71
internal_value=-0.000137299 0.000885174 -0.00190746 0.00526533 -0.0101785 0.00221865 0.00619286 0.00807465 -0.00894763 0.00104357 5.29218e-05 0.00708882 0.00288954 -0.00351765 0.00200095 0.0016169 -0.00570605 0.0338935 0.0230499 0.00450463 0.264085 0.0361335 0.0399945 0.0256492 0.0174009 0.0677275 0.336204 0.0537812 0.0948808 0.164494
internal_weight=20599 18457 11271 7185.98 2963.89 5743.94 3825.48 3588.3 2142 8307.1 7945.31 2674.72 2285.87 5270.59 2267.79 3261.13 1918.46 166.428 707.925 292.84 3.39102 415.084 402.292 156.202 1442.03 62.8473 3.10347 59.7438 37.3156 20.0652
internal_count=307511 269109 173803 95306 53401 77094 48249 44807 38402 120402 117362 36312 31591 81050 31427 48043 28845 982 8063 3739 52 4324 4120 913 18212 674 46 628 402 218
is_linear=0
shrinkage=0.1


Tree=70
num_leaves=31
num_cat=0
split_feature=125 118 276 15 129 232 32 33 205 129 257 205 82 6 99 97 68 65 88 104 196 177 118 190 121 117 102 205 256 206
split_gain=18.3152 18.5075 19.011 20.2699 19.7382 25.1057 18.1961 22.6858 27.6214 17.6524 17.5886 17.1192 16.8788 18.1549 18.6302 19.7517 19.6573 17.2938 16.1723 20.2576 21.3503 18.3308 27.5119 17.7995 23.2389 17.4756 17.2688 24.9239 19.9516 35.834
threshold=0.16032815966719582 24525.621590909097 2.5000000000000004 -335.49999999999994 11.316666666666668 219161.99158485277 1.0000000180025095e-35 0.98035000000000017 -1347.4999999999998 19.023809523809529 37003.185000000005 -301773.49999999994 37.907505667498356 34580.250000000007 27544.500000000004 -56.499999999999993 -1.4999999999999998 1.5000000000000002 -0.025490674278440793 0.68301435406698574 663146.12250000017 0.49390243902439029 10692.576000000003 32.500000000000007 374935.44642857148 -176.49999999999997 1669763.2500000002 -156740.49999999997 2474.9066250000005 123.50000000000001
decision_type=10 10 8 2 10 8 8 10 8 8 8 8 8 10 10 10 10 10 10 10 10 10 10 10 10 8 8 8 10 8
left_child=1 2 4 10 -1 -6 7 -5 -9 -3 -4 -8 13 14 15 17 -17 -12 26 23 21 -21 -23 24 -20 -22 -15 28 29 -28
right_child=-2 9 3 6 5 -7 11 8 -10 -11 12 -13 -14 18 -16 16 -18 -19 19 20 25 22 -24 -25 -26 -27 27 -29 -30 -31
leaf_value=-0.017197907018261283 -0.0089563618255774392 -0.019378604708332872 0.026880786773944055 0.047021239648661964 0.012231451075417808 -0.024781283906240088 0.25626568822034052 0.15589948993446287 0.66264555679933723 6.344959368500206e-05 -0.00079050383399064468 0.014800551153397293 -0.055082090655498461 0.0013952685707973081 -0.01391963146065528 0.0130425900728192 0.13129029489887811 0.025352463442050256 0.035230713686068081 0.054089137056719153 0.68282324019945717 -0.012861445689212653 0.53471525369322548 -0.017557921638196344 0.40604503463865654 0.14704109060876114 0.54403644886062286 0.015653253746611834 0.059672079522421533 0.1001817124834483
leaf_weight=993.78150352090597 2111.5641098022461 833.52276057004929 285.87797604501247 28.448601622134447 723.72954960167408 245.40022941678762 2.9486901201307774 6.5346041368320584 1.2875797720625985 1062.041196167469 8787.1933091077954 689.04804610833526 51.935626840218902 1695.32135617733 856.71967352926731 994.60401725769043 14.260020852088926 260.53731588553637 121.42757877428085 74.999388946220279 1.0073464307934044 1.7021710583940142 1.9905607225373385 93.059078518301249 1.7139134816825379 1.5386080909520381 2.5821847924962613 604.91857528686523 30.026506722904742 6.1535394769161949
leaf_count=16870 37012 17217 2079 338 10848 4378 45 96 20 14820 128769 8411 1151 28586 10310 10315 140 3081 1493 1228 17 29 33 997 18 26 43 8595 460 86
internal_value=-0.000133629 0.000874786 0.00194503 0.00318601 -0.0072953 0.00285919 0.0194483 0.088491 0.239313 -0.00848567 0.00233321 0.0158295 0.00181728 0.00203537 0.000236239 0.00144217 0.014714 -3.76942e-05 0.00948271 0.0314458 0.0740197 0.0647986 0.282309 0.0154485 0.0403918 0.359032 0.00668977 0.0206344 0.0983694 0.23138
internal_weight=20585.9 18474.3 16578.7 14615.8 1962.91 969.13 728.268 36.2708 7.82218 1895.56 13887.6 691.997 13601.7 13549.8 10913.3 10056.6 1008.86 9047.73 2636.44 297.439 81.2381 78.6921 3.69273 216.201 123.141 2.54595 2339 643.681 38.7622 8.73572
internal_count=307511 270499 238462 206366 32096 15226 8910 454 116 32037 197456 8456 195377 194226 152615 142305 10455 131850 41611 3841 1333 1290 62 2508 1511 43 37770 9184 589 129
is_linear=0
shrinkage=0.1


Tree=71
num_leaves=31
num_cat=0
split_feature=1 118 129 168 14 55 94 86 96 158 11 227 82 15 189 45 134 30 29 150 207 206 128 158 240 172 14 141 135 28
split_gain=17.9725 21.007 20.7467 24.288 20.9676 19.6928 21.1644 25.6884 20.2713 21.0088 19.199 17.7457 28.4186 17.5793 19.9747 18.7445 21.3372 26.7241 19.1116 17.3128 21.738 17.5352 24.2193 17.0582 20.4167 17.0302 16.9796 16.8496 18.6271 16.4084
threshold=1.0000000180025095e-35 44939.681875000009 9.033333333333335 0.89444444444444449 -13.499999999999998 0.16380000000000003 0.00081730878422038697 0.037028722600151179 -1500.9230769230767 0.69883720930232573 0.031945000000000008 609934.52250000008 34.19997525038255 -600.49999999999989 50.500000000000007 0.58405000000000007 0.18583283514793741 0.31469441606860521 0.56378729815349549 0.046536796536796543 36.500000000000007 2.5000000000000004 -692.49999999999989 0.41277890466531447 449273842.36195529 0.43095238095238103 -2133.4999999999995 0.24662162162162166 0.16064516129032261 0.51352728517579305
decision_type=2 10 8 10 2 10 8 10 8 10 2 10 8 2 10 10 10 8 10 8 10 8 8 10 8 10 2 10 10 8
left_child=1 2 3 11 5 6 7 8 -4 -10 29 13 -13 14 15 -1 -17 -18 -19 -8 21 22 -21 24 -15 -9 -11 28 -6 -2
right_child=10 -3 4 -5 27 -7 19 25 9 26 -12 12 -14 23 -16 16 17 18 -20 20 -22 -23 -24 -25 -26 -27 -28 -29 -30 -31
leaf_value=-0.022157507968265776 -0.0016998893652643004 -0.04857927069582596 0.60326229665429221 0.011850836399862369 0.077161882551702907 -0.011461986672510922 -0.0085570344933613134 -0.021709839369525585 -0.075288803818197095 0.13028456101400063 -0.0096885977811787521 0.041204663109794093 0.49233012481951227 -0.032181795190805211 0.0068063647093436798 -0.026349082084710169 0.87330189832440475 0.53587278282473749 -0.039439354834676268 0.48018573376129936 0.038137878158913972 0.0041220899103439172 0.065905855336549232 0.0010075582769637082 0.14768334990370574 0.012142544631144695 0.67102167428848247 -0.031312643119454364 0.29143249441543939 0.0084064267770541518
leaf_weight=1809.4191011637449 2359.4487025002018 98.480373382568359 0.98759933141991496 442.27608885802329 22.020040272735063 1332.4879211327061 1015.3123843576759 686.01635656319559 2.8646268039010456 1.6628706296905877 983.82796096801758 27.549362402409319 1.4709525294601906 9.7657697740942222 287.91781029477715 3.4234625380486241 0.71174474386498365 0.92688091751188073 1.531483387108892 1.5239251665771005 198.09893976338208 5775.261514720507 19.069680129177872 237.94266917742789 17.838902186602358 189.70225110091269 0.89232126530259837 10.767829554155467 4.9734962489455929 5034.1007571518421
leaf_count=33119 25107 2731 35 6134 326 25800 19093 14405 71 39 16431 380 21 148 4412 85 11 19 56 29 1608 86802 245 3384 198 3085 18 139 55 63525
internal_value=-0.000131518 -0.00258034 -0.00220604 -0.00968195 8.70072e-05 -0.00021743 0.00168125 -0.0129169 0.186584 0.110657 0.00343498 -0.0136525 0.0640709 -0.0146045 -0.0176645 -0.0215442 0.146757 0.333698 0.177471 0.00351845 0.00556391 0.00445055 0.0965625 0.00964035 0.084052 -0.0143766 0.31912 0.0744511 0.116641 0.00518127
internal_weight=20578.3 12200.9 12102.4 2840.77 9261.64 9223.88 7891.39 882.126 6.40742 5.41982 8377.38 2398.5 29.0203 2369.48 2103.93 1816.01 6.59357 3.17011 2.45836 7009.27 5993.95 5795.86 20.5936 265.547 27.6047 875.719 2.55519 37.7614 26.9935 7393.55
internal_count=307511 202448 199717 47967 151750 151230 125430 17653 163 128 105063 41833 401 41432 37702 33290 171 86 75 107777 88684 87076 274 3730 346 17490 57 520 381 88632
is_linear=0
shrinkage=0.1


Tree=72
num_leaves=31
num_cat=0
split_feature=28 8 8 107 100 96 12 98 118 87 283 212 30 224 141 134 296 161 142 15 133 84 297 277 102 191 32 91 23 167
split_gain=18.0659 16.4992 31.0075 19.5271 23.8936 20.5472 16.4031 26.6232 20.1443 16.9112 16.5915 16.5519 16.0427 20.1191 21.9969 15.8323 15.8261 15.7992 23.063 16.4695 16.408 26.2012 25.9013 23.4857 29.2341 30.0121 18.8738 17.4543 29.8044 19.5894
threshold=0.07609358011555542 5.5000000000000009 3.5000000000000004 0.09232954545454547 111096.75000000001 -1509.2361111111109 19661.500000000004 56957.516666666677 10288.800000000001 0.026606428699731625 0.15094936708860762 0.88266583229036299 0.5858650245154885 -33.999999999999993 0.60357142857142865 0.10093030286542311 7093.0000000000009 0.053342816500711245 0.62284482758620696 -242.49999999999997 0.084706028561421232 0.085714285710204105 0.31643132220795894 0.52813812745319622 1.0000000180025095e-35 7.7847127555988322 0.055850000000000004 0.19850935055634519 2.5000000000000004 0.22401433691756276
decision_type=8 2 2 10 10 10 2 10 8 10 10 8 10 10 8 10 10 10 10 2 10 10 10 10 8 10 8 10 2 8
left_child=-1 2 17 4 6 -6 9 8 -8 -3 12 -9 -11 -14 -15 -12 -7 19 20 -2 21 23 27 24 25 -19 -26 -23 29 -29
right_child=1 3 -4 -5 5 16 7 11 -10 10 15 -13 13 14 -16 -17 -18 18 -20 -21 -22 22 -24 -25 26 -27 -28 28 -30 -31
leaf_value=0.031612993242863326 -0.0035767633427882454 -0.052067494478733857 -0.018403119132287492 -0.017460318075626539 -0.020277415650827059 0.012323577019965498 0.042626337510938472 0.0061511013295462384 -0.012130816738596045 -0.00054549799585447477 0.2435848259588502 -0.043815655929944984 0.0088633065089569075 0.059670120378605557 0.50884853851526335 0.044404529378017803 0.1512760368587015 0.71302722854758926 0.078280601882603273 0.024144319273823808 -0.0098412548495608824 0.0042258537431228496 0.30997479105759096 0.21353162443532858 0.23545129785622754 0.087842438341124679 -0.044143683634069328 0.017254881883944296 0.71505007110991203 0.49724461046704688
leaf_weight=177.74504451779649 6393.8842107653618 58.726179780904204 1239.6699766665697 495.35792225552723 202.22851124405861 2781.4939064979553 105.77237873710692 85.811950240284204 184.16005861759186 6414.1284322477877 4.8034167438745525 291.49683513864875 1254.7977848984301 59.352865744382143 1.1106432415544976 23.586694836616516 8.2209635078906995 1.2202586829662343 51.92942734900862 221.75201959908009 252.1864041397348 214.91040287166834 2.9062997940927735 12.893138468265532 2.8318189978599575 2.0711256377398968 16.377152008935809 5.7698369398713103 0.85359597206115712 0.99722765944898117
leaf_count=1051 115216 1297 21657 8382 3650 32037 1434 1735 3020 69299 44 6071 29434 1327 21 224 93 29 454 3272 4343 2673 27 129 43 58 233 196 25 37
internal_value=-0.000129891 -0.000406584 -0.00379824 0.00197906 0.00281817 0.0105018 0.000108391 -0.0149415 0.00784554 0.0013931 0.0017978 -0.0324516 0.00151752 0.0115782 0.067921 0.0781045 0.0127331 -0.00127683 0.0147748 -0.00264757 0.00834656 0.0259316 0.0133733 0.105921 0.0442579 0.319626 -0.00292532 0.00949965 0.158226 0.0879885
internal_weight=20569 20391.3 8420.25 11971 11475.7 2991.94 8483.75 667.241 289.932 7816.51 7757.78 377.309 7729.39 1315.26 60.4635 28.3901 2789.71 7180.58 564.947 6615.64 513.017 260.831 225.437 35.3935 22.5004 3.29138 19.209 222.531 7.62066 6.76706
internal_count=307511 306460 148392 158068 149686 35780 113906 12260 4454 101646 100349 7806 100081 30782 1348 268 32130 126735 8247 118488 7793 3450 2958 492 363 87 276 2931 258 233
is_linear=0
shrinkage=0.1


Tree=73
num_leaves=31
num_cat=0
split_feature=163 113 102 14 233 134 1 15 28 27 12 208 158 29 15 68 99 206 226 205 219 130 99 91 120 92 137 196 101 86
split_gain=17.3448 16.7406 23.2521 18.5156 19.0462 19.199 18.5396 20.1835 18.8002 18.261 18.8372 17.926 17.6438 17.3309 16.8495 16.3552 17.7116 17.2255 19.0063 17.7274 15.267 14.814 18.3649 24.4551 15.6417 17.3961 16.7221 15.3971 15.1983 16.2006
threshold=0.20526315789473687 0.060661764705882359 1669763.2500000002 -13.499999999999998 578579527.27563608 0.18583283514793741 1.0000000180025095e-35 -413.49999999999994 0.4491323376033432 1.0000000180025095e-35 13220.500000000002 32.500000000000007 0.6478537360890303 0.010403997785698622 -4766.4999999999991 -348.49999999999994 811.50000000000011 51.500000000000007 207424.98000000001 -74782.999999999985 0.079156223893066008 196.50000000000003 31085.500000000004 0.072938003627679923 941238.00000000012 0.37431836564938564 0.84523809523809534 916461.63000000012 1552341.4425000001 0.093376388888888898
decision_type=10 10 10 2 8 10 2 2 8 2 2 10 8 8 2 8 10 10 8 10 10 8 10 8 10 10 8 8 10 10
left_child=1 2 3 6 5 11 7 9 -8 14 -11 -5 20 -10 -1 16 -14 18 -17 -19 -12 24 -23 27 28 26 -26 -24 29 -4
right_child=-2 -3 21 4 -6 -7 8 -9 13 10 12 -13 15 -15 -16 17 -18 19 -20 -21 -22 22 23 -25 25 -27 -28 -29 -30 -31
leaf_value=-0.0193139951655266 -0.040715257963506654 -0.015216130357033134 -0.010012230701212788 0.12684803794961771 0.026169980783445724 -0.020750040672136198 -0.0045839974204123606 0.012313623174400401 0.062912595315387454 -0.002178164167602515 -0.0041284352128968648 0.41736604191984833 -0.0084508065423756981 0.0060098793672696653 -0.0043206319107561243 -0.065083410918486892 0.06458880610474417 0.10964862006664255 0.086590765728858293 0.45345359265601515 0.1845197241942847 0.027697879236696196 0.15662555714766821 0.045500860881979382 -0.025565870363268628 0.14450712655143597 0.32887521098914019 0.45065113250258104 0.0032892885075149663 0.041488459099001583
leaf_weight=822.46502383984625 104.7565002781339 691.3731786813587 78.261181525886059 5.4344725022092444 68.984957813285291 4.1135642118752012 2108.7996064606123 789.67945657065138 54.082717299461365 607.34073043521494 154.67929557990283 3.4865367235615849 75.324810670688748 5188.3421120643616 8452.4370633587241 9.4785126931965333 59.36683258600533 4.0168073773384094 64.360040319152176 2.3933715512976041 4.4122954318299881 206.42087779939175 4.5956331100314882 13.536004910245536 182.47420703619719 6.4178680181503287 1.3408601358532894 2.9079934656620026 511.84294205904007 278.2371823489666
leaf_count=16717 1665 13646 968 51 871 55 21659 10638 274 6500 1936 30 1322 68336 144917 104 871 57 871 27 45 2276 29 142 2646 64 17 20 7494 3263
internal_value=-0.000128487 7.93544e-05 0.000614379 -0.000290446 0.0471167 0.157977 -0.0005018 -0.00309152 0.00338951 -0.00427763 0.00869433 0.240389 0.0263487 0.00659691 -0.00565019 0.0450343 0.0237422 0.0807715 0.0671206 0.238015 0.00110359 0.0136159 0.0367695 0.125771 0.00864082 -0.0173299 -0.0229804 0.270574 0.0143304 0.0301826
internal_weight=20561.4 20456.6 19765.2 18479.2 82.0195 13.0346 18397.2 11046 7351.22 10256.3 981.373 8.92101 374.032 5242.42 9274.9 214.94 134.692 80.2487 73.8386 6.41018 159.092 1286.03 227.461 21.0396 1058.57 190.233 183.815 7.50363 868.341 356.498
internal_count=307511 305846 292200 275281 1007 136 274274 184005 90269 173367 11733 81 5233 68610 161634 3252 2193 1059 975 84 1981 16919 2467 191 14452 2727 2663 49 11725 4231
is_linear=0
shrinkage=0.1


Tree=74
num_leaves=31
num_cat=0
split_feature=112 23 11 105 11 30 97 198 15 161 170 97 89 13 98 12 39 12 95 14 95 199 96 95 218 52 126 102 86 4
split_gain=16.4092 16.7387 18.2895 19.965 19.0875 22.9752 19.9047 19.5406 20.4709 19.2529 29.8939 17.4618 17.4059 17.187 16.8698 23.2203 18.3879 16.7876 20.7027 19.1062 22.0086 18.4537 18.1604 19.9004 19.5344 17.42 16.9766 16.7848 16.6053 17.2213
threshold=0.093073593073593086 2.5000000000000004 0.0113115 0.21111111111111114 0.031945000000000008 0.025900997604095831 -1199.4999999999998 29998.912500000002 -4468.4999999999991 0.6550343249427919 0.25403225806451618 -403.49999999999994 1.4223925070028014 -4511.4999999999991 39758.166666666672 16062.500000000002 0.10915000000000001 15904.500000000002 -0.14536163143914932 -433.49999999999994 -0.024272419784225261 6631.2450000000008 -1246.9705882352939 -0.067420259207215089 0.0076629477392836176 0.98785000000000012 0.10140514233506449 952954.24500000011 0.17981125356125358 123768.00000000001
decision_type=10 2 2 10 2 10 10 10 2 10 8 8 8 8 8 2 8 2 8 2 10 10 10 10 10 8 10 10 10 2
left_child=1 2 3 13 5 11 7 8 -7 -6 -11 -4 14 -1 15 16 -10 18 -9 -19 -21 22 24 -24 -20 -26 -22 -8 -5 -30
right_child=-2 -3 4 28 9 6 27 17 12 10 -12 -13 -14 -15 -16 -17 -18 19 21 20 26 -23 23 -25 25 -27 -28 -29 29 -31
leaf_value=-0.026987444293025454 0.0204802526629701 0.0055625406365975068 -0.025965522047237934 0.0069494030474263049 -0.0087659880711452934 -0.05563915951555401 0.0011243195814729019 -0.032413416562897611 0.73789933133473085 0.047336192562303238 0.44256491525691388 -0.0023993443807493508 0.51383647635287433 -0.005522634196360063 0.078453161652232095 0.045318957660087644 0.24753813721227888 -0.0079365655234293949 0.058553076271182149 0.057927346029176652 0.16291181063980248 -0.016618980416079419 0.051574557294454926 0.4716680197061951 0.052187731576185448 0.56457543134298349 0.74137375717427256 0.013370866187985843 0.049151416227818934 0.30139375161900389
leaf_weight=404.69103750865906 379.38720586337149 3703.9844242297113 383.81471359729767 12.48316962271929 2225.0532173700631 7.6476298859342924 5031.9281629975885 32.38718843460083 1.3008057740516954 19.001970574259762 2.1280767880380145 1739.0435844138265 1.1173305455595244 4768.5306660193019 26.320365630555898 2.5829611998051405 1.8555482514202593 191.25230638496578 121.75513578485698 7.5753457667306066 1.1083720168098792 29.073346774093807 2.1829864606261253 2.332524348050355 1.216411350294947 1.4597770422697065 0.93560180626809586 1439.2584536541253 5.374633056111632 5.4524914575740695
leaf_count=8899 2974 43269 5922 158 44370 220 82885 639 30 254 27 21734 16 67530 546 70 29 5128 1938 161 24 679 29 24 21 22 17 19783 55 58
internal_value=-0.000123954 -0.000511454 -0.00187755 -0.00678571 0.000385112 0.00243787 0.00523564 0.0260157 0.0918507 -0.00786378 0.087141 -0.00666013 0.125849 -0.00720178 0.112327 0.26767 0.449627 0.0191467 0.0404217 -0.0010199 0.136498 0.0553497 0.0715763 0.268577 0.0644273 0.331679 0.427695 0.00384808 0.0855531 0.17618
internal_weight=20552.2 20172.8 16468.9 5196.53 11272.3 9026.15 6903.29 432.104 40.8246 2246.18 21.13 2122.86 33.177 5173.22 32.0597 5.73932 3.15635 391.279 190.407 200.872 9.61932 158.02 128.947 4.51551 124.431 2.67619 2.04397 6471.19 23.3103 10.8271
internal_count=307511 304537 261268 76700 184568 139917 112261 9593 911 44651 281 27656 691 76429 675 129 59 8682 3352 5330 202 2713 2034 53 1981 43 41 102668 271 113
is_linear=0
shrinkage=0.1


Tree=75
num_leaves=31
num_cat=0
split_feature=91 6 16 179 89 90 205 113 89 97 28 49 32 182 98 202 205 244 47 189 219 208 100 205 190 211 142 207 38 203
split_gain=16.0245 15.8922 22.703 20.8263 17.9238 20.9547 17.6413 17.1781 16.9014 17.257 16.6468 18.8637 30.1532 16.5966 18.4718 19.018 25.6653 23.4327 17.1818 16.267 22.4149 17.4198 16.8323 24.1593 16.5215 16.0547 16.3767 15.9804 19.7939 21.59
threshold=0.28592620753705561 29252.250000000004 1.5000000000000002 0.46291208791208799 1.0950396190533691 0.39061373769249025 -455.49999999999994 0.069047619047619066 1.1056032401941496 -32.499999999999993 0.29896936973607929 0.13425000000000001 0.058750000000000004 0.10172413793103451 99972.657738095251 157202.30250000002 -25771.499999999996 17633.793750000004 0.29615000000000008 1.0000000180025095e-35 0.21103238866396765 10.500000000000002 124536.43750000001 -2594.4999999999995 382.50000000000006 2.096399535423926 0.5064102564102565 28.500000000000004 0.29480000000000006 -32.499999999999993
decision_type=10 10 10 10 10 10 10 10 8 10 8 10 10 8 10 8 8 10 10 8 10 8 8 10 10 10 8 10 8 8
left_child=1 2 3 6 10 -6 19 8 13 -10 -3 25 -13 14 15 16 -7 -17 -16 20 -1 -21 23 -22 -23 -12 -27 -4 29 -29
right_child=-2 4 27 -5 5 7 -8 -9 9 -11 11 12 -14 -15 18 17 -18 -19 -20 21 22 24 -24 -25 -26 26 -28 28 -30 -31
leaf_value=-0.0049303258372653987 -0.02698858640496964 0.018447440194790558 -0.010168731786940345 -0.040784029634627864 -0.00054283964689084442 0.46853540919708031 0.043640661693281256 -0.024105765200846174 0.010737085962988202 0.054325458180023961 -0.0080714220863340215 0.52206628850543824 0.019552022540611235 -0.024070000896956087 0.015361896876333509 0.035923300536977239 0.12687747997584439 0.34365501649035424 0.35584629610994828 0.020628120367147007 0.096032080182607393 0.0020837204756004851 -0.011132124507633486 0.48521088863200268 0.32422651506262623 0.044280334895836417 0.30336829001126303 0.21354474665120496 0.0061940567585337461 0.026627044364759263
leaf_weight=3692.7187395533547 219.63231801986694 306.16642142087221 3338.0390364537016 120.16288991272449 1983.9329883381724 2.3933869320899248 96.534802533686161 120.92043461836874 2503.1070597376674 94.249044448137283 1991.9911318263039 1.7428807038813818 3.7922651628032327 30.253226405009627 75.039612478576601 45.563714247196913 27.028187197633091 2.6165400333702555 1.5119515843689431 568.45587568636984 4.5811868272721767 5156.1197544904426 4.8175548799335957 2.4471563817933184 1.5925296433269966 21.880524212494496 2.7458258010447016 10.647214837372301 100.29003901034594 14.726462472230198
leaf_count=57824 12977 3229 50236 2248 12968 34 1221 2605 44297 1170 40230 37 80 632 1412 766 348 36 37 5276 67 68405 58 32 24 188 19 76 850 129
internal_value=-0.000122117 0.000168187 -0.00190607 0.0005873 0.00393757 0.00737803 0.0011091 0.0127918 0.0143957 0.0123188 -0.00328318 -0.00657333 0.177781 0.0436493 0.0569395 0.0913205 0.154671 0.0526354 0.0220867 0.000673736 -0.00448976 0.00401428 0.132848 0.231538 0.00218319 -0.00707934 0.0731685 -0.00885083 0.026157 0.105061
internal_weight=20545.7 20326.1 13111.1 9647.43 7214.94 4886.62 9527.27 2902.68 2781.76 2597.36 2328.32 2022.15 5.53515 184.407 154.153 77.6018 29.4216 48.1803 76.5516 9430.73 3704.56 5726.17 11.8459 7.02834 5157.71 2016.62 24.6264 3463.7 125.664 25.3737
internal_count=307511 294534 186446 135155 108088 64305 132907 51337 48732 45467 43783 40554 117 3265 2633 1184 382 802 1449 131686 57981 73705 157 99 68429 40437 207 51291 1055 205
is_linear=0
shrinkage=0.1


Tree=76
num_leaves=31
num_cat=0
split_feature=82 207 82 87 90 82 82 87 87 82 87 87 82 82 12 28 6 218 89 12 216 31 62 130 90 86 68 99 173 90
split_gain=15.7646 21.6373 21.5829 27.6781 24.5826 21.7283 49.0127 27.5243 23.6133 38.805 22.3975 26.7523 23.8994 23.5435 22.0224 42.8663 26.8491 25.0822 22.7478 22.5048 38.1104 41.0151 28.1379 22.63 21.5787 22.3672 21.8326 30.8936 33.1174 27.0805
threshold=10.265303834492142 37.500000000000007 12.658227841049721 0.079506014193120852 0.39999610172917333 14.371870671454525 14.841281459572929 0.072732043658018511 0.055228377855392322 17.282839585256085 0.04662005779434681 0.049977272727272738 19.999999988518521 20.565552679088704 21513.500000000004 0.73520805349031793 24594.750000000004 0.0088502506265664173 1.1451992109686258 22574.500000000004 0.025723738626964438 0.10015000000000002 1.5000000000000002 35.500000000000007 0.60862745307268795 0.13100666666666669 -1470.4999999999998 934.50000000000011 0.4819354838709678 0.65535587459502764
decision_type=10 10 10 10 8 8 10 10 8 10 8 10 10 10 2 8 10 10 10 2 10 8 2 10 8 10 8 8 10 10
left_child=1 -1 3 4 -2 7 24 -4 10 -10 14 13 -13 -12 16 17 -8 19 -18 -16 21 -21 -22 -23 -7 -26 27 28 29 -27
right_child=2 -3 5 -5 -6 6 8 -9 9 -11 11 12 -14 -15 15 -17 18 -19 -20 20 22 23 -24 -25 25 26 -28 -29 -30 -31
leaf_value=-0.012602049811399575 0.0087398403708871582 0.061629366612190629 -0.04346039438425571 -0.0011804663775064376 0.042879800167097498 0.027945135405887406 -0.013618211556652438 -0.0051271418053154333 -0.0038837996832167677 -0.038456541121092841 0.024205919742016958 0.0023633659293097881 -0.028255654945560749 0.0046159903679198937 0.030853299559428466 0.0048760988160760042 -0.0086405276516733059 0.57440959959589433 0.0065695995348526897 0.7456888524016958 0.6092718564127898 0.038768012815825793 0.061858667798044845 0.4766766791086654 -0.0087906907325101657 0.50261241227920672 0.11430573997449917 0.10356321706686451 0.25357058993656889 1.4091862919346003
leaf_weight=1342.5567501760088 468.25143060088158 40.450004395097494 250.51892852783203 878.31105422973633 383.77424612641335 421.2597417589277 2266.0081504303962 742.40520477294922 1811.5732478797436 395.53773880004883 1121.2722396552563 3833.2273826599121 273.08149337768555 1354.679931640625 48.411589381285012 843.80914068222046 1730.6789083918557 1.01521895546466 2276.8486308334395 1.8738513896241773 0.97552796360105531 3.2352353595197201 25.069834583438933 1.8577331947162745 8.1062505543231982 0.65745981037616752 10.572454033419488 2.3614819869399071 1.360167510807514 0.66053272411227226
leaf_count=28731 2608 429 5408 11066 4307 3104 37071 8637 22872 8800 9191 53214 7426 15330 1061 17770 36213 17 33039 35 20 58 553 29 206 17 199 50 27 23
internal_value=-0.000120126 -0.0104309 0.00062423 0.0112763 0.0241174 -0.000433416 0.000434517 -0.0147988 -0.000476524 -0.0100796 0.00106135 0.00527749 0.000327112 0.0134876 -0.00279317 0.0116003 -0.00491827 0.0804259 9.99305e-07 0.0742667 0.137932 0.345677 0.082362 0.198501 0.0331704 0.125977 0.195952 0.367233 0.599725 0.956956
internal_weight=20540.4 1383.01 19157.4 1730.34 852.026 17427.1 16434.1 992.924 15989.2 2207.11 13782 6582.26 4106.31 2475.95 7199.78 926.248 6273.54 82.439 4007.53 81.4238 33.0122 6.96682 26.0454 5.09297 444.978 23.7183 15.6121 5.03964 2.67816 1.31799
internal_count=307511 29160 278351 17981 6915 260370 246325 14045 242699 31672 211027 85161 60640 24521 125866 19543 106323 1773 69252 1756 695 122 573 87 3626 522 316 117 67 40
is_linear=0
shrinkage=0.1


Tree=77
num_leaves=31
num_cat=0
split_feature=12 10 10 279 28 99 99 193 110 245 148 64 103 97 97 139 157 294 30 132 198 84 91 27 30 12 28 134 158 16
split_gain=14.8455 22.7674 32.1221 24.2787 21.1302 19.9855 23.7258 23.5028 19.0714 17.7096 16.8595 17.8055 15.9351 15.8699 15.5625 15.3007 15.5036 15.2454 15.1846 15.3914 15.2254 14.8495 14.9017 14.5828 14.1201 18.5817 16.0948 43.4147 14.3863 15.4653
threshold=9734.5000000000018 1.5000000000000002 1.0000000180025095e-35 17.500000000000004 0.13851154016407838 576.50000000000011 -131.49999999999997 1017.153879048583 0.34848484848484856 577320.45750000014 0.63733075435203113 2.5000000000000004 0.32945736434108536 -40.499999999999993 -626.49999999999989 0.36939571150097467 0.45080645161290328 1496.0000000000002 0.2232060410727453 0.10554746199112781 291203.34750000009 0.16764142855439826 0.29535050152558057 1.0000000180025095e-35 0.79285675201591621 16645.500000000004 0.89552675481394528 0.17669999998051175 0.59787234042553206 10.500000000000002
decision_type=2 2 2 10 10 10 10 10 8 8 8 8 8 10 10 10 10 10 8 8 10 10 10 2 8 2 10 10 10 8
left_child=4 2 17 5 -1 6 7 10 13 -5 11 -4 -7 14 -8 16 -13 -2 20 -20 -6 22 -3 -14 25 28 -27 -28 -12 -30
right_child=1 21 3 9 18 12 8 -9 -10 -11 24 15 23 -15 -16 -17 -18 -19 19 -21 -22 -23 -24 -25 -26 26 27 -29 29 -31
leaf_value=0.00042140147340200777 0.010217309573446723 0.002710265677997281 0.00039323533000374772 0.024418841927159988 0.024563041225824107 -0.010262292842858907 -0.0012704606399960355 0.013276304169876407 0.26602426750823954 -0.0252063439298639 -0.01575876425962168 0.054679770175551846 0.00023999376402822643 0.011240223073643045 -0.026238181359704644 -0.050218836991023856 0.18995888651226828 0.3139774847448209 -0.017342788000778885 -0.050804893189260764 -0.042420438381687908 0.01341022617799611 -0.072140969898198321 0.018982688466483943 -0.016841333868304487 -0.021150718599752438 -0.10166897312256695 1.5363993588983771 -0.02783188398328907 0.037538338497969385
leaf_weight=1111.684434259776 1993.763263842091 2646.2345180604607 228.380710513331 480.69394935760647 121.33543643075973 1364.6328107267618 307.44277997501194 641.50433135032654 2.3575276928022495 84.563511121086776 108.85115145612508 49.215040068142116 4749.49278739281 162.30552634689957 1327.8936551399529 11.041336715221403 10.233255490660666 1.6536236405372609 433.96077463869005 201.18345565348864 47.108726341277361 1964.1368312835693 26.86728447675705 454.88186807744205 1463.9483740460128 256.00305566191673 0.47945657232776184 0.24420869490131736 42.956415750086308 229.78478785697371
leaf_count=10111 27167 40954 2669 4303 841 27023 7022 7719 34 1186 2109 538 67929 2004 23753 123 112 31 5195 2902 350 29372 1700 5035 24666 7099 33 18 1158 4355
internal_value=-0.000125611 0.000737179 -0.00127786 -0.00323496 -0.00850883 -0.00423701 -0.00911108 -0.00372739 -0.0182114 0.0169948 -0.00827021 0.0139535 -0.000643862 -0.0185842 -0.0215443 0.0578877 0.0779663 0.010469 -0.0208629 -0.027942 0.00582979 0.00680864 0.00195794 0.00187818 -0.0114297 0.000981686 -0.0198195 0.451115 0.0149762 0.0272426
internal_weight=20524.8 18609.6 13972.3 11976.9 1915.27 11411.6 4842.64 3042.64 1800 565.257 2401.14 298.87 6569.01 1797.64 1635.34 70.4896 59.4483 1995.42 803.588 635.144 168.444 4637.24 2673.1 5204.37 2102.27 638.319 256.727 0.723665 381.592 272.741
internal_count=307511 288112 216086 188888 19399 183399 83412 50599 32813 5489 42880 3442 99987 32779 30775 773 650 27198 9288 8097 1191 72026 42654 72964 39438 14772 7150 51 7622 5513
is_linear=0
shrinkage=0.1


Tree=78
num_leaves=31
num_cat=0
split_feature=88 28 163 11 11 262 99 29 117 39 99 279 90 67 225 95 92 203 131 190 104 68 165 89 87 88 12 200 198 130
split_gain=14.7312 19.3657 14.5238 14.7918 16.1291 24.3961 20.7243 21.5337 20.5911 20.988 20.8687 17.907 17.5735 28.1175 25.9791 20.4675 18.7771 17.4531 17.3249 17.642 17.2328 17.0807 19.9515 19.8475 19.9877 28.0864 29.6473 21.7128 17.6683 17.4989
threshold=-0.63472329628623425 0.4491323376033432 0.25657894736842107 0.041006000000000008 0.0113115 251200.89000000004 1231.5000000000002 0.10837819777473216 -11.499999999999998 0.0094500000000000018 1740.5000000000002 18.500000000000004 0.46335626281523984 2.5000000000000004 42.286666666666683 -0.17407756157293228 0.041906324477548711 -207.49999999999997 -1761.3080357142856 45.500000000000007 0.59629629629629644 -3234.4999999999995 0.77951388888888895 1.2375962420606919 0.032397688512786599 -0.47506256192894175 21310.500000000004 67500.067500000019 317035.23750000005 556.00000000000011
decision_type=8 8 10 2 2 8 10 10 10 8 10 10 8 10 8 8 8 10 10 10 10 10 8 10 10 10 2 10 8 10
left_child=1 -1 3 4 5 -2 7 -6 10 -10 -8 12 17 15 -15 -14 -16 -9 -11 -20 -7 23 -23 -17 25 26 -25 -27 -28 -24
right_child=2 -3 -4 -5 6 20 8 11 9 18 -12 -13 13 14 16 21 -18 -19 19 -21 -22 22 29 24 -26 27 28 -29 -30 -31
leaf_value=0.36409688178175714 -0.022019253037223699 -0.075434341889517975 -0.040449771601924034 -0.011841713878105181 0.0163036303582157 0.0026805599485434394 0.015846184599138367 0.00087737143728796598 0.3365895943010202 0.016324678423825286 0.0019130732016405128 0.022925690084903493 -0.035696358433258434 0.58516842778472589 0.47683800769104673 0.011482944849494763 0.053463322795241242 -0.012925885041467397 0.093067477358609318 0.37100179857100901 -0.008134423883633753 0.0048884302505249914 -0.020713803918611533 0.89838443533799506 0.046581014520724467 0.0093953292213081966 -0.024849621572934254 0.38410559767949476 0.56895651264270819 0.20975357888786555
leaf_weight=1.0311828032135952 619.21318250894547 35.952753506600857 88.427774685900658 976.88280227780342 723.25520250760019 4075.0176385533996 1823.5015069432557 1535.1346836090088 2.8209645319730035 33.585772125050426 2618.7943256907165 281.48958471324295 136.1380356438458 1.2885837592184541 1.1983663151040644 310.90268662385643 8.3242191774770617 2271.3876498332247 11.896649383008478 2.8264185022562733 2307.7067637965083 2139.1989975832403 418.79104042798281 0.9893834358081216 74.482155984267592 6.7102537881582958 1.1609305357560518 2.0095159094780684 0.88158338703215111 3.3206334542483082
leaf_count=14 10156 980 1469 21658 5230 47234 24464 13955 24 261 36594 2746 3590 24 26 7991 153 22066 114 32 40409 55864 10880 19 1305 124 24 34 18 53
internal_value=-0.000124174 -0.0631794 -1.02909e-05 0.000165097 0.000769323 -0.00306817 0.00293449 -0.000144228 0.00835867 0.071457 0.00763242 -0.00179796 -0.00280484 0.00277774 0.163766 0.00221531 0.106743 -0.00735916 0.0559747 0.146423 -0.00122965 0.00395988 0.000967897 0.0232565 0.0657045 0.186909 0.449085 0.0957492 0.231447 -0.0189008
internal_weight=20514.3 36.9839 20477.3 20388.9 19412 7001.94 12410.1 7916.66 4493.43 51.1298 4442.3 7193.41 6911.92 3105.4 10.8112 3094.59 9.52259 3806.52 48.3088 14.7231 6382.72 2958.45 2561.31 397.137 86.2338 11.7517 3.0319 8.71977 2.04251 422.112
internal_count=307511 994 306517 305048 283390 97799 185591 124102 61489 431 61058 118872 116126 80105 203 79902 179 36021 407 146 87643 76312 66797 9515 1524 219 61 158 42 10933
is_linear=0
shrinkage=0.1


Tree=79
num_leaves=31
num_cat=0
split_feature=107 193 68 159 52 6 203 122 206 241 7 232 126 208 50 127 172 192 192 89 179 90 131 68 198 202 208 97 10 92
split_gain=14.0742 19.9206 31.412 20.3631 14.601 15.6032 16.9086 23.9606 18.9083 17.9454 17.6342 19.2528 21.7555 28.1862 25.5934 18.635 18.0635 22.8984 17.421 18.2342 16.8528 19.3177 22.1237 24.7218 20.9149 16.7124 22.2967 22.7996 16.6731 16.2492
threshold=0.34848484848484856 3461.1836959761554 -761.49999999999989 0.081666666666666679 0.99035000000000017 16503.750000000004 -29.499999999999996 274322.25000000006 57.500000000000007 136566.00000000003 132750.00000000003 116274.35064935066 0.38971277309132657 9.5000000000000018 0.012550000000000002 -275.96666666666664 0.35805860805860812 7630.9875000000011 42736.995000000003 1.2112075913822427 0.15075757575757578 0.4067380547494554 3039.9107142857147 -2402.4999999999995 37970.415000000008 16625.790000000005 4.5000000000000009 -229.49999999999997 1.5000000000000002 0.19862151737957856
decision_type=10 10 10 10 10 10 8 8 8 10 8 10 8 8 10 8 10 8 10 10 10 8 8 10 8 10 10 8 2 10
left_child=4 -2 -3 -4 5 6 8 9 -1 -8 11 12 13 -9 15 18 17 -16 19 -15 21 29 28 25 -25 26 -24 -28 -23 -7
right_child=1 2 3 -5 -6 20 7 10 -10 -11 -12 -13 -14 14 16 -17 -18 -19 -20 -21 -22 22 23 24 -26 -27 27 -29 -30 -31
leaf_value=-0.0063941043029843436 -0.037297943832559195 -0.003699892660793039 0.6358061819251476 0.13654619303615151 -0.012368730658624628 -0.0039555496224278966 -0.011470160214070768 0.49534690066315168 -0.033512761021671562 0.29482552762328063 0.0073561202941854163 0.0067073685309994571 -0.014983460686730888 0.00040247261179839728 0.76820887579857 0.27184420552482641 0.10492783058515312 0.2451658712501523 0.37980980882990673 0.11787050862392356 -0.0069808507127191687 0.0068853269580185263 0.041436787085007303 0.049489439144222783 -0.016601839748370911 0.0064746451184270392 0.027655442470800675 0.3634982615307854 0.019857760967735168 0.0069227380357075709
leaf_weight=2589.9211405972019 164.60259651392698 8.6846089949831349 1.4702045517042273 1.8385716639459131 894.79314042627811 4300.7585470029153 705.1424273699522 1.7610227577388275 285.4449678203091 1.9180130437016476 832.69699758198112 80.393053272739053 21.293440150097013 34.681511427275836 1.2565435413271178 4.2327072685584417 3.5316942343488336 2.5069139990955596 1.6000026334077109 21.348635673522949 1738.3666731170379 4252.5052211023867 67.160858862102032 50.629928457550704 882.01883460301906 240.12252739816904 3.6036827629432082 4.6038415068760496 1291.7219012267888 2017.1598358154297
leaf_count=42127 3499 140 26 23 17306 29540 10360 19 5377 29 12371 955 354 661 33 52 55 38 20 269 32097 80532 1697 988 23969 5895 80 69 24209 14721
internal_value=-0.000123072 -0.028232 0.0961933 0.358385 0.000121081 0.000696075 -0.00440127 0.00346564 -0.00908624 -0.0106393 0.0133861 0.0424762 0.0736604 0.100276 0.0902157 0.0693254 0.267365 0.4198 0.0544512 0.0451602 0.00227098 0.00349773 0.00719983 -0.00482855 -0.013014 0.0193691 0.0604508 0.21604 0.00990771 -0.000482373
internal_weight=20507.8 176.596 11.9934 3.30878 20331.2 19436.4 4587.73 1712.36 2875.37 707.06 1005.3 172.606 92.2125 70.919 69.158 61.8629 7.29515 3.76346 57.6301 56.0301 14848.7 13110.3 6792.37 1248.14 932.649 315.491 75.3684 8.20752 5544.23 6317.92
internal_count=307511 3688 189 49 303823 286517 72720 25216 47504 10389 14827 2456 1501 1147 1128 1002 126 71 950 930 213797 181700 137439 32698 24957 7741 1846 149 104741 44261
is_linear=0
shrinkage=0.1


Tree=80
num_leaves=31
num_cat=0
split_feature=28 174 125 29 246 102 229 272 34 133 172 97 28 4 92 233 279 130 113 89 54 217 104 157 142 35 84 126 197 121
split_gain=13.8702 14.0732 15.6437 15.565 14.8067 17.9969 15.6779 17.5976 16.213 17.7825 14.5953 17.8752 24.8301 18.8627 23.6869 18.4641 16.9571 15.6409 14.5808 14.5109 14.3497 14.2167 14.0797 15.8772 14.9098 19.1025 19.9034 37.8596 24.7609 18.9423
threshold=0.07609358011555542 0.072299651567944254 0.17095575359918888 0.72465045696855246 24439759.134213094 258482.36250000002 1549767.1500000001 1453064.6700000002 0.62940000000000007 0.080109932925293101 0.50409836065573776 -473.49999999999994 0.29896936973607929 346950.00000000006 0.13435047067906078 17317673319.327736 45.500000000000007 222.50000000000003 0.27922077922077926 1.6633333333333336 0.11745000000000001 0.018362533692722376 0.62202380952380965 0.38585607940446659 0.12701612903225809 0.055650000000000005 0.094376388883937054 0.099452323419115349 8262.2356683673479 29094.187500000004
decision_type=8 10 10 10 8 10 8 8 8 10 10 8 10 2 10 10 10 8 10 8 10 10 8 10 10 8 8 10 10 10
left_child=-1 2 3 18 5 -3 7 -7 9 -8 19 15 16 17 -15 -12 -13 -14 20 21 -2 -4 23 -5 25 26 27 -25 29 -28
right_child=1 4 10 22 -6 6 8 -9 -10 -11 11 12 13 14 -16 -17 -18 -19 -20 -21 -22 -23 -24 24 -26 -27 28 -29 -30 -31
leaf_value=0.027509342080876298 0.0031277099018449752 -0.010565647619246304 -0.012218720775860899 -0.0091821477628697707 -0.0091497188730995625 0.057243867562337382 0.38700424152166452 0.27181409391782302 0.0032004063878326109 -0.016398438387931098 -0.06007694869261624 -8.4728984528074984e-05 0.067584177809248788 0.0089419756374885234 0.70750435546291868 0.30399519614470605 0.21549191975571294 0.34327322858833464 -0.031093076622786892 0.30963030658610857 -0.02011652137532402 0.22329938163776455 -0.028361272501665702 0.018140614970170669 -0.007926862770482419 0.045267083301302982 0.10870241060305447 0.94768027911493435 0.035651768526222843 0.73411289902894206
leaf_weight=180.06816402636468 14471.808691966813 182.36313477810472 1531.0252591790631 258.47451089881361 2718.9022473022342 71.846346735954285 2.3448147587478152 4.0369650572538367 114.19419243559241 2.0464071407914162 34.798194343224168 107.37090319301933 40.186248809099197 0.87058055121451516 1.0970845604315398 1.4510939102619875 3.7771508172154418 2.1689603365957728 128.78764224564657 1.4055717289447773 270.55603521317244 2.5673061925917855 319.80186715675518 0.81463167490437693 25.646784560754895 22.762014803476632 0.88697429280728179 0.94815003126859665 5.4915028158575296 1.066703090444207
leaf_count=1051 194061 3306 27535 7197 48930 1103 29 50 1627 28 712 1170 647 23 19 28 32 26 2542 26 4425 26 11629 23 475 572 15 25 154 25
internal_value=-0.000122425 -0.000367173 0.000747956 0.00175333 -0.00657503 0.0120018 0.0331644 0.0686589 0.0104512 0.19901 -0.00828091 0.0177336 0.0324776 0.0957627 0.39843 -0.0455028 0.00724122 0.0817019 0.00240846 -0.0115301 0.00270113 -0.0118245 -0.0135678 0.00139934 0.048869 0.0944314 0.215965 0.518114 0.144426 0.450175
internal_weight=20509.6 20329.5 17233.8 15507 3095.73 376.832 194.469 75.8833 118.585 4.39122 1726.72 191.72 155.471 44.3229 1.96767 36.2493 111.148 42.3552 14871.2 1535 14742.4 1533.59 635.893 316.091 57.6168 31.97 9.20796 1.76278 7.44518 1.95368
internal_count=307511 306460 251387 221143 55073 6143 2837 1153 1684 57 30244 2657 1917 715 42 740 1202 673 201028 27587 198486 27561 20115 8486 1289 814 242 48 194 40
is_linear=0
shrinkage=0.1


Tree=81
num_leaves=31
num_cat=0
split_feature=65 13 86 133 12 195 66 198 154 14 137 218 203 168 96 66 207 206 212 251 136 117 83 299 219 68 94 98 44 241
split_gain=13.0365 16.1593 15.9591 18.1189 25.8723 23.1725 17.7561 25.973 19.1123 18.1713 17.8339 24.0814 16.2318 18.5177 15.2716 18.2846 14.4492 14.4885 14.2648 24.1658 14.225 16.8175 15.4942 18.4978 15.6375 15.0459 14.8767 14.2635 14.2049 14.1242
threshold=1.0000000180025095e-35 -11761.499999999998 0.217932183908046 0.078482301172299027 10663.500000000002 13917738654.259855 1.0000000180025095e-35 718959.24000000011 0.58957219251336912 -1542.4999999999998 0.13714733542319751 0.070197044334975381 -32.499999999999993 0.17573529411764707 -1927.5499999999997 2.5000000000000004 4.5000000000000009 30.500000000000004 0.94881152910349997 11250.070714285715 0.88194444444444453 -130.49999999999997 5.5555555549839974 0.049893910913647775 0.12440476190476192 -927.49999999999989 0.0017954754727816664 20257.333333333339 0.017750000000000005 80374.500000000015
decision_type=10 8 10 8 2 8 8 10 10 2 10 10 8 10 8 10 8 10 8 10 8 10 2 10 10 8 10 8 10 10
left_child=1 -1 3 4 29 12 7 -5 -8 10 -10 -12 -6 18 15 -11 17 -17 19 -14 26 22 23 24 25 -22 -2 -23 -27 -3
right_child=20 2 -4 6 5 -7 8 -9 9 14 11 -13 13 -15 -16 16 -18 -19 -20 -21 21 27 -24 -25 -26 28 -28 -29 -30 -31
leaf_value=-0.051163502553436706 0.0056797697468208936 -0.022204408279623555 0.0037789835888256923 0.0018388994359619536 -0.00058999690432171839 -0.066418727954818194 -0.015446003137074261 -0.014968857701545836 0.0068490194056702904 0.026434869159753328 -0.024947763798138421 0.4099156379890061 0.036253958154678641 0.040266373465162597 0.020570662663419767 0.42527422124983555 0.51567390628508547 -0.10899116624648053 6.2771847809695182e-05 -0.00163903093055592 -0.066145983006155387 0.28474632698610508 -0.041267529829955824 0.40258978441152254 0.30170581129023866 0.054697988849679892 -0.035968859069155944 0.070246676901408761 -0.061779990040931369 0.17817028515809749
leaf_weight=64.308598518371582 2533.8909864090383 401.19247015519068 5087.6622836589813 4390.6262691421434 1357.0736636826769 43.009008958935738 2508.5506183709949 1162.9074988588691 448.46658163517714 4.9439152851700765 345.64783490635455 1.2781413178890932 396.46213168930262 233.5510202459991 216.67405086569488 0.92410682793706733 1.8796963468194006 1.1261424208059905 723.49730157852173 292.44240095466375 15.605065446346996 3.3541390346363178 35.581702553667128 1.3481295108795155 2.0780357476323834 82.223451685160398 88.768643723800778 40.927013535052538 11.997905046679078 3.5489848535507909
leaf_count=1809 31719 3886 76231 69291 19857 819 42758 20614 6810 94 5308 14 5877 2821 2858 17 21 28 10094 3109 262 25 527 16 26 1086 871 449 185 29
internal_value=-0.000120966 -0.00112714 -0.000944539 -0.00286189 0.00330664 0.00646296 -0.0052054 -0.00168064 -0.0107515 0.000783333 -0.00632097 -0.0233456 0.00750676 0.0141825 0.0258366 0.154415 0.315416 0.131818 0.0098693 0.0201683 0.0061988 0.0323921 0.0162956 0.0343808 0.0299449 0.0248029 0.0042701 0.0864943 0.039866 -0.0204474
internal_weight=20501.5 17685.8 17621.5 12533.8 3450.78 3046.04 9083.02 5553.53 3529.49 1020.94 795.393 346.926 3003.03 1645.95 225.548 8.87386 3.92995 2.05025 1412.4 688.905 2815.78 193.115 148.834 113.253 111.904 109.826 2622.66 44.2812 94.2214 404.741
internal_count=307511 272345 270536 194305 46492 42577 147813 89905 57908 15150 12132 5322 41758 21901 3018 160 66 45 19080 8986 35166 2576 2102 1575 1559 1533 32590 474 1271 3915
is_linear=0
shrinkage=0.1


Tree=82
num_leaves=31
num_cat=0
split_feature=18 12 28 13 48 27 139 279 82 197 97 44 202 1 97 129 82 275 12 28 199 4 96 143 135 41 188 55 98 64
split_gain=12.9191 19.915 19.2522 21.7083 21.4342 21.2324 18.4172 18.348 17.5281 17.226 16.8458 16.8398 16.5294 15.9728 18.3985 18.285 22.1482 19.641 19.4932 20.3943 28.7836 19.479 19.1522 18.4955 18.2193 17.3138 29.4121 22.1245 16.7003 16.5512
threshold=1.0000000180025095e-35 10542.500000000002 0.25408770580130086 -99.499999999999986 0.028350000000000004 1.0000000180025095e-35 0.13188405797101452 32.500000000000007 21.581805300617436 15567.777931034485 -443.49999999999994 0.0039500000000000013 454346.82000000007 1.0000000180025095e-35 -11.499999999999998 17.781746031746035 27.729948716656597 2.1702898550724643 21582.500000000004 0.79224662560476256 14297.760000000002 792000.00000000012 -333.91666666666657 0.31414473684210531 0.33687943262411352 0.15135000000000001 32.500000000000007 0.094800000000000009 1216883.6666666667 9.5000000000000018
decision_type=2 2 8 8 8 2 10 10 8 10 10 8 10 2 10 10 10 10 2 8 10 2 10 10 10 10 10 10 10 8
left_child=1 -1 3 9 -5 7 -6 13 -2 -3 12 -10 -8 14 15 16 21 -17 -18 20 22 23 28 -4 -25 29 27 -27 -20 -21
right_child=8 2 5 4 6 -7 10 -9 11 -11 -12 -13 -14 -15 -16 17 18 -19 19 25 -22 -23 -24 24 -26 26 -28 -29 -30 -31
leaf_value=-0.0095922184181071578 0.0087060735412651143 0.0010311687239121243 -0.016257589241662821 0.33715601945759666 0.011228661497750272 0.013280382096959238 0.13922767887872642 0.030161380560160402 0.041938286724093658 0.029846661472455877 0.076687649087103293 -0.0071938803630378356 0.53709930453454191 0.0022871061617671961 0.047013204098086195 -0.00056353226958046705 -0.0029733475339429709 0.066094287853146805 0.055617837480320099 0.0064662954240941387 0.70135047310093201 0.25148159945947984 0.55632751169928685 -0.0027092561206085611 0.060260234594880814 0.59039398070538651 0.76561846687783774 0.061961807956996753 0.52933823332804952 0.27476582240980835
leaf_weight=2535.0793094062246 3162.6892783921212 618.27440236508846 3121.1763250576332 3.1859824461862436 21.672062519006431 962.48000165401027 2.2046460947021842 172.72441381588578 73.560488060116768 312.22556419670582 7.398139891214667 1350.2274104654789 1.9836800899356601 4112.3668760508299 66.020869153086096 2595.3926604259759 903.73622065223753 44.969846410676837 13.522778980433939 124.78210498765111 0.86982295755297023 2.7640967303887001 0.90383221302181382 209.54114863555878 58.854231583885849 0.84624810609966239 0.68927077390253622 12.430535734631119 0.78752341680228788 2.3424264490604392
leaf_count=27058 37597 5367 67174 26 180 11805 19 1732 1264 2681 66 22447 21 59636 708 42333 19415 339 388 2981 38 90 21 2938 714 25 18 356 27 47
internal_value=-0.000117708 -0.00146574 7.46438e-05 0.0136654 0.0893756 -0.00098454 0.0656396 -0.00218419 0.00455823 0.0107001 0.167413 -0.00465545 0.327668 -0.00267984 -0.00553276 -0.00602181 -0.00993119 0.000571763 0.00267957 0.0351832 0.141871 -0.013875 0.109885 -0.0140914 0.0110988 0.023021 0.128709 0.0956435 0.0816876 0.01141
internal_weight=20495.7 15909.2 13374.1 966.944 36.4445 12407.2 33.2585 11444.7 4586.48 930.5 11.5865 1423.79 4.18833 11272 7159.63 7093.61 4453.25 2640.36 1060.91 157.175 16.084 3392.34 15.2141 3389.57 268.395 141.091 13.9661 13.2768 14.3103 127.125
internal_count=307511 246203 219145 8360 312 210785 286 198980 61308 8048 106 23711 40 197248 137612 136904 94232 42672 23316 3901 474 70916 436 70826 3652 3427 399 381 415 3028
is_linear=0
shrinkage=0.1


Tree=83
num_leaves=31
num_cat=0
split_feature=118 5 203 129 129 176 124 8 189 87 87 193 82 82 90 129 12 29 164 207 7 30 93 14 121 278 87 87 82 12
split_gain=13.0972 15.8824 24.0748 19.3745 15.0683 15.365 22.276 17.5864 15.3202 15.0055 22.4756 23.8054 19.4855 17.7286 19.4603 19.1057 18.8138 22.2832 20.8728 17.493 17.2676 31.0586 25.8803 17.4181 17.1187 17.2126 17.3262 16.7246 22.9349 19.9944
threshold=24525.621590909097 179932.50000000003 -29.499999999999996 11.612500000000002 41.211111111111116 0.13188405797101452 130403.25000000001 3.5000000000000004 2400.0000000000005 0.046595095661551754 0.049977272727272738 5923.4380396389324 20.565552679088704 19.999999991515157 0.46854482930004415 25.029411764705888 18967.500000000004 0.11860596106403394 0.24068965517241384 112.50000000000001 897750.00000000012 0.51819695978497393 -0.22476189012258693 -7540.4999999999991 433256.10000000003 2.5000000000000004 0.048640754716981142 0.039029268989149067 25.938354384161418 23554.500000000004
decision_type=10 2 8 10 10 10 8 2 10 10 8 8 10 8 10 10 2 8 10 10 8 10 10 2 10 10 10 8 10 2
left_child=1 2 -1 -4 5 8 7 -7 -2 27 11 12 24 14 -12 16 19 18 -18 -16 23 -22 -23 -17 25 26 -11 28 -3 -30
right_child=4 9 3 -5 -6 6 -8 -9 -10 10 13 -13 -14 -15 15 20 17 -19 -20 -21 21 22 -24 -25 -26 -27 -28 -29 29 -31
leaf_value=-0.019469582263119831 -0.014359425293722364 0.031171590818270895 -0.015061912529697878 0.022940476075875807 0.022594103850790234 0.54304297141755808 0.0069381252646071277 0.078001971066067877 0.28752899724012215 0.043340938918864182 -0.0014871699097753657 0.079794671941324558 0.0029336261287703888 -0.039327731961892404 0.010369307581967583 -0.014304528337270401 0.69316618939585917 -0.01072045473377509 0.0062634545230563264 0.15106020347586896 -0.03705555929210657 0.82612622252224632 0.21062469822896335 0.051433715578527973 0.15930651770228701 0.18666596947102956 0.011931302768837145 -0.011384391984085831 -0.0017737827669700489 0.055859248130943687
leaf_weight=893.47815203666687 1605.97007772699 233.88120608218014 230.08999515976757 321.75798103585839 153.07985808700323 1.3593524033203714 329.55239113140851 2.0239819809794426 1.6827766280621279 227.85410150513053 5547.756932368502 51.312301695346832 1318.9876366853714 105.46874058619142 1985.0315333912149 55.780211914330721 0.87191603891551384 567.53577581048012 0.89796643890440464 8.8770706318318826 2.6559300580993286 1.0729040764272215 1.8805058589205144 145.28471001517028 8.9210623800754529 6.1705983504652968 766.10235238075256 1536.9614560008049 4313.5604983009398 61.047717031091452
leaf_count=16366 29220 2453 3795 4555 1978 23 5428 27 25 1861 45908 518 14406 3334 44618 1164 19 18123 23 77 44 27 39 2519 76 33 6040 29843 73734 1235
internal_value=-0.000117171 0.000735882 -0.00932659 0.00709559 -0.00761139 -0.00999409 0.00955901 0.264846 -0.0140434 0.00159401 0.00383833 0.0124206 0.0109356 0.00141402 0.00193063 0.00877609 0.00641778 -0.00961563 0.34466 0.0109957 0.0380243 0.21108 0.434222 0.0331964 0.0213954 0.0201653 0.0191316 -0.00235103 0.000661651 -0.000969513
internal_weight=20486.9 18393.2 1445.33 551.848 2093.67 1940.59 332.936 3.38333 1607.65 16947.9 10802.5 2379.35 2328.04 8423.11 8317.65 2769.89 2563.21 569.306 1.76988 1993.91 206.674 5.60934 2.95341 201.065 1009.05 1000.13 993.956 6145.45 4608.49 4374.61
internal_count=307511 270810 24716 8350 36701 34723 5478 50 29245 246094 138829 22934 22416 115895 112561 66653 62860 18165 42 44695 3793 110 66 3683 8010 7934 7901 107265 77422 74969
is_linear=0
shrinkage=0.1


Tree=84
num_leaves=31
num_cat=0
split_feature=87 82 5 150 96 129 36 168 225 13 286 87 98 135 92 87 125 142 100 32 216 187 113 29 265 129 96 6 1 194
split_gain=12.5828 15.0288 48.9299 14.0847 26.6181 17.2282 21.6244 20.3975 18.6872 31.9438 19.1312 18.3398 17.451 16.7295 23.6534 17.4368 17.9646 16.5547 20.4371 16.3236 15.1926 15.6747 15.13 15.0363 18.3163 14.9492 15.1074 19.3005 31.1528 14.3164
threshold=0.026606428699731625 36.985748321797097 592519.50000000012 0.05634920634920635 -447.44999999999993 9.6770833333333339 1.0000000180025095e-35 0.81534090909090928 611.15545465232503 -251.49999999999997 37.500000000000007 0.035958624934520698 434120.18055555556 0.49545454545454554 0.12374265774384213 0.035915147681882163 0.082191895782630628 0.53033088235294124 3138.1042500000003 0.17835000000000004 0.088335334133653479 1.0000000180025095e-35 0.22649572649572652 0.71723114643502828 472648.79250000004 9.033333333333335 -1999.5833333333333 14226.750000000002 1.0000000180025095e-35 -7553.8124999999991
decision_type=10 10 2 8 10 8 10 10 10 10 10 10 10 10 8 8 8 10 8 10 8 10 10 10 10 10 10 10 2 8
left_child=-1 3 -3 4 -2 7 22 17 10 19 11 12 13 15 -15 -8 -17 -5 25 -10 -12 -22 29 24 -6 26 -19 28 -28 -7
right_child=1 2 -4 5 23 6 8 -9 9 -11 20 -13 -14 14 -16 16 -18 18 -20 -21 21 -23 -24 -25 -26 -27 27 -29 -30 -31
leaf_value=-0.02349295336246671 -0.0032387789135679837 -0.031607667451313499 0.16114546315164399 -0.0081865772255774773 -0.04414325544112295 -0.0063332799675969989 0.021254534245736242 0.011413094818864017 0.017291617664168014 0.70883526097545602 0.025219665006118476 -0.014464357179277224 -0.0187810408700438 0.50198760642774887 0.017431131627305883 0.4447233220299433 -0.036768548464499042 0.2283267216933966 0.0065978296750218105 0.35498233299965792 0.043591243075630948 0.35058744816239135 -0.030585235011327525 0.050480290432972599 0.20033089039112811 0.29964966974807311 0.031338788725025678 0.00055897087204102673 0.55363596093205381 0.0063856861032294751
leaf_weight=227.69205334316939 2782.9209318161011 29.968701779842377 23.493753015995026 3874.2668160870671 265.08968159835786 975.9194397488609 207.62540498748422 733.243428170681 8.7051255442202073 0.85444659925997157 12.137170428410174 1351.4193044956774 120.66896578669548 1.7875313609838475 2.3083071168512106 1.9653175175189963 1.2792885089293122 5.0658823642879716 175.65713042207062 1.7131585385650385 3.0206155106425276 3.7008584029972553 119.49495912902057 19.115362614393234 3.1004231981933108 3.099466308951377 3.1858788644894984 22.292798614129424 1.7800544518977401 9496.3847525380552
leaf_count=5538 52414 481 264 58846 3055 15896 4043 8784 212 16 135 24669 2636 32 37 28 27 54 1508 36 33 25 2295 458 29 41 36 243 22 125618
internal_value=-0.000116073 0.000146761 0.0530965 6.60602e-06 -0.00623053 0.00112465 0.00310901 -0.00394435 -0.00730067 0.121029 -0.00814868 -0.00926833 0.0116532 0.0287372 0.228904 0.0248493 0.25488 -0.00670072 0.0205712 0.0728207 0.0920131 0.212624 0.00479667 -0.0352094 -0.041317 0.0898608 0.069745 0.0402735 0.218558 0.0052004
internal_weight=20479 20251.3 53.4625 20197.8 3070.23 17127.6 12309 4818.59 1717.19 11.2727 1705.91 1687.05 335.635 214.966 4.09584 210.87 3.24461 4085.35 211.081 10.4183 18.8586 6.72147 10591.8 287.305 268.19 35.4241 32.3246 27.2587 4.96593 10472.3
internal_count=307511 301973 745 301228 55956 245272 175738 69534 31929 264 31665 31472 6803 4167 69 4098 55 60750 1904 248 193 58 143809 3542 3084 396 355 301 58 141514
is_linear=0
shrinkage=0.1


Tree=85
num_leaves=31
num_cat=0
split_feature=6 7 218 163 117 5 15 7 7 143 190 70 98 84 176 189 14 91 278 65 100 29 130 39 207 97 39 201 206 197
split_gain=12.3 17.9253 19.9148 18.3403 17.2216 16.0482 19.3847 18.7964 20.329 23.2156 19.4104 21.3262 18.4276 18.3163 17.9039 17.7314 18.865 20.8248 17.6852 17.4231 17.4121 17.3073 21.1014 17.1532 20.3797 17.008 25.8887 16.8082 16.3163 15.8219
threshold=34580.250000000007 675191.25000000012 0.060661764705882359 0.072299651567944254 -58.499999999999993 630049.50000000012 -4654.4999999999991 450117.00000000006 328574.25000000006 0.87083333333333346 269.50000000000006 1.0000000180025095e-35 337015.35714285722 0.079999999993481494 0.35147058823529415 10.500000000000002 -7540.4999999999991 0.14069657923869652 6.5000000000000009 1.5000000000000002 58724.750357142861 0.65316882684761757 16.500000000000004 0.16465000000000005 7.5000000000000009 -1364.4999999999998 0.077350000000000016 2918.8048660714289 176.50000000000003 45495.300578007525
decision_type=10 8 10 10 10 2 2 8 10 10 10 2 10 8 10 8 2 10 10 10 8 8 8 8 8 8 8 8 10 10
left_child=1 2 3 4 5 7 -7 8 10 19 12 -12 14 25 15 16 -1 -18 -14 -10 -13 -21 -23 -24 -25 26 -9 -17 -27 -29
right_child=-2 -3 -4 -5 -6 6 -8 13 9 -11 11 20 18 -15 -16 27 17 -19 -20 21 -22 22 23 24 -26 28 -28 29 -30 -31
leaf_value=-0.022658747948813226 0.0044673868299266199 -0.011532910799423203 0.049324338660647615 -0.045559064644911489 0.010001329429481357 -0.024595355520322368 0.01107869686545376 0.75949735377906435 0.0041005940349340079 0.2189175982663906 -0.11228432347589423 0.13567886200519727 -0.013275097522818084 -0.015894564011597757 0.052652861793668182 0.05196312008534254 -0.0010173741009785909 -0.053537169523770051 0.28629409158118224 0.032621271486445967 0.62124174968889456 0.4125452939390617 -0.085542809662497582 0.38229674310919337 -0.025294789265167223 0.020911858638827819 0.070663818012349264 0.0027203582401656729 0.39406716846695677 0.078758205982573271
leaf_weight=586.17729804106057 4554.6816215515137 1580.5733298957348 80.378205433487892 90.127265580929816 1454.6681228764355 169.08285331726074 1536.2900267988443 0.80806745402514968 2708.3464221488684 5.1067333035171023 1.4257250651717184 1.6122043225914233 1825.1020288923755 1393.6583067215979 60.991497620940208 76.040032333694398 2372.68620424252 77.979295196011662 1.9728103354573239 74.951381985098124 1.3627757932990787 2.6535437377169702 3.3678079685196272 2.842706374824048 2.1579555124044418 62.670598335564137 1.6798499170690773 1715.3952039480209 1.1940988730639208 27.808774590492249
leaf_count=10461 77358 27611 872 1326 14803 3011 22047 23 31698 44 29 30 35770 23928 703 708 30434 3193 22 642 17 39 56 51 29 1251 44 20943 26 342
internal_value=-0.000114917 -0.00142598 -0.000311865 -0.000591682 -0.00030563 -0.00148496 0.00754172 -0.00288338 -0.00126751 0.00589677 -0.00423939 0.20571 -0.00437639 -0.0134506 -0.00119002 -0.00186628 -0.00654322 -0.00268854 -0.0129516 0.00550747 0.358105 0.049827 0.166829 0.0889148 0.206407 0.0378816 0.294395 0.00594089 0.0278889 0.00393337
internal_weight=20473.8 15919.1 14338.5 14258.2 14168 12713.4 1705.37 11008 9547.98 2799.43 6748.55 4.40071 6744.15 1460.01 4917.08 4856.09 3036.84 2450.67 1827.07 2794.32 2.97498 85.9734 11.022 8.36847 5.00066 66.3526 2.48792 1819.24 63.8647 1743.2
internal_count=307511 230153 202542 201670 200344 185541 25058 160483 135211 32559 102652 76 102576 25272 66784 66081 44088 33627 35792 32515 47 817 175 136 80 1344 67 21993 1277 21285
is_linear=0
shrinkage=0.1


Tree=86
num_leaves=31
num_cat=0
split_feature=274 23 55 14 4 123 52 218 216 195 87 104 99 164 204 201 170 148 58 212 117 164 220 30 155 45 125 207 126 112
split_gain=12.4859 12.2619 14.1601 17.0085 21.4307 25.1354 15.6209 14.6694 21.614 20.6576 22.8258 14.8457 19.1117 15.975 15.2558 28.9517 26.6375 14.4644 15.6336 13.9794 13.9643 14.4508 22.5859 23.4714 25.7571 13.7115 14.2578 13.6663 13.7317 15.7653
threshold=12.500000000000002 2.5000000000000004 0.077600000000000016 -245.49999999999997 356062.50000000006 196878.19050000003 0.99825000000000019 0.026491228070175444 0.11378020713463753 389651473.78417259 0.049977272727272738 0.68857758620689669 -533.49999999999989 0.27888888888888896 -1056.4148809523806 15545.891079628725 0.19292803970223329 0.22474747474747478 0.083150000000000016 0.86855396065922397 -19.499999999999996 0.53589743589743599 34.500000000000007 0.25056225432051238 0.12060606060606062 0.18125000000000002 0.15596966547255417 37.500000000000007 0.21780052424709581 0.26969696969696971
decision_type=10 2 8 2 2 10 10 10 10 10 10 10 8 10 8 8 10 8 10 10 10 8 8 10 10 8 8 10 10 10
left_child=1 2 3 17 6 -6 -5 20 9 11 -11 14 13 -13 15 25 -17 18 -1 -15 27 -22 -23 -24 -25 -9 -27 28 -4 -30
right_child=-2 -3 7 4 5 -7 -8 8 -10 10 -12 12 -14 19 -16 16 -18 -19 -20 -21 21 22 23 24 -26 26 -28 -29 29 -31
leaf_value=0.05394813891029529 0.30586490485504392 0.005008322108039958 -0.0024802654058714829 0.051036325254086523 0.5442323481553647 0.076384998606124382 -0.061683721123406234 -0.043573579422282717 -0.038064905667441508 0.0054024638422703521 0.71431670781454182 -0.12013922747743984 -0.06622049501060237 0.12288868538015152 0.039110070463350237 0.12953654679734067 0.79389104579374448 0.0032933496804824674 0.31727697983197478 0.52463266400963426 0.0038505607707584469 0.023363992601157971 0.026554491926781484 0.15764066434065338 0.51703785398217028 0.18014859277239181 -0.10773401389059215 0.01565866872802418 -0.012252897675807757 0.11962167772161383
leaf_weight=20.733649546746168 1.3335458897054184 3780.365283338353 11697.891427375376 87.531743705738336 1.8168372679501761 3.1210910268127918 14.303303800523279 5.2838715398684206 37.256090704351664 0.85216768644750007 0.97253768797963858 1.6665767906233666 20.740590584464375 2.7860659789294004 65.42857988551259 1.2082735626026981 1.2058170428499577 2095.0308550163172 2.5296405442059031 1.2568943053483961 224.26989399641752 74.688148380257189 10.43293166998774 9.8823640551418048 2.4981996081769458 13.392797143198544 1.973935217596593 372.17802446894348 1901.4477968858555 9.1086896052584034
leaf_count=200 12 43858 181723 1181 33 55 261 77 550 18 23 36 378 42 683 20 21 34839 32 23 2120 675 72 144 31 175 41 3075 37038 75
internal_value=-0.000114039 -0.00013398 -0.00129933 0.00612701 0.0450695 0.248522 0.0352042 -0.00244236 0.0282539 0.0494136 0.383242 0.0441141 -0.0216214 0.14039 0.0637621 0.133693 0.461376 0.00416411 0.0825824 0.247785 -0.00277293 0.0178237 0.0499641 0.137049 0.230161 0.0953869 0.143169 -0.00324697 -0.00376402 -0.0116242
internal_weight=20463.2 20461.9 16681.5 2225.07 106.773 4.93793 101.835 14456.4 154.024 116.768 1.82471 114.943 26.4501 5.70954 88.4933 23.0647 2.41409 2118.29 23.2633 4.04296 14302.4 321.772 97.5016 22.8135 12.3806 20.6506 15.3667 13980.6 13608.4 1910.56
internal_count=307511 307499 263641 36601 1530 88 1442 227040 2087 1537 41 1496 479 101 1017 334 41 35071 232 65 224953 3042 922 247 175 293 216 221911 218836 37113
is_linear=0
shrinkage=0.1


Tree=87
num_leaves=31
num_cat=0
split_feature=29 173 200 202 134 118 138 286 6 206 196 261 252 230 201 251 90 99 157 55 133 212 131 240 198 127 206 97 92 6
split_gain=11.9293 12.2942 16.384 18.1672 19.3923 15.9171 15.5616 15.3463 15.3093 19.4152 17.9225 17.2182 18.2846 25.7586 17.0078 16.4828 21.9422 34.2257 17.2615 15.0514 18.2375 17.0822 21.7736 15.3025 16.4924 15.251 20.7678 24.473 18.7833 14.692
threshold=0.76691658960921993 0.23669467787114848 184500.22500000003 808988.06250000012 0.18926001934887002 8214.1065000000017 0.67543859649122817 24.500000000000004 33752.250000000007 14.500000000000002 760684.7925000001 279814.30565789476 233980.20000000004 4177784469.589292 12935.719285714287 8957.6203125000011 0.55047760927024691 -709.49999999999989 0.39009661835748799 0.077600000000000016 0.092386668633500493 0.84591642924976262 3516.1500000000005 7872203302.3062658 236257.83000000002 -1264.2916666666663 25.500000000000004 -705.49999999999989 0.059096061565315793 8997.7500000000018
decision_type=10 8 10 10 8 10 8 10 10 8 10 10 10 10 10 8 10 10 8 10 10 8 10 10 10 10 8 8 8 10
left_child=1 8 3 4 7 6 -4 19 11 -10 -11 12 13 -1 -12 16 18 -18 -15 21 23 22 -3 24 25 -21 -27 -28 -29 -17
right_child=-2 2 5 -5 -6 -7 -8 -9 9 10 14 -13 -14 15 -16 29 17 -19 -20 20 -22 -23 -24 -25 -26 26 27 28 -30 -31
leaf_value=-0.0044364278236116213 -0.024708026923134618 0.051770254780468997 0.051605062901557266 -0.014605126174392302 -0.0029387648436879012 0.0096853326989386947 0.34210886567241944 0.067702915419082549 0.016297645781405565 -0.0051742074899519246 0.33611288185001947 0.024604239915980888 -0.018481713825115091 0.0028982173837533549 0.025158877887060289 -0.10654167886519089 0.54744809788987159 0.097668524917375141 0.13231340260558336 -0.049267830546180447 -0.012488948229389269 0.0084523286716626598 -0.04079227028460064 0.24278879116608373 -0.0041778510553050104 0.036132271986151064 0.44615807384898876 0.37129920140792083 0.068406456771932314 0.022103798398866059
leaf_weight=6834.5848657805473 195.31568908691406 176.85946302395314 63.273118786513805 696.76053237915039 3511.5989526510239 1650.6301684379578 1.8993012383580197 41.919099174439907 906.26766023039818 1564.529195278883 1.7766155535355199 200.69412957131863 899.40213526040316 27.52928788214922 176.98865795787424 9.3900284012779576 2.3971274737268686 5.7499066190794093 16.474018335342407 14.625697426497934 689.93967383168638 2309.3406762136146 29.677677780389786 2.9888531006872645 169.62360459379852 74.093533406034112 2.4640887686982751 2.3687555845826926 15.089553517289458 162.66027428023517
leaf_count=105334 7275 1816 744 11705 54476 20659 16 316 15459 27303 23 1937 13000 204 3094 81 33 95 107 231 10349 27825 432 25 2412 797 32 26 145 1560
internal_value=-0.000112513 0.000124581 0.00275852 0.000798055 0.00232241 0.0115992 0.0600711 0.00755765 -0.00217908 0.00442519 -0.00174682 -0.00432379 -0.00505332 -0.00334232 0.0282492 0.0300106 0.0792594 0.230009 0.0513489 0.00683463 -0.00373964 0.0109166 0.0384698 0.0177231 0.0153057 0.0457256 0.0605034 0.151142 0.109503 0.0150827
internal_weight=20456.9 20261.6 9453.15 7737.35 7040.59 1715.8 65.1724 3528.99 10808.4 2649.56 1743.29 8158.88 7958.19 7058.79 178.765 224.201 52.1503 8.14703 44.0033 3487.07 971.194 2515.88 206.537 281.254 278.265 108.642 94.0159 19.9224 17.4583 172.05
internal_count=307511 300236 132006 110587 98882 21419 760 44406 168230 45879 30420 122351 120414 107414 3117 2080 439 128 311 44090 14017 30073 2248 3668 3643 1231 1000 203 171 1641
is_linear=0
shrinkage=0.1


Tree=88
num_leaves=31
num_cat=0
split_feature=10 10 203 129 151 30 193 87 12 29 134 95 181 191 250 144 52 98 99 15 108 91 12 92 250 195 95 256 35 176
split_gain=11.9226 18.0569 19.5326 20.2841 19.7986 16.8191 23.9625 16.2005 15.8932 15.2768 22.3662 45.0793 17.1152 26.6257 15.2766 18.4611 15.7993 15.4105 14.8531 14.6466 15.4083 15.9222 14.605 15.7505 15.6928 14.6008 14.4877 14.4719 14.402 14.2772
threshold=1.5000000000000002 1.0000000180025095e-35 -16.499999999999996 20.276190476190479 0.82085561497326209 0.48034916116072962 582.1949578651687 0.096638201806046334 10012.500000000002 0.74467162546667087 0.28489957644141845 -0.051736619499563485 0.20294117647058826 9.8575054387237149 16880.760000000006 0.20185185185185187 0.97245000000000015 552139.99469696975 30929.500000000004 -94.499999999999986 0.62731481481481499 0.049631731879646132 9902.5000000000018 0.40539312627885032 7609.4775000000009 1150489650.460108 -0.0016028642053389261 18537.470156250001 0.23550000000000001 0.23973727422003285
decision_type=2 2 10 10 10 8 10 8 2 8 10 10 8 10 8 8 8 8 10 2 8 8 2 10 8 8 10 10 10 8
left_child=1 19 5 -4 -5 29 7 9 -2 18 -11 12 -12 -14 15 25 17 -16 26 22 -21 -22 23 24 -1 -6 -7 -24 -18 -3
right_child=8 2 3 4 14 6 -8 -9 -10 10 11 -13 13 -15 16 -17 28 -19 -20 20 21 -23 27 -25 -26 -27 -28 -29 -30 -31
leaf_value=0.1495382608728914 -0.0072324927877862712 -0.0022974095382300697 -0.00051107770679384543 0.046029688056633093 0.026306778105595494 -0.0068475843720344825 0.0028892283240761589 -0.034829669877268064 0.0064264807620126596 -0.051649759002353537 -0.10270451843790439 1.2619946295391722 0.95701682998947213 -0.10231173594953347 0.17665232666201813 0.29707429897710474 -0.0066810577298932368 -0.01345377348347614 -0.042300726469073305 -0.041338084150008864 0.36095338414536166 0.083587072024747702 0.010854703172345832 0.21377187533540298 -0.021775027272696312 0.2408948294482979 -0.036880988739235003 -0.025348331156446011 0.25440958955191445 0.015780025120076417
leaf_weight=5.4557969495654106 1050.5371964201331 4654.8843734655529 1352.4338153451681 213.73141969367862 35.283584255725145 3462.7937507852912 1380.6006333827972 296.6353345233947 4504.7708330154419 122.22774574160576 1.7741751093417413 0.36649028863757749 0.4710285011678933 0.47809841204434633 9.7254579616710561 3.1567247370257965 304.62323229480535 7.59333118982613 132.71373796463013 9.5319367796182615 2.2498331228271153 25.842146131210029 1825.7720158472657 2.9544377326965323 268.42872988246381 3.4838588479906312 168.42838714364916 117.52424249984324 2.1274630604311815 482.13826336245984
leaf_count=35 10832 49554 19025 2756 388 71525 21375 9434 70472 5615 88 19 19 29 101 25 3642 110 3342 120 16 343 25236 26 2756 38 3737 1243 32 5578
internal_value=-0.000110118 -0.00158483 -0.00305669 0.00619717 0.0218468 -0.00472716 -0.00853521 -0.0123033 0.0038435 -0.0105852 -0.0449328 0.220779 0.0806562 0.423407 0.00772453 0.0645266 0.000376177 0.0933013 -0.00944157 0.00665247 0.0685235 0.105801 0.00560396 -0.0158851 -0.0183625 0.0455909 -0.00824064 0.00866526 -0.00487027 -0.000600741
internal_weight=20448.7 14893.4 12635.7 1932.16 579.725 10703.5 5566.49 4185.89 5555.31 3889.25 125.318 3.08979 2.7233 0.949127 365.994 41.9242 324.069 17.3188 3763.94 2257.76 37.6239 28.092 2220.14 276.839 273.885 38.7674 3631.22 1943.3 306.751 5137.02
internal_count=307511 226207 196432 26117 7092 170315 115183 93808 81304 84374 5770 155 136 48 4336 451 3885 211 78604 29775 479 359 29296 2817 2791 426 75262 26479 3674 55132
is_linear=0
shrinkage=0.1


Tree=89
num_leaves=31
num_cat=0
split_feature=179 129 203 220 117 99 189 30 100 117 198 123 198 10 190 143 207 92 96 201 95 151 203 160 201 42 132 83 131 12
split_gain=11.768 13.0354 17.9052 21.9116 17.8167 17.4143 19.6719 24.8176 18.7972 18.1114 17.9178 20.3048 17.3236 19.2656 16.504 16.5867 16.9168 28.519 16.5851 16.4972 18.0519 22.3145 17.4226 16.042 15.9227 25.2428 20.1089 20.7518 16.3776 15.7598
threshold=0.31643132220795894 25.345238095238098 -199.49999999999997 45.500000000000007 -633.49999999999989 -294.49999999999994 13.500000000000002 0.58236081574092402 115149.83 -18.499999999999996 846133.6725000001 228004.68750000003 16950.285000000003 1.5000000000000002 240.50000000000003 0.59491634491634504 5.5000000000000009 0.048425413058325678 -801.46428571428567 27084.193750000002 -0.041272936832872607 0.88675213675213682 -203.49999999999997 0.13484848484848486 22891.786350000006 0.018150000000000003 0.10057791102809838 1.9167999998438165 -21551.883749999997 13103.500000000002
decision_type=10 10 10 8 8 8 10 8 8 10 10 10 10 2 10 10 10 8 10 10 10 10 8 10 10 10 10 2 10 2
left_child=1 2 5 4 23 6 7 10 -7 14 -1 -12 13 -6 15 16 -10 18 -18 22 21 -21 -19 -4 28 26 27 -26 -8 -3
right_child=-2 29 3 -5 12 8 24 -9 9 -11 11 -13 -14 -15 -16 -17 17 19 -20 20 -22 -23 -24 -25 25 -27 -28 -29 -30 -31
leaf_value=0.037767920637721976 -0.011858562635251674 -0.0083989512395424987 -0.029786363774169346 -0.012691045163978785 0.020880712392218947 -0.0036755132423399472 -0.033942686941027825 -0.0076925878522029791 0.0034044122197141543 0.070814127765934778 0.50834653198958901 0.013230092586781511 0.00026211535017371559 0.19095970577937241 0.18568088729663529 0.06161166473936857 0.27912140703143579 0.0031202664074695477 0.045404236241624311 0.10791273661245644 -0.079627720064424035 0.43874605441226644 0.21579604623692805 -0.001604162849725665 0.56517075482618262 0.55720906731210273 -0.044097936498053013 0.13123399885724121 0.046804479526660191 0.012818019930875349
leaf_weight=126.58222557045519 818.40181496040896 452.23078907467425 386.00600428041071 1955.8646633923054 20.610608926042914 3251.3331121113151 29.142713448964059 335.66176332347095 3075.7441934105009 43.91517330147326 1.7429982926696532 1.5783314928412435 7560.0999675691128 9.8397414078935999 5.1133876172825685 52.554077076725662 7.353379137814045 109.81434475444257 5.1716153193265182 11.933002673089506 3.8388637844473115 2.458880638703703 3.9919359944760791 423.66505854669958 1.3299646787345389 1.3401059992611397 5.5188795430585742 6.4310502884909511 181.9132717596367 1550.0911877453327
leaf_count=1591 16084 3998 7841 33462 211 54156 393 8134 44406 385 23 26 105136 99 55 462 69 849 41 112 33 25 35 8491 20 24 95 96 2320 18839
internal_value=-0.000109709 0.000380295 -0.000488541 -0.00315837 -0.000938828 0.00331752 0.0184157 0.00667053 0.00172978 0.00702028 0.0437838 0.273062 0.000565305 0.0758401 0.00616563 0.00588516 0.00497573 0.0384075 0.182619 0.0247276 0.113043 0.164436 0.0105802 -0.0150399 0.0426459 0.143569 0.101827 0.205595 0.0356549 0.0080261
internal_weight=20441.3 19622.9 17620.5 10356.1 8400.22 7264.46 691.241 465.565 6573.22 3321.89 129.904 3.32133 7590.55 30.4504 3277.97 3272.86 3220.31 144.562 12.525 132.037 18.2307 14.3919 113.806 809.671 225.676 14.62 13.2799 7.76101 211.056 2002.32
internal_count=307511 291427 268590 155240 121778 113350 12722 9774 100628 46472 1640 49 105446 310 46087 46032 45570 1164 110 1054 170 137 884 16332 2948 235 211 116 2713 22837
is_linear=0
shrinkage=0.1


Tree=90
num_leaves=31
num_cat=0
split_feature=77 174 198 97 15 205 214 70 90 232 238 173 91 19 131 126 151 280 291 128 187 165 258 16 286 97 12 95 98 196
split_gain=11.78 27.723 13.8744 14.3845 11.7998 17.0899 16.7221 15.1847 18.8034 18.5644 17.4554 19.5056 15.3251 30.1161 56.8979 15.2702 17.5677 18.9947 22.4999 47.9983 18.5482 29.8349 17.136 16.3893 15.697 17.883 26.4272 40.0197 27.4561 41.1978
threshold=1.0000000180025095e-35 0.18350168350168353 1139385.1725000001 -30.499999999999996 -4255.4999999999991 -1347.4999999999998 0.17424242424242428 1.0000000180025095e-35 0.49408363347937939 55271.27659574469 2578.3883426966299 0.15450928381962867 0.45256630547888005 1.0000000180025095e-35 -4717.2599999999993 0.14293469568615727 0.92153846153846175 1.2147377938517181 35.368734335839612 -830.49999999999989 1.0000000180025095e-35 0.49468085106382981 847750819.64160717 16.500000000000004 13.500000000000002 -511.49999999999994 22116.500000000004 -0.061239799042459707 608545.76715686289 97687.102500000023
decision_type=2 8 10 10 2 10 10 2 8 8 8 10 10 2 10 10 10 8 10 8 10 10 8 8 10 8 2 8 8 10
left_child=4 -2 3 -3 -1 7 -7 -6 -9 -10 -11 12 -12 -14 -15 23 -17 18 19 -18 22 -22 -21 -13 25 26 -25 28 -28 -30
right_child=1 2 -4 -5 5 6 -8 8 9 10 11 15 13 14 -16 16 17 -19 -20 20 21 -23 -24 24 -26 -27 27 -29 29 -31
leaf_value=-0.0044492058829355523 -0.073692917921712273 -0.0020295891956197284 0.32644981251864907 0.22719974150951586 -0.0052276909820159175 0.01532939812555276 0.29633127059471004 -0.0002211290418083677 0.041896643335396569 -0.015132824976979188 0.00055454710130837831 -0.0010435788348410135 -0.03723058005247195 0.052990038735078841 1.5530088684550818 -0.0045229494777449921 1.0781084703648656 0.020761643255235662 -0.0013905628955907295 -0.10525507590873454 0.79171526487987087 0.14277240161927582 0.34009825770344604 0.042892030747640135 0.091542600667168461 0.017489245191669164 0.1747849332769682 0.040070713531351734 0.3263505036272743 1.1873858333538414
leaf_weight=4445.1752063408494 70.919009773526341 81.953611390665174 1.3697643009945739 2.8321016444824627 3403.9489323133603 746.77605894720182 2.1237554205581537 8256.0806349413469 159.5856073545292 322.15612994786352 1424.3398527130485 211.66150064207613 1.5452397363260379 0.62850260641425848 0.4231070764362812 409.23140957206488 0.67706494126468897 31.464354808442295 4.8415274117141962 2.499053843319416 1.1143612442538144 1.944953955709934 1.3204906424507483 226.48563987575471 39.586393687874079 572.71408056467772 2.1449423599988222 6.2276452146470529 1.386523671448231 0.92735415138304222
leaf_count=81765 1089 1351 32 28 57690 9422 26 70834 4358 10128 36841 4843 110 31 33 10846 25 868 145 75 27 38 25 4914 543 11056 75 218 49 26
internal_value=-0.000107953 -0.027388 0.010728 0.00562737 0.00010337 0.00138162 0.0161263 0.000649514 0.00236248 0.00859417 0.00696558 0.0093861 0.00099705 0.243704 0.656511 0.0172915 0.00192353 0.0620693 0.166907 0.274745 0.195672 0.379151 0.0487122 0.0238535 0.0300571 0.0270517 0.0501429 0.203816 0.432519 0.671436
internal_weight=20434.1 157.074 86.1555 84.7857 20277 15831.8 748.9 15082.9 11679 3422.91 3263.32 2941.16 1426.94 2.59685 1.05161 1514.23 453.093 43.8618 12.3975 7.55592 6.87886 3.05932 3.81954 1061.13 849.473 809.886 237.172 10.6865 4.45882 2.31388
internal_count=307511 2500 1411 1379 305011 223246 9448 213798 156108 85274 80916 70788 37015 174 64 33773 12049 1203 335 190 165 65 100 21724 16881 16338 5282 368 150 75
is_linear=0
shrinkage=0.1


Tree=91
num_leaves=31
num_cat=0
split_feature=29 118 200 202 77 101 138 5 217 90 42 264 207 233 179 99 109 30 14 192 100 192 151 181 30 90 12 50 145 57
split_gain=11.8418 13.013 15.3335 23.4507 23.6582 15.4266 14.9463 23.841 14.9353 14.9168 14.509 16.4613 14.9537 14.6516 30.4763 14.0939 18.1928 19.6632 18.3227 15.236 14.6183 14.4842 17.5093 14.0932 26.3259 22.7449 20.5898 28.704 16.2312 16.1676
threshold=0.010403997785698622 24525.621590909097 86431.477500000023 340289.28000000009 1.0000000180025095e-35 154645.89750000005 0.72077922077922085 177835.50000000003 0.025015634771732336 0.33731050700993453 0.03475000000000001 -2215.3949999999995 20.500000000000004 4155468750.0000024 0.19399641577060936 -601.49999999999989 0.21807065217391305 0.59284710246680494 -271.49999999999994 22720.387500000001 47102.869870129878 15786.000000000002 0.39230769230769241 0.22048611111111113 0.58236081574092402 0.37827897811596617 17132.500000000004 0.17965000000000003 0.059714795008912663 0.014150000000000001
decision_type=10 10 8 8 2 10 10 2 10 10 10 8 10 10 10 8 10 8 2 8 10 10 10 10 10 8 2 10 8 8
left_child=-1 2 3 4 15 6 10 -8 -7 -9 12 -12 -5 23 -15 16 17 18 20 -19 -2 -18 -23 -13 28 -26 -27 29 -25 -28
right_child=1 -3 -4 5 -6 8 7 9 -10 -11 11 13 -14 14 -16 -17 21 19 -20 -21 -22 22 -24 24 25 26 27 -29 -30 -31
leaf_value=0.020695188917146702 0.045587720084214675 -0.0079216835101067837 0.0047888430768684535 -0.024199569132096081 -0.06883306661881522 -0.00097379356644722791 0.34830334885570369 0.18217133013928882 0.34088614893811187 -0.017812338385217404 0.43818400384048506 -0.025831790926076483 0.0065917288663471067 0.060550757170969985 0.58079401047208068 8.5460717235669211e-05 -0.023015938918539921 0.011324120466050967 0.23024040607292232 0.24987293370912603 0.30947716638316092 0.41636861488391763 -0.0034916696315351516 -0.02657536595973576 0.71503505378805121 0.010490766477080429 0.64527956746521664 0.86580016499268231 0.25909095927674758 0.11376570027992661
leaf_weight=269.8297325912863 113.51238550432026 2061.4366682618856 5642.167902957648 1235.0614316891879 48.641422643326223 1047.3390361666679 2.5961401639506247 4.8179525281302658 1.2795215249061573 16.514616824220866 0.91800306458026171 66.38442599773407 180.81195726245642 8.1910812053829414 1.3054944863542903 9176.7310416325927 130.01627093926072 373.94617652706802 5.9617448328062883 2.696729937568306 2.1387482322752467 1.6761115696281184 2.4379640743136406 25.683267695829276 0.72446728311478814 6.0576327778398991 0.66622832883149374 0.72174660535529245 2.1559571390971533 4.058764401357621
leaf_count=1924 1138 36547 85557 24983 772 17383 38 36 12 365 24 1446 1802 178 27 125137 2070 6975 48 36 18 20 32 499 8 201 26 29 36 144
internal_value=-0.000115083 -0.000393524 0.000463622 -0.00149446 0.000735541 -0.00993221 -0.0162479 0.0621752 -0.000556657 0.0273539 -0.0174722 0.0163928 -0.0202674 0.0130534 0.132069 0.00108052 0.0155201 0.0243203 0.0592807 0.0130321 0.0504679 -0.0171705 0.167563 0.00243608 0.04927 0.171571 0.137347 0.278431 -0.00445247 0.18871
internal_weight=20436.5 20166.7 18105.2 12463 9857.76 2605.29 1556.67 23.9287 1048.62 21.3326 1532.74 116.867 1415.87 115.949 9.49658 9809.12 632.386 498.256 121.613 376.643 115.651 134.13 4.11408 106.452 40.0681 12.2288 11.5044 5.44674 27.8392 4.72499
internal_count=307511 305587 269040 183483 136246 47237 29842 439 17395 401 29403 2618 26785 2594 205 135474 10337 8215 1204 7011 1156 2122 52 2389 943 408 400 199 535 170
is_linear=0
shrinkage=0.1


Tree=92
num_leaves=31
num_cat=0
split_feature=107 193 68 1 118 129 203 11 155 264 89 91 15 14 219 68 199 220 14 15 12 92 191 144 145 28 122 197 142 28
split_gain=11.3864 14.7362 16.3488 12.3124 15.7128 14.1348 17.5875 14.6243 20.613 21.7908 18.4649 28.5151 52.7098 17.2994 15.6778 15.1751 14.1187 13.9654 13.9418 23.3601 13.8032 14.8395 21.759 16.5679 15.558 15.1486 24.3214 24.3008 15.0086 14.3475
threshold=0.34848484848484856 3461.1836959761554 -761.49999999999989 1.0000000180025095e-35 44939.681875000009 9.033333333333335 -667.49999999999989 0.017320500000000006 0.44097222222222227 -205.28999999999999 1.0792039825638995 0.11334427721657961 -1726.4999999999998 -2302.4999999999995 0.042705167173252283 -484.49999999999994 8074.170000000001 10.500000000000002 -14173.999999999998 -4061.4999999999995 12063.500000000002 0.18527892577449054 2.2510504201680677 0.2817460317460318 0.21980676328502416 0.6082353771868213 77141.250000000015 8062.8944163763081 0.86553672316384189 0.11753201838405787
decision_type=10 10 10 2 10 8 8 2 10 8 8 10 2 2 10 10 10 10 2 2 2 8 8 10 10 10 8 10 10 8
left_child=3 -2 -3 4 5 6 18 15 14 -10 11 13 -13 16 -9 -7 -11 -15 19 -1 21 28 -23 24 25 -24 27 -27 -5 -22
right_child=1 2 -4 20 -6 7 -8 8 9 10 -12 12 -14 17 -16 -17 -18 -19 -20 -21 29 22 23 -25 -26 26 -28 -29 -30 -31
leaf_value=-0.010595462916896876 -0.034182821915575465 -0.0036445764593021884 0.23282099716018079 -0.010468398689337631 -0.043625809277205455 -0.0082426473256234176 -0.011920461340036806 0.001550548588671558 0.41942830587156127 -0.042421056284636292 0.01195064542198452 0.10491365389937198 1.1123893060954042 0.022367729170296825 0.022880469531638366 0.0059142276296080369 0.29628177587477311 0.37466232983815306 0.0065775671603411565 0.51618342373715353 0.049888380860471829 0.099367670287235407 0.0013135757473629541 0.04563027264831962 -0.048555986479608661 0.02860177887483515 0.038521350879812073 0.57593875443117526 0.17913672662967831 0.0054299541968238427
leaf_weight=2.0317867333069448 158.49235302163288 8.6467613512650114 4.4175687199458471 1395.4134854692966 89.739408254623413 2808.6775467395782 2205.5537562929094 4887.3188203987665 1.6927624177187679 7.9369223350659013 33.450246365740895 1.4213725002482536 0.8182603120803823 1.7944929692894227 370.73271295009181 1036.6349531551823 1.456575298681855 3.0170839112251997 565.09390091896057 1.4373468821868289 73.588106885552406 23.824393749237061 1231.8421635543928 85.543444635346532 62.315710657276213 1.4305414492264419 14.604062582366167 1.8735241238027809 4.1873645223677149 5345.1086981147528
leaf_count=56 3499 140 49 14842 2664 45917 37481 84187 33 116 385 40 17 14 5596 14488 25 34 10119 32 465 200 12454 673 575 21 200 22 28 73139
internal_value=-0.000114131 -0.0257683 0.0763138 0.000103118 -0.00193811 -0.00162451 -0.00787778 0.000270346 0.00367163 0.0665755 0.0546045 0.141367 0.473 0.0890802 0.00305447 -0.00442618 0.0100989 0.243273 0.0078045 0.207662 0.00308054 -0.00259198 0.00460491 0.00298954 0.000209469 0.00264104 0.0939528 0.338962 -0.00990113 0.00603372
internal_weight=20430.1 171.557 13.0643 20258.5 12018.8 11929.1 2774.12 9154.95 5309.64 51.5877 49.895 16.4447 2.23963 14.2051 5258.05 3845.31 9.3935 4.81158 568.563 3.46913 8239.73 2821.03 1421.43 1397.61 1312.07 1249.75 17.9081 3.30407 1399.6 5418.7
internal_count=307511 3688 189 303823 201204 198540 47688 150852 90447 664 631 246 57 189 89783 60405 141 48 10207 88 102619 29015 14145 13945 13272 12697 243 43 14870 73604
is_linear=0
shrinkage=0.1


Tree=93
num_leaves=31
num_cat=0
split_feature=91 137 89 78 60 127 30 87 30 39 208 233 125 31 84 30 83 85 202 14 153 99 191 183 134 29 101 205 220 122
split_gain=11.1367 13.6601 15.1268 28.9172 20.712 20.0534 32.3523 22.6141 41.8798 15.196 12.2896 12.1854 24.1341 52.415 47.5828 20.0776 12.5043 11.3123 19.227 11.0873 16.607 15.0061 11.7364 11.2712 13.704 21.5731 21.6136 21.3825 22.5928 20.6473
threshold=0.28592620753705561 0.49137931034482768 1.0791986967227036 4.5000000000000009 0.030100000000000005 -2032.7083333333333 0.74010542076135766 0.031937081711533817 0.73732115863992098 0.13845000000000005 55.500000000000007 5097902097.9021006 0.020686655555266959 0.089800000000000005 0.18964999998419588 0.82302403713855776 6.27782407342821 6.3202325581395362 708377.49000000011 -13.499999999999998 0.11882352941176472 368.50000000000006 4.3460092539039916 0.11834733893557424 0.050800008103523073 0.7321923363498607 365613.75000000006 -5172.4999999999991 14.500000000000002 389234.25000000006
decision_type=10 10 8 10 10 10 10 10 10 10 10 10 8 8 10 10 2 2 10 2 10 10 8 10 8 10 10 10 8 10
left_child=19 11 3 5 -4 6 -3 8 -7 10 -9 -2 13 14 -13 17 -15 -14 -19 23 22 -22 -21 -1 25 27 -27 -25 -29 -30
right_child=1 2 4 -5 -6 7 -8 9 -10 -11 -12 12 15 16 -16 -17 -18 18 -20 20 21 -23 -24 24 -26 26 -28 28 29 -31
leaf_value=0.00095014364132430397 -0.039316890645805486 0.07888149377862938 -0.033227257128598503 1.0404603889777904 0.73748516397792874 0.020706505411556265 1.3023796977988047 -0.084974591158604784 1.2179768818860479 0.53780545269608737 0.57889429270667592 1.6902148438906517 -0.089772304294673089 -0.10211023211797449 0.16347802679443368 0.71323718974618255 0.46274339227984279 0.58242309202519138 -0.10194768341021261 0.13321001052787981 0.42840702537446873 0.014773431874201763 0.013923279429665803 -0.031205694498036285 -0.0065619645652522903 0.70252515281160133 0.0099467469371974284 0.056520511197085288 0.14745939145738396 0.61217267960275179
leaf_weight=17148.937079393771 171.88563114311546 0.55069665983319183 14.421890064142641 0.3499523904174574 0.35732843633741218 0.81742927199229665 0.35572782531380653 5.8668069466948509 0.45466151973232627 0.46774367801845063 0.29276793263852585 0.44617970474064206 7.8844859860837424 1.5002234596759083 0.37630515825003386 0.36778223048895675 0.53049710299819697 0.72856415994465329 0.94037857186049223 9.1839538998901826 1.9923156537115567 1.5668481802567837 80.933305958285928 23.089336690492928 2929.7226735949516 0.98749905638396629 0.82876541092991829 16.340834974776957 2.5916065443307152 1.5149681624025104
leaf_count=240593 10827 30 803 21 21 57 18 403 31 29 13 23 457 87 20 19 24 38 56 88 26 28 976 337 52196 23 17 200 28 22
internal_value=-0.000112989 -0.0231008 0.0479787 0.148982 -0.0145932 0.113553 0.559045 0.0624351 0.448626 -0.0116929 -0.0534205 -0.0323139 0.0619147 0.318222 0.991699 -0.0117959 0.0454498 -0.0397078 0.196809 0.000124187 0.0344475 0.246313 0.0260799 -3.55865e-05 -0.00571753 0.0488311 0.3865 0.0347443 0.109215 0.318898
internal_weight=20426.3 208.595 23.935 9.15579 14.7792 8.80583 0.906424 7.89941 1.27209 6.62732 6.15957 184.66 12.7744 2.85321 0.822485 9.92121 2.03072 9.55343 1.66894 20217.7 93.6764 3.55916 90.1173 20124 2975.08 45.353 1.81626 43.5367 20.4474 4.10657
internal_count=307511 12977 1426 602 824 581 48 533 88 445 416 11551 724 154 43 570 111 551 94 294534 1118 54 1064 293416 52823 627 40 587 250 50
is_linear=0
shrinkage=0.1


Tree=94
num_leaves=31
num_cat=0
split_feature=88 28 11 11 262 99 29 117 9 92 99 30 105 99 82 203 126 158 112 68 103 264 85 31 233 126 263 132 83 118
split_gain=11.0877 16.2719 10.8526 12.0775 18.5233 17.3643 16.2752 15.9611 16.4445 16.4649 23.2343 16.0941 15.7631 14.9242 17.7451 23.857 15.3469 14.7081 15.0493 14.4921 15.7351 14.6523 19.6209 14.4501 14.4095 18.341 14.1694 17.2139 23.7395 21.982
threshold=-0.63472329628623425 0.54225410836727594 0.041006000000000008 0.0113115 122495.98500000002 1231.5000000000002 0.10837819777473216 -623.49999999999989 2.5000000000000004 0.002853159721067814 1614.5000000000002 0.071772932460555119 0.24038461538461542 1336.5000000000002 34.021967662834705 -56.499999999999993 0.2541428145718021 0.69883720930232573 0.13484848484848486 -2453.4999999999995 0.39208074534161497 -3320.7974999999992 3.6993089169000939 0.033150000000000006 174042445054.9451 0.1000235112144587 1178347478.741751 0.067124462842550511 1.4285714284882844 11958.844500000003
decision_type=8 8 2 2 8 10 10 10 2 8 10 8 10 10 10 8 10 10 10 8 10 8 2 8 10 8 8 8 2 10
left_child=1 -1 3 4 12 6 -5 13 9 10 -9 -10 17 14 16 -16 -7 -2 -19 20 -11 22 -21 -8 -13 -26 -22 28 -28 -30
right_child=2 -3 -4 5 -6 7 23 8 11 19 -12 24 -14 -15 15 -17 -18 18 -20 21 26 -23 -24 -25 25 -27 27 -29 29 -31
leaf_value=0.21187458950697813 -0.011662049606965146 -0.07590261828221434 -0.010368721532607258 0.013758680527377075 -0.0013717626145482772 0.00061156784914849906 0.013107503580897415 0.57442613794475017 0.047051823583724839 -0.018028137255764617 0.04758217304737998 0.010818014837268386 0.2782594316472688 -0.017497178320569431 0.809795787134725 0.021594240587529734 0.34794836832675768 -0.052736370392042736 0.26033412043026255 -0.045127756660762887 -0.045791354909906962 -0.0064785291686290858 0.5061029204626708 -0.0032480766954836714 0.48516474089446016 0.03647472172649379 0.62275682532160204 0.068881784479875668 -0.068540847608987404 0.30253933710139735
leaf_weight=2.0968904136680058 381.7325983075425 31.199084317777306 966.37563575804234 730.05204981658608 6443.47369201947 9.0532272122800332 588.26594371674582 1.1706207203678776 129.56379381241277 23.000493194907904 2.9378292039036751 3038.5750872893259 1.7555365012958635 329.39373910427094 0.76326352916657925 0.77283377666026243 1.4800619641318906 140.82407102361321 1.5523586459457863 1.2843370940536263 6.3615885255858302 951.34424779564142 1.2986653614789245 6608.7100397315808 1.4491913393139833 2.4532230906188488 1.3605551524087767 19.701531087048355 2.5315953101962805 4.321229781024158
leaf_count=35 6475 959 21773 5254 88742 184 9532 25 667 573 57 36868 27 7251 21 25 32 2777 16 19 153 15409 22 110028 17 35 25 374 58 78
internal_value=-0.000119778 -0.0577792 -2.56296e-05 0.000488925 -0.00284455 0.00235408 -0.000468063 0.00729383 0.00898911 -0.00208759 0.197696 0.0125346 -0.0208908 -0.0134953 0.0957214 0.41324 0.0494168 -0.0218928 -0.0493229 -0.00289929 0.0459562 -0.00583274 0.232016 -0.00191121 0.0110646 0.203099 0.0888915 0.119585 0.241206 0.165454
internal_weight=20424.9 33.296 20391.6 19425.2 6969.34 12455.8 7927.03 4528.82 4187.35 1015.31 4.10845 3172.04 525.865 341.463 12.0694 1.5361 10.5333 524.109 142.376 1011.2 57.277 953.927 2.583 7196.98 3042.48 3.90241 34.2765 27.9149 8.21338 6.85283
internal_count=307511 994 306517 284744 98037 186707 124814 61893 54380 16793 82 37587 9295 7513 262 46 216 9268 2793 16711 1261 15450 41 119560 36920 52 688 535 161 136
is_linear=0
shrinkage=0.1


Tree=95
num_leaves=31
num_cat=0
split_feature=82 5 96 15 168 163 98 30 18 12 190 199 57 92 88 15 279 112 30 164 140 29 109 12 22 209 131 97 42 28
split_gain=10.941 14.1149 22.0477 12.3389 19.3851 10.4915 16.0199 15.6107 11.5365 13.7048 15.5461 24.0657 16.2254 19.3215 14.9423 14.9257 14.2753 14.1971 19.3229 15.5516 13.8305 13.7783 13.3392 14.0133 17.6525 14.8583 14.009 22.4014 17.2358 13.5506
threshold=37.907505667498356 2547099.0000000005 -945.58571428571418 -152.49999999999997 0.67424242424242431 0.25657894736842107 1483682.2214285717 0.09538156003579823 1.0000000180025095e-35 10542.500000000002 7.5000000000000009 11196.607500000002 0.056250000000000008 0.11681199421377644 -0.3133605669921638 -4255.4999999999991 10.500000000000002 0.11882352941176472 0.09538156003579823 0.063164893617021281 0.57417582417582425 0.60404998053435899 0.30151515151515157 17196.500000000004 2.5000000000000004 24.230147058823533 -17988.374999999996 -1058.4999999999998 0.042050000000000011 0.5921620689024033
decision_type=8 2 8 2 8 10 10 8 2 2 8 10 10 10 8 2 10 10 10 10 8 10 8 2 2 10 8 10 10 8
left_child=1 5 -3 -2 -5 8 7 -7 9 10 11 -1 13 -13 17 16 -16 -11 -19 20 -20 -21 23 -10 -25 26 27 -26 29 -29
right_child=3 2 -4 4 -6 6 -8 -9 22 14 -12 12 -14 -15 15 -17 -18 18 19 21 -22 -23 -24 24 25 -27 -28 28 -30 -31
leaf_value=0.0057547227445490113 -0.046111629002749933 -0.035659836226706654 0.54259714718495478 -0.10929192776659169 0.53878418127996763 0.17018565506688491 0.34119427901350147 -0.050956605138201508 0.0033033527495087266 -0.012790424499477657 -0.0088667298851717053 0.46805525410242482 -0.037264139214320986 0.13342152768647444 -0.0065499021653472808 0.0032164735882541811 0.01932003858687955 0.38075114599295989 0.029084882481653113 -0.10423797766620657 0.34769033533961063 0.17114074134917626 0.010074028996991604 -0.025022789803427332 0.35399739935723273 0.3352341642437735 -0.012342639018889686 0.16463833526017832 0.35981766682488536 -0.0034814085644138573
leaf_weight=23.085906959604472 69.165156940929592 1.4318726980127392 1.2221344984136515 0.91999534424394247 0.92621813528239738 3.3336404021829358 1.1088994462043036 75.18658754741773 1793.8439731169492 1035.34608372394 2455.4585618134588 2.9054719256237131 2.2750428710132837 4.2483960883691907 3000.6804799190722 8970.507881638594 229.62463727593422 1.890221389010551 2.9527895357459775 7.2106996607035381 2.5297935996204615 2.4289573486894369 2236.4767070151865 396.08825400145724 2.5379859656095496 1.5014474559575308 57.371454925742 5.9308082452043918 1.6565578747540701 25.017618750222027
leaf_count=201 1717 51 32 20 20 20 26 1354 24704 22783 26513 36 26 49 58139 133968 2516 13 24 65 26 29 26037 7733 35 17 961 63 18 315
internal_value=-0.000117327 1.94462e-05 0.23062 -0.0393012 0.215838 -1.06412e-05 -0.0362376 -0.0415678 0.000131733 -0.00114698 -0.0079571 0.0607361 0.195354 0.26933 0.000131464 0.0011176 -0.00471095 -0.0113015 0.0793086 0.0416295 0.176097 -0.0348493 0.00458449 -0.000790942 -0.0157766 0.0231776 0.0181131 0.0678327 0.0455575 0.0287363
internal_weight=20414.9 20343.9 2.65401 71.0114 1.84621 20341.2 79.6291 78.5202 20261.6 15741.1 2487.97 32.5148 9.42891 7.15387 13253.2 12200.8 3230.31 1052.36 17.0125 15.1222 5.48258 9.63966 4520.42 2283.95 490.104 94.0159 92.5144 35.143 32.605 30.9484
internal_count=307511 305754 83 1757 40 305671 1400 1374 304271 244388 26825 312 111 85 217563 194623 60655 22940 157 144 50 94 59883 33846 9142 1409 1392 431 396 378
is_linear=0
shrinkage=0.1


Tree=96
num_leaves=31
num_cat=0
split_feature=95 91 211 89 30 129 203 54 95 196 153 192 96 83 85 12 112 121 201 82 99 209 15 96 224 223 200 15 15 28
split_gain=10.3888 13.0256 12.7866 15.4063 15.275 17.5165 18.3235 18.7907 21.7685 39.6233 18.0863 25.8578 24.682 20.8513 22.6098 23.9187 17.6679 22.5666 15.6955 22.1762 17.986 15.5207 34.4328 43.297 15.201 16.0142 14.3803 15.8331 14.2177 20.2124
threshold=-0.16196744165627111 0.010034956541610095 0.022814018043025682 1.4091960784313728 0.60152194077739651 45.690476190476197 -23.499999999999996 0.032150000000000005 -0.11666477667378343 136984.32000000004 0.18898809523809526 45173.317500000012 -1449.138095238095 2.6335999998882724 3.3333888907408027 16585.500000000004 0.069047619047619066 163071.96428571432 30707.328800420171 14.887556717986962 -973.49999999999989 0.028708791208791214 -4192.4999999999991 -1359.7386363636363 -119.49999999999999 -9.5666666666666647 4864.6575000000012 -5381.4999999999991 -4234.4999999999991 0.18767199313407903
decision_type=8 8 10 8 10 10 10 10 8 8 10 8 10 2 2 2 8 10 10 8 10 10 2 8 8 10 10 2 2 8
left_child=1 -1 3 28 -4 6 10 16 9 -9 21 12 13 -12 -15 -16 18 -18 -8 -20 -21 22 23 -6 25 -22 -5 -28 29 -2
right_child=2 -3 4 26 5 -7 7 8 -10 -11 11 -13 -14 14 15 -17 17 -19 19 20 24 -23 -24 -25 -26 -27 27 -29 -30 -31
leaf_value=0.039528536094225311 0.034643009425861841 -0.011718153259998891 0.0036269489285434379 0.053176820067548869 1.0356156978748359 0.37018375188641889 0.025734053277820492 0.95928054217230341 0.12129258211772287 0.010243601627791152 -0.10620260268725189 0.79986482426635797 -0.024427062399317256 0.79008660769982875 0.59634852749405787 0.0062187597106930018 0.6105339186810993 0.028111820982102409 0.57313056126279027 0.44704434271248622 -0.0071412785575015823 0.0030467453772779094 0.0016273461713798725 0.018722411388694463 -0.082812253480843173 0.57755931037887409 0.18375697887562639 0.0071850945681897413 0.00029702418414068535 -0.008341176769964747
leaf_weight=51.964514791965485 113.06086790561676 1089.2251672148705 2500.5073847956955 80.989733124151826 0.87708466127514839 1.460947049781679 79.160592694766819 0.93820807617157664 6.9755665408447367 0.82834835629910242 1.1555696129798878 0.54927856847643752 6.9176853615790597 0.99024026747792993 1.1258307127282026 1.761318441480398 1.2494498025625937 1.4228390455245969 1.1746933646500082 1.2552949562668798 1.0143488291651008 287.72884964523837 3.5969613255001596 0.80116635002195813 3.9135293904691943 0.87034592777490605 5.1177671346813431 659.33352120779455 12128.261943749152 3374.7005956172943
leaf_count=297 949 18891 25563 770 31 31 1627 26 166 17 33 11 149 16 18 43 20 23 33 23 29 6239 100 21 102 14 58 6459 178302 67450
internal_value=-0.000113988 -0.00938462 0.000435093 -0.000650629 0.00654738 0.0245443 0.0232953 0.0607298 0.200703 0.514272 0.0111886 0.12899 0.0981548 0.266641 0.377758 0.236337 0.0471427 0.300428 0.0393974 0.170848 0.103851 0.0061631 0.17614 0.550169 0.0295512 0.262872 0.0133942 0.00854509 -0.00132107 -0.00694778
internal_weight=20408.9 1141.19 19267.7 16361.5 2906.28 405.768 404.307 98.8032 8.74212 1.76656 305.504 12.4999 11.9506 5.03296 3.87739 2.88715 90.0611 2.67229 87.3888 8.22821 7.05352 293.004 5.27521 1.67825 5.79822 1.88469 745.441 664.451 15616 3487.76
internal_count=307511 19188 288323 253988 34335 8772 8741 2080 209 43 6661 270 259 110 77 61 1871 43 1828 201 168 6391 152 52 145 43 7287 6517 246701 68399
is_linear=0
shrinkage=0.1


Tree=97
num_leaves=31
num_cat=0
split_feature=6 67 87 82 5 30 194 229 128 150 189 198 108 51 202 51 231 199 180 90 183 29 7 190 121 190 118 92 153 95
split_gain=10.3542 14.2414 15.7648 32.6511 83.4536 48.9588 34.7742 20.8337 17.1678 14.3725 16.2437 15.2339 31.4324 14.6854 21.3716 21.425 25.9936 15.6072 14.4803 14.265 14.4433 14.0996 34.9486 41.1265 13.4702 14.4023 24.6474 13.5642 13.5474 19.7142
threshold=28280.250000000004 1.0000000180025095e-35 0.030576033595358761 31.853248227737552 497634.75000000006 0.69485728618305265 -44982.719999999994 1370264.7375000003 -45.499999999999993 0.05634920634920635 54.500000000000007 5102508.3750000009 0.93541666666666679 0.21015000000000003 31030.897500000003 0.23500000000000001 65250.000000000007 11544.457500000002 0.15707236842105265 0.73101800305921183 0.27888888888888896 0.77519039668796907 225121.50000000003 30.500000000000004 230415.10714285719 144.50000000000003 14297.459250000002 0.25474326210615722 0.060661764705882359 -0.10569394115786357
decision_type=10 10 10 10 2 10 10 8 10 8 10 10 8 10 8 10 10 8 10 10 10 8 10 10 10 10 10 10 10 8
left_child=1 2 -1 8 -5 6 -6 -8 9 13 11 19 -13 -4 -15 16 18 -17 -16 20 -11 -10 23 -23 25 -3 27 -27 -26 -30
right_child=-2 24 3 4 5 -7 7 -9 21 10 -12 12 -14 14 15 17 -18 -19 -20 -21 -22 22 -24 -25 28 26 -28 -29 29 -31
leaf_value=-0.015984867531545703 0.0027450367855690041 0.011197370896510669 -0.015446338981220104 0.0091952035862362964 0.86478001709185348 1.0712347734181344 0.57903416489672399 0.099730712742300054 0.0092816990870985255 -0.0020700144437000648 0.0094050967714005181 0.012659358857057143 0.6034132370067431 0.60530454533778844 -0.013566200002813146 -0.029055371078937454 0.67120404929882083 0.32130177110179692 0.34954869923536103 -0.047248805477020699 -0.017987048835325033 0.050921481003156299 -0.064033145969455543 1.0012789623892102 -0.020664972510861083 -0.0022430984207650767 0.49631270090953966 0.3040986785001592 0.34112073479937965 0.028069073989201901
leaf_weight=870.6569509669207 7807.272144317627 1120.5130501734093 1181.7963927453384 23.603288105688993 0.92176219448447216 0.93589899968355883 1.1488651186227796 4.3053095769137135 1016.4302715612575 6334.8139754799195 1063.4372470788658 3.1403445303440085 1.2628653943538664 0.70039876829833048 3.0743473470211056 18.235432240180675 1.0244086710736153 1.3667552182450879 1.7085423152893779 75.346458629705012 626.46727346954867 0.91883981227874645 2.3076217155903578 0.90271404571831226 216.17824551835656 6.6580125428736192 1.5630607865750779 1.8461538795381782 2.3783198073506355 13.046879250556229
leaf_count=16359 121321 13510 22512 417 16 35 20 85 12963 88556 12411 50 29 14 74 412 21 36 31 3930 11600 23 79 28 2647 91 17 18 31 175
internal_value=-0.000116373 -0.00188984 -0.00306066 -0.00197491 0.100641 0.395837 0.296698 0.200691 -0.00228192 -0.0036313 -0.00211463 -0.00385451 0.182091 -0.0138074 0.060374 0.0453532 0.214058 -0.00462685 0.116146 -0.00397086 -0.00350244 0.0100309 0.194444 0.521894 0.00776638 0.0122672 0.131342 0.0642601 -0.0142045 0.0763366
internal_weight=20404 12596.7 11234.5 10363.8 30.9151 7.31184 6.37594 5.45417 10332.9 9312.37 8104.47 7041.03 4.40321 1207.91 26.1099 25.4095 5.8073 19.6022 4.78289 7036.63 6961.28 1020.56 4.12918 1.82155 1362.18 1130.58 10.0672 8.50417 231.603 15.4252
internal_count=307511 186190 169701 153342 573 156 121 105 152769 139676 116576 104165 79 23100 588 574 126 448 105 104086 100156 13093 130 51 16489 13636 126 109 2853 206
is_linear=0
shrinkage=0.1


Tree=98
num_leaves=31
num_cat=0
split_feature=10 10 28 93 203 133 279 87 94 205 268 124 158 240 51 14 90 25 148 85 101 90 44 189 137 117 167 212 33 282
split_gain=10.1841 14.7767 16.6008 17.004 15.8011 17.3231 17.3002 17.2325 23.3269 22.8218 16.9868 14.5677 17.1217 14.4244 15.7352 14.415 15.6712 14.3267 14.8151 13.9133 19.9662 14.7997 23.2906 15.2523 21.58 30.2571 14.3461 14.133 18.9688 16.2643
threshold=1.5000000000000002 1.0000000180025095e-35 0.07609358011555542 -0.1206870667267702 -16.499999999999996 0.058820655167143791 19.500000000000004 0.066815533786578327 8.4943728612994662e-05 -15837.499999999998 23652853344.026264 270002.25000000006 0.72902097902097907 1646301030.4374251 0.055550000000000009 -433.49999999999994 0.43759447177418193 1.0000000180025095e-35 0.50490196078431382 2.1053915789473687 418642.20000000007 0.6149919533292999 0.29435000000000006 214.50000000000003 0.12310606060606062 -231.49999999999997 0.14039408866995076 0.91693205944798317 0.99035000000000017 2.5000000000000004
decision_type=2 2 8 8 10 8 8 10 8 10 10 10 8 8 8 2 10 2 8 2 10 8 10 10 10 10 10 8 10 10
left_child=1 -1 3 -3 19 10 -7 -8 9 -9 -6 -5 -13 -12 -15 16 -2 -17 -19 -4 27 -22 23 -23 -25 26 -26 28 29 -21
right_child=15 2 4 11 5 6 7 8 -10 -11 13 12 -14 14 -16 17 -18 18 -20 20 21 22 -24 24 25 -27 -28 -29 -30 -31
leaf_value=0.0059519143574431194 -0.0025838993998487459 -0.017036441828022532 -0.011481837509324973 0.036333175847135142 0.020131347906828693 -0.0079885197513766045 0.0031236351877284023 -0.0050512446939688328 0.032820587803125439 0.4639784444713666 -0.13688840760004525 0.082939215103019381 0.28957237836439614 0.37630433689139514 0.10246528406381886 0.01765456893895222 0.0085242100912302915 0.32382221950644391 0.070644049867863504 0.00047141513340835336 0.0073896176804550103 -0.029123421563900187 0.51520739522894388 -0.010327035262088818 -0.1037298997491209 0.93788937661765104 0.4998037327026979 -0.010751354675592179 -0.040826892287098709 0.26348794434856554
leaf_weight=2263.0850839898922 2965.1131412237883 35.286818008869886 2332.6014553233981 41.788544181734324 278.78023078292608 915.43270081281662 509.48693844676018 1.7749585844576357 192.94236964173615 2.4965721610933533 2.2019326463341713 14.519634932279589 5.5400630682706824 2.346989640966064 19.808449758216739 346.48472642665729 2221.6607731133699 2.6215117541141835 19.53103245049715 2807.6191047690809 2168.3144843839109 184.4409039253369 0.80484170839190383 4.0676051471382371 0.97328394185751699 0.67124659661203612 0.66155372280627489 2941.325553746894 114.52601873874664 2.3530632462352505
leaf_count=29775 24253 223 39569 229 3292 12835 7223 30 2421 21 20 79 31 25 191 4550 52226 26 249 44701 26213 7403 34 122 35 21 21 49185 2478 30
internal_value=-0.000120259 -0.00148716 -0.00282534 0.0383553 -0.00314577 0.00518578 0.00108522 0.012839 0.0379379 0.269082 0.0271285 0.0699584 0.140007 0.107214 0.131474 0.00353206 0.00217406 0.0226393 0.100605 -0.00466499 -0.00273191 0.00503546 -0.0216035 -0.0238677 0.12822 0.372598 0.140496 -0.00585688 -0.00093424 0.000691664
internal_weight=20399.3 14843.9 12580.8 97.1351 12483.6 1925.27 1622.13 706.701 197.214 4.27153 303.138 61.8482 20.0597 24.3574 22.1554 5555.41 5186.77 368.637 22.1525 10558.4 8225.76 2359.93 191.619 190.815 6.37369 2.30608 1.63484 5865.82 2924.5 2809.97
internal_count=307511 226207 196432 562 195870 26058 22530 9695 2472 51 3528 339 110 236 216 81304 76479 4825 275 169812 130243 33849 7636 7602 199 77 56 96394 47209 44731
is_linear=0
shrinkage=0.1


Tree=99
num_leaves=31
num_cat=0
split_feature=107 294 99 121 68 207 29 16 163 197 226 102 92 99 166 128 204 28 97 36 181 16 194 216 136 148 14 14 126 31
split_gain=10.078 15.5954 20.1675 17.543 13.348 12.8906 12.4687 12.3444 18.1452 17.7862 15.8686 14.7988 17.5935 14.2948 15.1719 13.5266 25.3641 19.1047 16.8778 16.5653 16.3741 14.9151 14.3661 18.841 17.5447 16.8139 13.4435 13.3515 12.811 12.3475
threshold=0.067816091954023008 28.500000000000004 1569.5000000000002 101198.41071428572 -1721.4999999999998 12.500000000000002 0.010403997785698622 5.5000000000000009 0.13484848484848486 28316.180326704547 187548.66 3520345.5000000005 0.012409407019846618 30929.500000000004 0.78174603174603186 -279.49999999999994 -2061.0234862671655 0.34503469482194354 -2230.4999999999995 1.0000000180025095e-35 0.16064516129032261 7.5000000000000009 32124.600000000006 0.026402927849424888 1.0000000180025095e-35 0.77525252525252542 -11219.499999999998 -2878.4999999999995 0.21784356403692795 0.16510000000000002
decision_type=10 10 10 8 10 10 8 10 10 10 10 10 8 10 10 8 8 10 10 8 10 10 8 8 8 10 2 2 8 8
left_child=6 7 5 -4 -5 -3 -1 11 10 -10 15 -2 -13 14 -14 18 17 -17 20 22 21 -9 26 -24 25 -25 -18 -26 -29 -21
right_child=1 2 3 4 -6 -7 -8 8 9 -11 -12 12 13 -15 -16 16 19 -19 -20 29 -22 -23 23 24 27 -27 -28 28 -30 -31
leaf_value=0.024059721596970188 -0.02485123691186783 -0.089175993405892939 0.56623184538828464 -0.10739006102563618 0.2827404457596841 0.31769399809729953 0.00010878471596513227 0.59092032002016914 0.042758342354559317 0.61017031502495822 0.28983797936200195 0.37489375377821643 -0.011024303379820632 0.13051447255756946 0.29363173052449087 0.13943225801340767 0.38847147113949676 0.6085906297130812 -0.02320055952613961 -0.083289584781476994 -0.10861237241585329 0.13332056044273863 0.57104081677483298 0.51162453518771833 -0.056093222573275849 0.069978454061368475 0.012726253552673691 0.0048198559955538742 0.4160371676300666 0.0098700959838354876
leaf_weight=219.84664322109893 564.72236792277545 4.6797710740938765 1.3243154818192122 1.3612203132361171 2.4653482381254439 0.93412032723426808 19204.204640686512 1.1380335022695356 1.2826278656721108 0.97040065983310331 1.9091134849004436 1.4054711842909444 54.507589871063828 9.5384622663259488 1.6851692600175727 3.8974947957322001 0.99248458398505945 1.1166334422305224 170.41453950665891 16.895557545125484 1.4013606915250418 1.903974177315831 1.0215954706072778 1.898368404246866 5.0999489203095409 1.5790548771619795 23.453555112238977 1.5263414196670084 1.5042187981307504 90.089842760469764
leaf_count=1201 11083 97 23 32 28 15 287923 30 28 20 20 36 1015 145 32 68 19 27 3139 369 37 30 14 22 95 26 448 16 30 1443
internal_value=-0.000117072 -0.0100608 0.109634 0.252528 0.14396 -0.0214751 0.000379868 -0.0114031 0.00433387 0.287148 0.00237836 -0.0195745 0.0248109 0.0173254 -0.00188795 0.000684204 0.0228155 0.243913 -0.0181839 0.0151201 0.174219 0.304511 0.072723 0.159327 0.123092 0.311079 0.0279811 0.0426905 0.208928 -0.00484205
internal_weight=20394.8 970.719 10.7648 5.15088 3.82657 5.61389 19424.1 959.954 328.095 2.25303 325.842 631.859 67.1367 65.7312 56.1928 323.933 149.075 5.01413 174.858 144.061 4.44337 3.04201 37.0756 12.6295 11.6079 3.47742 24.446 8.13051 3.03056 106.985
internal_count=307511 18387 195 83 60 112 289124 18192 5881 48 5833 12311 1228 1192 1047 5813 2577 95 3236 2482 97 60 670 203 189 48 467 141 46 1812
is_linear=0
shrinkage=0.1


end of trees

feature_importances:
EXT_SOURCES_MEAN=100
DAYS_BIRTH=84
PREV_CNT_PAYMENT_MEAN=78
INS_365_DPD_SUM=73
INS_AMT_PAYMENT_SUM=70
EXT_SOURCE_3=67
CREDIT_ANNUITY_RATIO=67
CREDIT_TERM=67
AMT_ANNUITY=60
CREDIT_GOODS_RATIO=56
EXT_SOURCE_1=53
EXT_SOURCE_2=53
BURO_DAYS_CREDIT_ENDDATE_MAX=51
BURO_LAST_ACTIVE_DAYS_CREDIT_MAX=45
EXT_SOURCES_PROD=39
DAYS_EMPLOYED=38
DAYS_ID_PUBLISH=37
PREV_ASKED_AMT_ID_CURR_DIFF_MEAN=37
PREV_AMT_ANNUITY_MEAN=36
PREV_NAME_CONTRACT_STATUS_Refused_MEAN=36
BURO_DAYS_CREDIT_MAX=35
BURO_AMT_CREDIT_SUM_DEBT_MEAN=33
CODE_GENDER=31
EXT_SOURCES_STD=30
PREV_RATE_DOWN_PAYMENT_MAX=30
INS_AMT_INSTALMENT_MAX=29
AMT_GOODS_PRICE=28
BURO_DAYS_CREDIT_MEAN=28
INS_PAYMENT_DIFF_MEAN=28
DAYS_REGISTRATION=26
INS_DAYS_ENTRY_PAYMENT_SUM=26
NAME_EDUCATION_TYPE=25
BURO_CREDIT_TYPE_Microloan_MEAN=25
POS_MONTHS_BALANCE_SIZE=25
POS_SK_DPD_DEF_MEAN=25
CC_CNT_DRAWINGS_ATM_CURRENT_MEAN=25
OWN_CAR_AGE=24
INS_AMT_PAYMENT_MIN=24
INS_DAYS_ENTRY_PAYMENT_MAX=24
CAR_TO_BIRTH_RATIO=22
PREV_NAME_YIELD_GROUP_high_MEAN=22
INS_AMT_INSTALMENT_SUM=22
ANNUITY_INCOME_PERCENT=21
INS_DPD_SUM=21
NAME_FAMILY_STATUS=20
BURO_DAYS_CREDIT_VAR=20
INS_DBD_MAX=20
AMT_CREDIT=19
DAYS_EMPLOYED_PERCENT=19
EMPLOYED_TO_BIRTH_RATIO=19
INS_AMT_PAYMENT_MEAN=19
CC_CNT_DRAWINGS_CURRENT_MEAN=19
REGION_POPULATION_RELATIVE=18
BURO_AMT_CREDIT_SUM_DEBT_SUM=18
POS_NAME_CONTRACT_STATUS_Active_MEAN=18
POS_ACTIVE_COUNT=18
REGION_RATING_CLIENT_W_CITY=17
BURO_CREDIT_TYPE_Mortgage_MEAN=17
CC_CNT_DRAWINGS_CURRENT_MAX=17
DAYS_LAST_PHONE_CHANGE=16
ANNUITY_INCOME_RATIO=16
PHONE_TO_BIRTH_RATIO=16
PREV_DAYS_DECISION_MEAN=16
PREV_ANNUITY_CREDIT_RATIO_MEAN=16
DEF_30_CNT_SOCIAL_CIRCLE=15
BURO_CREDIT_ACTIVE_Closed_MEAN=15
PREV_PRODUCT_COMBINATION_Cash_X_Sell_low_MEAN=15
INS_DAYS_ENTRY_PAYMENT_MEAN=15
PREV_CNT_PAYMENT_SUM=14
PREV_ANNUITY_CREDIT_RATIO_MAX=14
INS_DPD_MAX=14
INS_COUNT=14
CC_CNT_DRAWINGS_ATM_CURRENT_VAR=14
YEARS_BEGINEXPLUATATION_MEDI=13
PREV_DAYS_DECISION_MAX=13
PREV_NAME_CONTRACT_STATUS_Approved_MEAN=13
PREV_NAME_YIELD_GROUP_low_action_MEAN=13
PREV_NAME_SELLER_INDUSTRY_Connectivity_MEAN=11
FLAG_WORK_PHONE=10
CREDIT_INCOME_RATIO=10
CREDIT_INCOME_PERCENT=10
BURO_AMT_CREDIT_SUM_DEBT_MAX=10
BURO_CREDIT_ACTIVE_Active_MEAN=10
PREV_NAME_PRODUCT_TYPE_walk_in_MEAN=10
INS_DBD_MEAN=10
INS_AMT_INSTALMENT_MEAN=10
INS_AMT_PAYMENT_MAX=10
POS_SK_DPD_DEF_MAX=10
NAME_INCOME_TYPE=9
APARTMENTS_AVG=9
FLAG_DOCUMENT_3=9
REG_CITY_NOT_LIVE_CITY=8
PREV_RATE_DOWN_PAYMENT_MEAN=8
PREV_NAME_CLIENT_TYPE_New_MEAN=8
PREV_NAME_PRODUCT_TYPE_XNA_MEAN=8
PREV_CHANNEL_TYPE_Channel_of_corporate_sales_MEAN=8
PREV_PRODUCT_COMBINATION_POS_industry_with_interest_MEAN=8
POS_NAME_CONTRACT_STATUS_Completed_MEAN=8
AMT_INCOME_TOTAL=7
LANDAREA_AVG=7
DEF_60_CNT_SOCIAL_CIRCLE=7
BURO_CREDIT_TYPE_Credit_card_MEAN=7
PREV_AMT_GOODS_PRICE_MAX=7
PREV_WEEKDAY_APPR_PROCESS_START_FRIDAY_MEAN=7
PREV_CODE_REJECT_REASON_HC_MEAN=7
INS_PAYMENT_DIFF_MAX=7
CC_AMT_CREDIT_LIMIT_ACTUAL_VAR=7
BASEMENTAREA_AVG=6
ELEVATORS_AVG=6
PREV_AMT_CREDIT_MEAN=6
PREV_AMT_GOODS_PRICE_MEAN=6
PREV_NAME_CONTRACT_TYPE_Revolving_loans_MEAN=6
PREV_WEEKDAY_APPR_PROCESS_START_MONDAY_MEAN=6
PREV_CODE_REJECT_REASON_XAP_MEAN=6
PREV_NAME_CLIENT_TYPE_Repeater_MEAN=6
PREV_CHANNEL_TYPE_AP_Cash_loan__MEAN=6
INS_PAYMENT_DIFF_SUM=6
POS_SK_DPD_MEAN=6
POS_NAME_CONTRACT_STATUS_Signed_MEAN=6
CC_AMT_CREDIT_LIMIT_ACTUAL_MEAN=6
CC_AMT_DRAWINGS_ATM_CURRENT_MEAN=6
CC_AMT_DRAWINGS_CURRENT_MEAN=6
YEARS_BEGINEXPLUATATION_AVG=5
OBS_30_CNT_SOCIAL_CIRCLE=5
BURO_CREDIT_ACTIVE_Sold_MEAN=5
BURO_CREDIT_TYPE_Car_loan_MEAN=5
PREV_AMT_CREDIT_MAX=5
PREV_NAME_GOODS_CATEGORY_XNA_MEAN=5
PREV_NAME_PORTFOLIO_Cards_MEAN=5
PREV_NAME_SELLER_INDUSTRY_Consumer_electronics_MEAN=5
PREV_PRODUCT_COMBINATION_Cash_Street_high_MEAN=5
PREV_PRODUCT_COMBINATION_POS_household_with_interest_MEAN=5
POS_NAME_CONTRACT_STATUS_Returned_to_the_store_MEAN=5
CC_AMT_BALANCE_MIN=5
CC_AMT_PAYMENT_CURRENT_MEAN=5
CC_AMT_PAYMENT_CURRENT_SUM=5
CC_AMT_RECEIVABLE_PRINCIPAL_MEAN=5
CC_SK_DPD_DEF_MEAN=5
COMMONAREA_AVG=4
NONLIVINGAREA_AVG=4
LIVINGAPARTMENTS_MODE=4
ENTRANCES_MEDI=4
PREV_DOWNPAYMENT_CREDIT_RATIO_MEAN=4
PREV_CODE_REJECT_REASON_SCO_MEAN=4
PREV_CHANNEL_TYPE_Country_wide_MEAN=4
CC_AMT_PAYMENT_CURRENT_MAX=4
CC_AMT_PAYMENT_TOTAL_CURRENT_VAR=4
CC_AMT_RECEIVABLE_PRINCIPAL_MIN=4
CC_AMT_RECIVABLE_MIN=4
CC_CNT_DRAWINGS_ATM_CURRENT_SUM=4
NAME_CONTRACT_TYPE=3
YEARS_BUILD_AVG=3
COMMONAREA_MODE=3
FLOORSMAX_MODE=3
LIVINGAREA_MODE=3
BASEMENTAREA_MEDI=3
LIVINGAPARTMENTS_MEDI=3
FLAG_DOCUMENT_18=3
BURO_CREDIT_TYPE_Consumer_credit_MEAN=3
PREV_AMT_APPLICATION_MEAN=3
PREV_WEEKDAY_APPR_PROCESS_START_WEDNESDAY_MEAN=3
PREV_NAME_CONTRACT_STATUS_Canceled_MEAN=3
PREV_NAME_GOODS_CATEGORY_Construction_Materials_MEAN=3
PREV_NAME_PORTFOLIO_XNA_MEAN=3
PREV_CHANNEL_TYPE_Credit_and_cash_offices_MEAN=3
PREV_NAME_YIELD_GROUP_XNA_MEAN=3
PREV_PRODUCT_COMBINATION_Card_X_Sell_MEAN=3
INS_PAYMENT_DIFF_VAR=3
POS_NAME_CONTRACT_STATUS_Demand_MEAN=3
CC_MONTHS_BALANCE_VAR=3
CC_AMT_BALANCE_MAX=3
CC_AMT_BALANCE_VAR=3
CC_AMT_DRAWINGS_CURRENT_VAR=3
CC_AMT_INST_MIN_REGULARITY_MEAN=3
CC_AMT_INST_MIN_REGULARITY_VAR=3
CC_AMT_PAYMENT_TOTAL_CURRENT_MEAN=3
CC_CNT_DRAWINGS_CURRENT_MIN=3
CC_CNT_DRAWINGS_POS_CURRENT_MAX=3
CC_CNT_DRAWINGS_POS_CURRENT_MEAN=3
CC_SK_DPD_MEAN=3
CC_SK_DPD_DEF_VAR=3
FLAG_PHONE=2
REGION_RATING_CLIENT=2
ENTRANCES_AVG=2
LIVINGAPARTMENTS_AVG=2
LIVINGAREA_AVG=2
ELEVATORS_MODE=2
NONLIVINGAPARTMENTS_MODE=2
NONLIVINGAREA_MODE=2
COMMONAREA_MEDI=2
LANDAREA_MEDI=2
NONLIVINGAPARTMENTS_MEDI=2
WALLSMATERIAL_MODE=2
OBS_60_CNT_SOCIAL_CIRCLE=2
PREV_WEEKDAY_APPR_PROCESS_START_THURSDAY_MEAN=2
PREV_CODE_REJECT_REASON_LIMIT_MEAN=2
PREV_NAME_PRODUCT_TYPE_x_sell_MEAN=2
PREV_CHANNEL_TYPE_Regional_Local_MEAN=2
PREV_CHANNEL_TYPE_Stone_MEAN=2
PREV_NAME_SELLER_INDUSTRY_Construction_MEAN=2
PREV_NAME_SELLER_INDUSTRY_XNA_MEAN=2
PREV_PRODUCT_COMBINATION_Cash_MEAN=2
PREV_PRODUCT_COMBINATION_Cash_X_Sell_middle_MEAN=2
PREV_LAST_NAME_CONTRACT_STATUS_Refused=2
PREV_LAST_PRODUCT_COMBINATION_Cash=2
CC_MONTHS_BALANCE_MEAN=2
CC_MONTHS_BALANCE_SUM=2
CC_AMT_BALANCE_MEAN=2
CC_AMT_BALANCE_SUM=2
CC_AMT_DRAWINGS_ATM_CURRENT_SUM=2
CC_AMT_DRAWINGS_CURRENT_SUM=2
CC_AMT_DRAWINGS_OTHER_CURRENT_MAX=2
CC_AMT_DRAWINGS_POS_CURRENT_MEAN=2
CC_AMT_DRAWINGS_POS_CURRENT_SUM=2
CC_AMT_RECEIVABLE_PRINCIPAL_MAX=2
CC_AMT_RECEIVABLE_PRINCIPAL_SUM=2
CC_AMT_RECEIVABLE_PRINCIPAL_VAR=2
CC_AMT_RECIVABLE_MEAN=2
CC_AMT_RECIVABLE_VAR=2
CC_AMT_TOTAL_RECEIVABLE_VAR=2
CC_CNT_DRAWINGS_POS_CURRENT_MIN=2
CC_SK_DPD_MAX=2
FLAG_OWN_CAR=1
CNT_CHILDREN=1
CNT_FAM_MEMBERS=1
REG_REGION_NOT_WORK_REGION=1
FLOORSMIN_AVG=1
YEARS_BUILD_MODE=1
FLOORSMIN_MEDI=1
LIVINGAREA_MEDI=1
FLAG_DOCUMENT_6=1
AMT_REQ_CREDIT_BUREAU_YEAR=1
BURO_CREDIT_TYPE_Another_type_of_loan_MEAN=1
BURO_CREDIT_TYPE_Loan_for_business_development_MEAN=1
PREV_AMT_APPLICATION_MAX=1
PREV_PRODUCT_COMBINATION_Card_Street_MEAN=1
PREV_PRODUCT_COMBINATION_POS_household_without_interest_MEAN=1
PREV_LAST_NAME_CONTRACT_STATUS_Approved=1
POS_NAME_CONTRACT_STATUS_Approved_MEAN=1
CC_MONTHS_BALANCE_MAX=1
CC_AMT_CREDIT_LIMIT_ACTUAL_MIN=1
CC_AMT_DRAWINGS_POS_CURRENT_MAX=1
CC_AMT_DRAWINGS_POS_CURRENT_VAR=1
CC_AMT_INST_MIN_REGULARITY_SUM=1
CC_AMT_PAYMENT_CURRENT_VAR=1
CC_AMT_PAYMENT_TOTAL_CURRENT_MAX=1
CC_AMT_PAYMENT_TOTAL_CURRENT_SUM=1
CC_AMT_RECIVABLE_MAX=1
CC_AMT_TOTAL_RECEIVABLE_MEAN=1
CC_AMT_TOTAL_RECEIVABLE_SUM=1
CC_CNT_DRAWINGS_ATM_CURRENT_MIN=1
CC_CNT_DRAWINGS_OTHER_CURRENT_MAX=1
CC_CNT_DRAWINGS_OTHER_CURRENT_MEAN=1
CC_CNT_DRAWINGS_POS_CURRENT_VAR=1
CC_CNT_INSTALMENT_MATURE_CUM_MEAN=1
CC_SK_DPD_SUM=1

parameters:
[boosting: gbdt]
[objective: binary]
[metric: auc,binary_logloss]
[tree_learner: serial]
[device_type: gpu]
[data_sample_strategy: bagging]
[data: ]
[valid: ]
[num_iterations: 100]
[learning_rate: 0.1]
[num_leaves: 31]
[num_threads: 4]
[seed: 0]
[deterministic: 0]
[force_col_wise: 1]
[force_row_wise: 0]
[histogram_pool_size: -1]
[max_depth: -1]
[min_data_in_leaf: 20]
[min_sum_hessian_in_leaf: 0.001]
[bagging_fraction: 1]
[pos_bagging_fraction: 1]
[neg_bagging_fraction: 1]
[bagging_freq: 0]
[bagging_seed: 3]
[bagging_by_query: 0]
[feature_fraction: 1]
[feature_fraction_bynode: 1]
[feature_fraction_seed: 2]
[extra_trees: 0]
[extra_seed: 6]
[early_stopping_round: 0]
[early_stopping_min_delta: 0]
[first_metric_only: 0]
[max_delta_step: 0]
[lambda_l1: 0]
[lambda_l2: 0]
[linear_lambda: 0]
[min_gain_to_split: 0]
[drop_rate: 0.1]
[max_drop: 50]
[skip_drop: 0.5]
[xgboost_dart_mode: 0]
[uniform_drop: 0]
[drop_seed: 4]
[top_rate: 0.2]
[other_rate: 0.1]
[min_data_per_group: 100]
[max_cat_threshold: 32]
[cat_l2: 10]
[cat_smooth: 10]
[max_cat_to_onehot: 4]
[top_k: 20]
[monotone_constraints: ]
[monotone_constraints_method: basic]
[monotone_penalty: 0]
[feature_contri: ]
[forcedsplits_filename: ]
[refit_decay_rate: 0.9]
[cegb_tradeoff: 1]
[cegb_penalty_split: 0]
[cegb_penalty_feature_lazy: ]
[cegb_penalty_feature_coupled: ]
[path_smooth: 0]
[interaction_constraints: ]
[verbosity: 1]
[saved_feature_importance_type: 0]
[use_quantized_grad: 0]
[num_grad_quant_bins: 4]
[quant_train_renew_leaf: 0]
[stochastic_rounding: 1]
[linear_tree: 0]
[max_bin: 255]
[max_bin_by_feature: ]
[min_data_in_bin: 3]
[bin_construct_sample_cnt: 200000]
[data_random_seed: 1]
[is_enable_sparse: 1]
[enable_bundle: 1]
[use_missing: 1]
[zero_as_missing: 0]
[feature_pre_filter: 1]
[pre_partition: 0]
[two_round: 0]
[header: 0]
[label_column: ]
[weight_column: ]
[group_column: ]
[ignore_column: ]
[categorical_feature: ]
[forcedbins_filename: ]
[precise_float_parser: 0]
[parser_config_file: ]
[objective_seed: 5]
[num_class: 1]
[is_unbalance: 0]
[scale_pos_weight: 1]
[sigmoid: 1]
[boost_from_average: 1]
[reg_sqrt: 0]
[alpha: 0.9]
[fair_c: 1]
[poisson_max_delta_step: 0.7]
[tweedie_variance_power: 1.5]
[lambdarank_truncation_level: 30]
[lambdarank_norm: 1]
[label_gain: ]
[lambdarank_position_bias_regularization: 0]
[eval_at: ]
[multi_error_top_k: 1]
[auc_mu_weights: ]
[num_machines: 1]
[local_listen_port: 12400]
[time_out: 120]
[machine_list_filename: ]
[machines: ]
[gpu_platform_id: -1]
[gpu_device_id: -1]
[gpu_use_dp: 0]
[num_gpu: 1]

end of parameters

pandas_categorical:[]
